order_id,customer_id,order_date
50001,693,2025-07-11
50002,534,2025-02-01
50003,998,2025-11-14
50004,772,2025-02-16
50005,17,2025-11-15
50006,379,2025-10-05
50007,290,2025-12-12
50008,588,2025-01-10
50009,266,2025-03-21
50010,967,2025-01-20
50011,300,2025-06-02
50012,522,2025-11-27
50013,123,2025-10-07
50014,910,2025-09-14
50015,912,2025-11-06
50016,794,2025-01-02
50017,352,2025-10-15
50018,59,2025-04-24
50019,711,2025-09-10
50020,430,2025-10-06
50021,991,2025-09-08
50022,699,2025-06-02
50023,539,2025-08-12
50024,987,2025-06-21
50025,801,2025-08-18
50026,459,2025-06-17
50027,19,2025-05-24
50028,93,2025-03-15
50029,444,2025-05-22
50030,563,2025-09-21
50031,31,2025-11-14
50032,127,2025-02-07
50033,705,2025-03-08
50034,752,2025-07-05
50035,30,2025-09-14
50036,508,2025-03-04
50037,81,2025-04-29
50038,724,2025-01-17
50039,835,2025-01-20
50040,870,2025-02-22
50041,599,2025-09-24
50042,629,2025-11-14
50043,927,2025-07-02
50044,613,2025-03-06
50045,447,2025-12-03
50046,755,2025-04-12
50047,591,2025-02-26
50048,843,2025-02-20
50049,525,2025-05-09
50050,870,2025-09-26
50051,45,2025-05-25
50052,37,2025-06-12
50053,100,2025-05-05
50054,557,2025-12-11
50055,709,2025-09-07
50056,217,2025-08-31
50057,156,2025-06-09
50058,861,2025-07-13
50059,751,2025-11-20
50060,649,2025-08-28
50061,489,2025-10-25
50062,421,2025-01-15
50063,21,2025-11-10
50064,189,2025-12-13
50065,897,2025-09-01
50066,340,2025-12-16
50067,705,2025-07-27
50068,704,2025-04-11
50069,310,2025-08-10
50070,205,2025-08-18
50071,692,2025-02-22
50072,94,2025-03-15
50073,495,2025-04-17
50074,889,2025-07-19
50075,712,2025-02-24
50076,765,2025-10-09
50077,84,2025-02-09
50078,200,2025-12-10
50079,276,2025-09-04
50080,293,2025-05-04
50081,195,2025-05-16
50082,973,2025-09-11
50083,165,2025-02-02
50084,709,2025-09-19
50085,587,2025-07-21
50086,611,2025-03-22
50087,215,2025-11-24
50088,308,2025-08-18
50089,607,2025-03-01
50090,300,2025-08-28
50091,695,2025-05-31
50092,40,2025-10-06
50093,73,2025-06-29
50094,729,2025-12-31
50095,617,2025-12-05
50096,44,2025-01-15
50097,900,2025-05-31
50098,5,2025-03-15
50099,956,2025-06-14
50100,730,2025-02-22
50101,989,2025-07-15
50102,949,2025-02-26
50103,314,2025-08-16
50104,757,2025-06-15
50105,211,2025-12-29
50106,472,2025-11-17
50107,241,2025-08-08
50108,487,2025-06-13
50109,873,2025-09-19
50110,437,2025-09-01
50111,93,2025-02-20
50112,325,2025-05-18
50113,787,2025-12-29
50114,522,2025-04-27
50115,561,2025-01-05
50116,432,2025-11-01
50117,293,2025-12-07
50118,599,2025-08-28
50119,634,2025-08-20
50120,899,2025-05-09
50121,618,2025-05-12
50122,996,2025-11-30
50123,827,2025-11-10
50124,79,2025-07-01
50125,393,2025-04-25
50126,385,2025-03-10
50127,4,2025-01-04
50128,181,2025-06-26
50129,763,2025-07-22
50130,353,2025-09-04
50131,148,2025-10-21
50132,288,2025-05-14
50133,275,2025-03-02
50134,175,2025-11-04
50135,102,2025-10-06
50136,765,2025-07-14
50137,825,2025-01-15
50138,497,2025-06-20
50139,616,2025-08-15
50140,920,2025-11-10
50141,843,2025-07-05
50142,33,2025-06-18
50143,953,2025-05-19
50144,67,2025-06-01
50145,27,2025-01-06
50146,404,2025-02-07
50147,746,2025-10-04
50148,81,2025-05-13
50149,293,2025-11-07
50150,263,2025-05-25
50151,398,2025-12-30
50152,987,2025-03-07
50153,332,2025-03-10
50154,209,2025-08-03
50155,123,2025-10-20
50156,199,2025-02-22
50157,134,2025-07-03
50158,574,2025-03-23
50159,421,2025-09-27
50160,498,2025-07-24
50161,833,2025-08-27
50162,581,2025-04-09
50163,156,2025-04-16
50164,377,2025-08-22
50165,313,2025-05-09
50166,827,2025-09-10
50167,308,2025-02-26
50168,139,2025-04-20
50169,737,2025-02-07
50170,429,2025-02-01
50171,96,2025-04-06
50172,690,2025-06-28
50173,211,2025-02-22
50174,869,2025-02-03
50175,833,2025-11-17
50176,370,2025-07-08
50177,556,2025-09-19
50178,568,2025-09-23
50179,654,2025-02-07
50180,70,2025-08-15
50181,325,2025-11-11
50182,171,2025-06-13
50183,698,2025-11-11
50184,70,2025-12-12
50185,517,2025-07-19
50186,728,2025-02-07
50187,949,2025-08-14
50188,289,2025-11-18
50189,8,2025-07-31
50190,724,2025-10-20
50191,2,2025-07-15
50192,67,2025-06-03
50193,991,2025-12-12
50194,863,2025-02-25
50195,708,2025-06-13
50196,836,2025-02-26
50197,76,2025-08-27
50198,89,2025-12-03
50199,301,2025-12-31
50200,24,2025-03-27
50201,889,2025-09-23
50202,57,2025-11-16
50203,545,2025-11-01
50204,854,2025-07-03
50205,735,2025-03-05
50206,235,2025-06-18
50207,471,2025-10-11
50208,549,2025-08-15
50209,768,2025-05-22
50210,427,2025-03-20
50211,286,2025-08-26
50212,796,2025-06-06
50213,887,2025-06-22
50214,489,2025-12-09
50215,29,2025-01-04
50216,501,2025-03-28
50217,890,2025-12-02
50218,990,2025-12-03
50219,402,2025-04-21
50220,151,2025-12-29
50221,573,2025-03-19
50222,831,2025-01-19
50223,946,2025-04-23
50224,52,2025-07-13
50225,291,2025-01-03
50226,478,2025-03-04
50227,99,2025-10-16
50228,887,2025-08-15
50229,113,2025-08-09
50230,666,2025-12-28
50231,919,2025-03-25
50232,686,2025-11-24
50233,764,2025-05-10
50234,264,2025-12-04
50235,828,2025-10-13
50236,419,2025-03-19
50237,62,2025-03-18
50238,367,2025-07-17
50239,350,2025-07-03
50240,522,2025-03-27
50241,265,2025-04-06
50242,463,2025-11-25
50243,428,2025-10-03
50244,327,2025-03-11
50245,697,2025-09-22
50246,306,2025-02-26
50247,766,2025-06-12
50248,251,2025-01-05
50249,865,2025-08-25
50250,366,2025-03-08
50251,41,2025-03-28
50252,150,2025-03-11
50253,807,2025-03-08
50254,873,2025-01-29
50255,212,2025-07-22
50256,603,2025-11-13
50257,575,2025-04-21
50258,134,2025-10-12
50259,452,2025-07-18
50260,694,2025-04-03
50261,968,2025-01-23
50262,848,2025-10-13
50263,98,2025-01-09
50264,238,2025-06-04
50265,437,2025-01-13
50266,151,2025-10-11
50267,571,2025-12-28
50268,9,2025-04-28
50269,114,2025-04-25
50270,48,2025-07-26
50271,296,2025-07-03
50272,763,2025-05-20
50273,178,2025-05-14
50274,988,2025-03-10
50275,270,2025-04-02
50276,45,2025-08-02
50277,336,2025-09-26
50278,749,2025-10-02
50279,107,2025-07-08
50280,72,2025-10-02
50281,850,2025-08-05
50282,593,2025-05-11
50283,344,2025-05-09
50284,757,2025-07-09
50285,845,2025-04-23
50286,360,2025-10-06
50287,562,2025-03-09
50288,11,2025-01-20
50289,307,2025-06-29
50290,596,2025-01-27
50291,198,2025-03-11
50292,992,2025-05-18
50293,972,2025-01-02
50294,258,2025-03-23
50295,397,2025-07-18
50296,190,2025-05-17
50297,504,2025-11-24
50298,124,2025-02-04
50299,391,2025-09-20
50300,556,2025-08-05
50301,612,2025-08-24
50302,597,2025-09-03
50303,222,2025-01-20
50304,793,2025-10-17
50305,692,2025-05-01
50306,754,2025-08-26
50307,468,2025-04-18
50308,893,2025-05-25
50309,390,2025-09-13
50310,806,2025-12-08
50311,204,2025-11-17
50312,248,2025-09-23
50313,527,2025-07-16
50314,556,2025-07-12
50315,747,2025-12-19
50316,298,2025-03-17
50317,873,2025-12-15
50318,330,2025-08-25
50319,535,2025-08-13
50320,932,2025-08-04
50321,540,2025-10-24
50322,682,2025-09-07
50323,909,2025-02-04
50324,975,2025-10-13
50325,500,2025-09-23
50326,417,2025-11-30
50327,197,2025-12-08
50328,538,2025-12-13
50329,919,2025-01-16
50330,488,2025-08-19
50331,349,2025-12-08
50332,108,2025-12-19
50333,390,2025-07-20
50334,237,2025-11-29
50335,977,2025-11-18
50336,528,2025-01-01
50337,137,2025-11-20
50338,68,2025-08-21
50339,851,2025-07-29
50340,932,2025-03-07
50341,764,2025-12-02
50342,124,2025-04-18
50343,99,2025-06-02
50344,198,2025-04-19
50345,752,2025-12-20
50346,766,2025-06-26
50347,838,2025-02-11
50348,97,2025-01-04
50349,154,2025-12-24
50350,901,2025-03-28
50351,929,2025-10-09
50352,726,2025-01-11
50353,107,2025-11-24
50354,69,2025-08-26
50355,56,2025-03-24
50356,692,2025-11-21
50357,846,2025-04-19
50358,632,2025-12-31
50359,263,2025-08-07
50360,758,2025-06-13
50361,60,2025-01-22
50362,829,2025-04-05
50363,892,2025-01-22
50364,719,2025-11-08
50365,880,2025-02-06
50366,587,2025-02-11
50367,469,2025-02-15
50368,323,2025-12-22
50369,922,2025-12-21
50370,698,2025-09-18
50371,191,2025-01-27
50372,957,2025-07-03
50373,60,2025-12-13
50374,588,2025-02-05
50375,191,2025-10-17
50376,665,2025-01-07
50377,413,2025-10-21
50378,438,2025-07-18
50379,672,2025-11-21
50380,757,2025-06-01
50381,381,2025-10-14
50382,998,2025-11-04
50383,499,2025-04-29
50384,161,2025-08-23
50385,7,2025-06-18
50386,203,2025-06-07
50387,692,2025-10-19
50388,540,2025-03-24
50389,338,2025-02-13
50390,482,2025-06-25
50391,839,2025-10-27
50392,572,2025-03-01
50393,59,2025-05-05
50394,50,2025-09-01
50395,483,2025-06-24
50396,405,2025-08-10
50397,851,2025-07-12
50398,583,2025-10-23
50399,757,2025-11-16
50400,586,2025-06-14
50401,346,2025-06-07
50402,658,2025-04-12
50403,622,2025-06-11
50404,721,2025-11-02
50405,190,2025-07-03
50406,642,2025-09-10
50407,286,2025-06-02
50408,791,2025-09-15
50409,799,2025-09-18
50410,625,2025-07-12
50411,947,2025-12-08
50412,538,2025-11-16
50413,26,2025-02-27
50414,607,2025-03-25
50415,778,2025-12-15
50416,102,2025-05-27
50417,105,2025-04-24
50418,274,2025-10-18
50419,845,2025-08-08
50420,528,2025-02-18
50421,977,2025-02-03
50422,873,2025-10-22
50423,555,2025-10-07
50424,680,2025-05-09
50425,332,2025-11-11
50426,91,2025-02-15
50427,399,2025-11-14
50428,593,2025-01-29
50429,183,2025-08-21
50430,222,2025-11-04
50431,15,2025-08-15
50432,735,2025-10-12
50433,900,2025-05-06
50434,828,2025-04-16
50435,380,2025-04-08
50436,594,2025-02-12
50437,961,2025-04-12
50438,592,2025-04-01
50439,296,2025-10-04
50440,339,2025-03-19
50441,728,2025-03-02
50442,447,2025-09-25
50443,838,2025-07-16
50444,865,2025-03-20
50445,36,2025-09-15
50446,724,2025-03-20
50447,370,2025-10-14
50448,520,2025-01-12
50449,265,2025-08-04
50450,369,2025-08-06
50451,331,2025-05-17
50452,51,2025-09-09
50453,783,2025-05-19
50454,144,2025-08-27
50455,376,2025-03-23
50456,194,2025-07-27
50457,161,2025-10-04
50458,374,2025-12-19
50459,919,2025-05-12
50460,945,2025-06-22
50461,382,2025-06-23
50462,506,2025-11-10
50463,986,2025-12-18
50464,235,2025-08-24
50465,945,2025-10-28
50466,106,2025-01-31
50467,226,2025-10-05
50468,339,2025-10-23
50469,38,2025-09-18
50470,816,2025-08-02
50471,856,2025-11-25
50472,384,2025-08-27
50473,837,2025-11-05
50474,773,2025-03-07
50475,802,2025-08-31
50476,803,2025-06-09
50477,574,2025-11-13
50478,111,2025-11-18
50479,924,2025-11-05
50480,609,2025-03-20
50481,902,2025-06-29
50482,960,2025-01-01
50483,188,2025-12-24
50484,403,2025-04-04
50485,193,2025-08-16
50486,51,2025-06-27
50487,967,2025-11-27
50488,924,2025-10-27
50489,932,2025-10-11
50490,884,2025-08-23
50491,649,2025-02-13
50492,523,2025-12-02
50493,992,2025-01-23
50494,553,2025-06-16
50495,643,2025-05-19
50496,212,2025-05-23
50497,747,2025-12-23
50498,820,2025-03-26
50499,679,2025-07-31
50500,499,2025-03-21
50501,198,2025-11-29
50502,34,2025-09-26
50503,628,2025-06-01
50504,684,2025-01-30
50505,773,2025-02-25
50506,951,2025-03-30
50507,498,2025-05-29
50508,830,2025-11-20
50509,717,2025-02-13
50510,278,2025-07-30
50511,846,2025-05-07
50512,54,2025-01-18
50513,599,2025-08-15
50514,941,2025-09-15
50515,659,2025-12-17
50516,938,2025-07-04
50517,57,2025-04-29
50518,533,2025-11-08
50519,781,2025-04-01
50520,643,2025-09-07
50521,881,2025-12-11
50522,463,2025-01-02
50523,683,2025-12-04
50524,420,2025-03-17
50525,873,2025-06-25
50526,120,2025-04-05
50527,255,2025-02-22
50528,97,2025-09-14
50529,703,2025-06-25
50530,233,2025-07-05
50531,318,2025-06-26
50532,837,2025-09-30
50533,361,2025-12-19
50534,146,2025-07-07
50535,21,2025-02-26
50536,227,2025-04-30
50537,915,2025-07-01
50538,549,2025-02-07
50539,995,2025-03-25
50540,216,2025-03-15
50541,352,2025-12-22
50542,164,2025-05-27
50543,399,2025-11-17
50544,564,2025-07-21
50545,809,2025-07-04
50546,369,2025-12-09
50547,772,2025-09-10
50548,627,2025-03-29
50549,292,2025-04-13
50550,913,2025-09-01
50551,435,2025-01-01
50552,151,2025-02-25
50553,963,2025-01-28
50554,914,2025-09-18
50555,50,2025-06-11
50556,903,2025-01-05
50557,948,2025-09-28
50558,830,2025-08-28
50559,255,2025-09-20
50560,632,2025-03-01
50561,539,2025-11-16
50562,621,2025-03-07
50563,617,2025-07-28
50564,640,2025-07-24
50565,515,2025-03-21
50566,691,2025-05-18
50567,527,2025-01-20
50568,17,2025-06-22
50569,36,2025-09-05
50570,959,2025-04-23
50571,910,2025-07-16
50572,586,2025-12-15
50573,175,2025-03-27
50574,782,2025-04-17
50575,144,2025-02-13
50576,378,2025-07-17
50577,330,2025-03-16
50578,13,2025-11-08
50579,808,2025-04-17
50580,510,2025-08-31
50581,317,2025-03-11
50582,508,2025-04-28
50583,1,2025-03-04
50584,437,2025-07-21
50585,520,2025-01-11
50586,340,2025-01-31
50587,831,2025-07-03
50588,250,2025-07-19
50589,138,2025-05-01
50590,528,2025-06-07
50591,888,2025-06-02
50592,376,2025-10-04
50593,47,2025-06-12
50594,970,2025-11-06
50595,445,2025-03-21
50596,173,2025-03-14
50597,616,2025-05-28
50598,320,2025-01-30
50599,938,2025-09-02
50600,294,2025-05-23
50601,551,2025-05-14
50602,544,2025-07-14
50603,243,2025-01-30
50604,500,2025-05-18
50605,110,2025-12-21
50606,644,2025-08-18
50607,759,2025-07-29
50608,951,2025-07-04
50609,326,2025-06-21
50610,286,2025-12-08
50611,549,2025-12-06
50612,693,2025-05-30
50613,993,2025-12-04
50614,26,2025-01-31
50615,239,2025-04-27
50616,263,2025-04-21
50617,256,2025-09-12
50618,464,2025-08-10
50619,873,2025-06-22
50620,31,2025-04-04
50621,816,2025-07-05
50622,618,2025-04-09
50623,616,2025-07-01
50624,679,2025-05-04
50625,116,2025-11-21
50626,747,2025-09-30
50627,249,2025-03-05
50628,517,2025-12-10
50629,677,2025-08-29
50630,604,2025-05-08
50631,324,2025-07-13
50632,397,2025-03-13
50633,477,2025-01-18
50634,42,2025-06-03
50635,727,2025-10-13
50636,100,2025-05-09
50637,459,2025-05-21
50638,655,2025-12-28
50639,81,2025-12-27
50640,996,2025-06-19
50641,378,2025-01-17
50642,16,2025-09-05
50643,659,2025-09-18
50644,558,2025-11-30
50645,641,2025-12-13
50646,752,2025-08-18
50647,476,2025-02-09
50648,827,2025-04-02
50649,371,2025-09-19
50650,546,2025-08-10
50651,159,2025-06-09
50652,620,2025-05-27
50653,262,2025-09-16
50654,697,2025-06-04
50655,802,2025-02-26
50656,859,2025-12-24
50657,930,2025-05-08
50658,123,2025-04-12
50659,138,2025-01-26
50660,927,2025-06-21
50661,381,2025-12-26
50662,27,2025-02-28
50663,287,2025-03-31
50664,837,2025-03-07
50665,355,2025-02-04
50666,77,2025-08-09
50667,723,2025-04-19
50668,195,2025-10-02
50669,353,2025-05-27
50670,4,2025-08-21
50671,602,2025-02-02
50672,446,2025-05-01
50673,868,2025-06-01
50674,335,2025-01-22
50675,205,2025-06-03
50676,166,2025-06-21
50677,201,2025-05-28
50678,452,2025-07-04
50679,88,2025-10-18
50680,403,2025-10-09
50681,855,2025-01-06
50682,768,2025-08-22
50683,638,2025-11-26
50684,894,2025-11-15
50685,781,2025-04-29
50686,653,2025-10-13
50687,864,2025-10-20
50688,125,2025-05-14
50689,819,2025-11-14
50690,296,2025-08-19
50691,734,2025-10-02
50692,914,2025-09-30
50693,497,2025-10-13
50694,89,2025-12-16
50695,371,2025-11-09
50696,407,2025-06-04
50697,937,2025-07-25
50698,943,2025-08-25
50699,569,2025-11-09
50700,951,2025-05-24
50701,437,2025-04-25
50702,412,2025-09-27
50703,837,2025-12-15
50704,668,2025-11-29
50705,523,2025-02-24
50706,457,2025-12-02
50707,706,2025-10-16
50708,754,2025-02-27
50709,491,2025-01-03
50710,32,2025-03-16
50711,102,2025-12-06
50712,145,2025-10-03
50713,463,2025-07-29
50714,615,2025-08-19
50715,804,2025-05-31
50716,233,2025-11-27
50717,787,2025-02-27
50718,667,2025-04-25
50719,52,2025-03-15
50720,352,2025-11-06
50721,303,2025-07-17
50722,887,2025-09-07
50723,922,2025-12-02
50724,820,2025-03-13
50725,529,2025-12-19
50726,493,2025-02-16
50727,312,2025-10-03
50728,773,2025-09-14
50729,87,2025-10-29
50730,272,2025-02-27
50731,136,2025-12-17
50732,495,2025-10-17
50733,300,2025-02-10
50734,198,2025-07-23
50735,377,2025-10-26
50736,861,2025-06-24
50737,559,2025-05-20
50738,824,2025-04-11
50739,914,2025-07-08
50740,903,2025-12-26
50741,352,2025-08-10
50742,878,2025-09-21
50743,910,2025-10-12
50744,960,2025-10-11
50745,352,2025-05-27
50746,229,2025-10-08
50747,585,2025-04-30
50748,932,2025-08-02
50749,901,2025-04-21
50750,572,2025-12-09
50751,150,2025-09-24
50752,423,2025-08-02
50753,715,2025-06-14
50754,561,2025-07-09
50755,346,2025-10-12
50756,343,2025-04-10
50757,60,2025-10-30
50758,289,2025-04-13
50759,670,2025-02-21
50760,242,2025-09-26
50761,994,2025-09-16
50762,83,2025-05-03
50763,589,2025-08-25
50764,497,2025-09-23
50765,834,2025-10-15
50766,888,2025-12-14
50767,544,2025-11-08
50768,631,2025-06-10
50769,699,2025-03-26
50770,521,2025-02-05
50771,185,2025-07-29
50772,429,2025-09-01
50773,242,2025-09-10
50774,465,2025-01-04
50775,616,2025-09-13
50776,210,2025-10-15
50777,250,2025-09-21
50778,823,2025-07-11
50779,378,2025-01-06
50780,199,2025-06-28
50781,714,2025-08-24
50782,717,2025-07-27
50783,827,2025-07-29
50784,760,2025-07-08
50785,992,2025-07-21
50786,575,2025-04-29
50787,287,2025-08-09
50788,863,2025-04-13
50789,265,2025-06-29
50790,292,2025-06-01
50791,829,2025-09-18
50792,882,2025-11-23
50793,340,2025-08-20
50794,730,2025-02-19
50795,923,2025-09-01
50796,799,2025-04-29
50797,5,2025-01-19
50798,665,2025-03-12
50799,170,2025-12-31
50800,847,2025-06-05
50801,68,2025-03-15
50802,994,2025-02-18
50803,178,2025-08-26
50804,421,2025-10-05
50805,235,2025-05-09
50806,814,2025-02-07
50807,394,2025-05-10
50808,745,2025-08-31
50809,68,2025-02-11
50810,453,2025-04-08
50811,912,2025-01-01
50812,927,2025-06-22
50813,209,2025-03-04
50814,395,2025-03-14
50815,410,2025-02-11
50816,566,2025-09-24
50817,538,2025-06-28
50818,106,2025-12-13
50819,763,2025-05-25
50820,226,2025-03-22
50821,315,2025-03-16
50822,841,2025-12-14
50823,690,2025-08-04
50824,397,2025-04-29
50825,913,2025-08-27
50826,395,2025-07-23
50827,566,2025-02-11
50828,246,2025-09-14
50829,184,2025-02-13
50830,492,2025-03-14
50831,564,2025-09-18
50832,806,2025-06-12
50833,391,2025-03-23
50834,896,2025-01-25
50835,608,2025-08-05
50836,71,2025-09-12
50837,740,2025-03-16
50838,575,2025-06-02
50839,390,2025-05-06
50840,468,2025-11-22
50841,302,2025-10-16
50842,615,2025-04-11
50843,567,2025-07-07
50844,448,2025-12-04
50845,286,2025-05-07
50846,399,2025-02-21
50847,498,2025-04-19
50848,472,2025-08-10
50849,310,2025-12-29
50850,582,2025-04-23
50851,227,2025-01-22
50852,501,2025-03-08
50853,122,2025-05-31
50854,473,2025-02-04
50855,784,2025-01-13
50856,818,2025-08-28
50857,695,2025-10-28
50858,746,2025-03-27
50859,66,2025-07-10
50860,342,2025-07-29
50861,655,2025-09-01
50862,801,2025-12-24
50863,583,2025-11-20
50864,854,2025-04-26
50865,274,2025-12-23
50866,154,2025-01-13
50867,87,2025-12-18
50868,583,2025-02-22
50869,666,2025-02-11
50870,286,2025-02-13
50871,784,2025-02-14
50872,740,2025-06-19
50873,361,2025-08-22
50874,239,2025-09-29
50875,743,2025-01-06
50876,672,2025-04-19
50877,171,2025-02-18
50878,256,2025-02-23
50879,486,2025-09-30
50880,512,2025-08-22
50881,166,2025-03-18
50882,949,2025-04-20
50883,389,2025-12-04
50884,382,2025-07-29
50885,61,2025-03-29
50886,876,2025-12-07
50887,236,2025-03-14
50888,987,2025-04-17
50889,497,2025-09-10
50890,875,2025-07-07
50891,180,2025-01-26
50892,166,2025-10-22
50893,802,2025-03-25
50894,820,2025-09-10
50895,544,2025-05-03
50896,33,2025-10-02
50897,944,2025-11-24
50898,394,2025-10-09
50899,936,2025-12-03
50900,871,2025-07-17
50901,852,2025-01-24
50902,689,2025-07-15
50903,674,2025-06-18
50904,533,2025-09-20
50905,25,2025-04-01
50906,388,2025-09-12
50907,731,2025-06-11
50908,813,2025-09-02
50909,560,2025-06-03
50910,710,2025-05-20
50911,22,2025-03-20
50912,469,2025-10-30
50913,508,2025-01-26
50914,893,2025-03-28
50915,312,2025-06-05
50916,230,2025-02-26
50917,353,2025-12-01
50918,171,2025-05-06
50919,559,2025-03-30
50920,643,2025-04-03
50921,802,2025-03-11
50922,972,2025-08-31
50923,74,2025-06-25
50924,248,2025-03-26
50925,301,2025-11-15
50926,250,2025-08-28
50927,828,2025-05-28
50928,140,2025-07-07
50929,30,2025-08-28
50930,861,2025-02-25
50931,962,2025-10-23
50932,227,2025-04-05
50933,333,2025-01-11
50934,504,2025-07-10
50935,526,2025-11-16
50936,991,2025-09-25
50937,405,2025-04-23
50938,13,2025-05-26
50939,423,2025-08-06
50940,557,2025-03-26
50941,517,2025-10-27
50942,513,2025-04-18
50943,923,2025-03-21
50944,808,2025-02-04
50945,252,2025-09-11
50946,356,2025-01-10
50947,668,2025-10-21
50948,411,2025-12-22
50949,429,2025-02-10
50950,168,2025-02-05
50951,255,2025-12-08
50952,741,2025-02-15
50953,843,2025-05-29
50954,785,2025-11-14
50955,308,2025-02-20
50956,137,2025-08-31
50957,160,2025-05-20
50958,394,2025-06-09
50959,518,2025-12-06
50960,893,2025-08-25
50961,899,2025-04-27
50962,3,2025-12-08
50963,708,2025-07-31
50964,299,2025-02-06
50965,198,2025-05-24
50966,556,2025-03-30
50967,34,2025-08-23
50968,335,2025-11-11
50969,553,2025-01-15
50970,273,2025-10-12
50971,594,2025-12-01
50972,461,2025-12-29
50973,800,2025-08-30
50974,182,2025-04-25
50975,58,2025-02-23
50976,530,2025-12-11
50977,257,2025-05-31
50978,707,2025-05-06
50979,94,2025-09-25
50980,576,2025-09-19
50981,990,2025-10-23
50982,94,2025-11-19
50983,302,2025-11-17
50984,845,2025-03-04
50985,534,2025-03-03
50986,175,2025-03-17
50987,214,2025-08-17
50988,765,2025-08-01
50989,861,2025-11-09
50990,361,2025-11-04
50991,474,2025-10-24
50992,783,2025-01-29
50993,177,2025-09-11
50994,207,2025-11-07
50995,775,2025-12-25
50996,187,2025-05-06
50997,771,2025-10-11
50998,498,2025-05-29
50999,991,2025-02-28
51000,33,2025-05-05
51001,946,2025-04-02
51002,226,2025-11-29
51003,36,2025-03-06
51004,725,2025-02-17
51005,533,2025-07-31
51006,838,2025-07-29
51007,109,2025-07-24
51008,81,2025-02-24
51009,568,2025-07-01
51010,883,2025-12-05
51011,406,2025-02-02
51012,798,2025-10-19
51013,907,2025-02-15
51014,870,2025-03-27
51015,509,2025-11-24
51016,699,2025-04-19
51017,526,2025-07-10
51018,675,2025-05-20
51019,568,2025-08-13
51020,526,2025-05-28
51021,437,2025-06-11
51022,653,2025-10-26
51023,752,2025-07-22
51024,920,2025-07-26
51025,614,2025-10-22
51026,101,2025-06-06
51027,588,2025-10-28
51028,316,2025-09-20
51029,27,2025-11-19
51030,73,2025-06-17
51031,592,2025-07-23
51032,945,2025-02-16
51033,506,2025-02-10
51034,446,2025-02-09
51035,89,2025-08-20
51036,676,2025-04-29
51037,56,2025-04-16
51038,842,2025-08-09
51039,817,2025-05-26
51040,992,2025-02-19
51041,285,2025-07-23
51042,162,2025-07-20
51043,300,2025-02-20
51044,800,2025-04-09
51045,219,2025-03-28
51046,888,2025-09-11
51047,155,2025-04-01
51048,49,2025-01-11
51049,220,2025-04-08
51050,755,2025-06-21
51051,603,2025-10-08
51052,355,2025-01-20
51053,657,2025-11-18
51054,649,2025-05-01
51055,555,2025-05-06
51056,515,2025-01-06
51057,102,2025-04-11
51058,260,2025-06-21
51059,528,2025-08-17
51060,136,2025-10-07
51061,476,2025-07-10
51062,117,2025-02-06
51063,788,2025-05-23
51064,104,2025-09-26
51065,93,2025-08-22
51066,638,2025-08-02
51067,221,2025-07-05
51068,352,2025-07-04
51069,315,2025-12-29
51070,217,2025-08-07
51071,762,2025-08-06
51072,692,2025-05-03
51073,239,2025-06-28
51074,687,2025-09-17
51075,714,2025-11-10
51076,540,2025-10-12
51077,579,2025-08-30
51078,935,2025-10-12
51079,454,2025-01-13
51080,386,2025-04-09
51081,540,2025-03-30
51082,836,2025-08-27
51083,710,2025-10-02
51084,76,2025-02-24
51085,460,2025-03-12
51086,740,2025-06-30
51087,224,2025-12-20
51088,989,2025-01-01
51089,809,2025-11-18
51090,847,2025-03-12
51091,82,2025-04-09
51092,580,2025-08-19
51093,528,2025-09-24
51094,627,2025-11-16
51095,851,2025-01-03
51096,354,2025-01-18
51097,534,2025-06-24
51098,680,2025-07-23
51099,754,2025-04-06
51100,771,2025-08-21
51101,337,2025-04-07
51102,999,2025-12-07
51103,10,2025-03-06
51104,493,2025-08-28
51105,609,2025-07-13
51106,62,2025-02-07
51107,452,2025-08-09
51108,596,2025-02-23
51109,608,2025-07-16
51110,120,2025-08-21
51111,278,2025-01-27
51112,245,2025-03-20
51113,640,2025-04-18
51114,329,2025-12-05
51115,572,2025-03-22
51116,732,2025-12-03
51117,798,2025-07-14
51118,184,2025-12-13
51119,904,2025-10-31
51120,166,2025-04-17
51121,22,2025-07-24
51122,45,2025-09-19
51123,202,2025-01-29
51124,874,2025-08-31
51125,208,2025-06-17
51126,694,2025-01-13
51127,419,2025-11-13
51128,40,2025-04-07
51129,445,2025-11-16
51130,29,2025-03-17
51131,477,2025-07-17
51132,559,2025-05-16
51133,522,2025-11-22
51134,283,2025-12-14
51135,767,2025-10-09
51136,597,2025-11-05
51137,255,2025-10-08
51138,435,2025-04-18
51139,109,2025-12-02
51140,924,2025-07-13
51141,754,2025-05-06
51142,288,2025-03-12
51143,675,2025-09-17
51144,680,2025-04-12
51145,610,2025-08-27
51146,55,2025-01-24
51147,879,2025-08-20
51148,956,2025-08-23
51149,975,2025-07-11
51150,981,2025-08-28
51151,929,2025-12-29
51152,740,2025-11-03
51153,57,2025-06-10
51154,466,2025-11-15
51155,246,2025-12-15
51156,220,2025-02-28
51157,831,2025-05-12
51158,813,2025-09-29
51159,523,2025-07-07
51160,737,2025-02-19
51161,130,2025-06-22
51162,222,2025-05-17
51163,861,2025-09-27
51164,452,2025-07-08
51165,547,2025-02-21
51166,463,2025-01-19
51167,203,2025-04-15
51168,827,2025-02-27
51169,759,2025-11-16
51170,684,2025-04-09
51171,354,2025-08-20
51172,644,2025-02-16
51173,954,2025-06-11
51174,650,2025-12-07
51175,495,2025-08-23
51176,271,2025-04-16
51177,523,2025-09-30
51178,372,2025-07-02
51179,612,2025-03-27
51180,46,2025-12-30
51181,191,2025-12-09
51182,787,2025-07-26
51183,381,2025-01-13
51184,433,2025-05-31
51185,544,2025-07-07
51186,439,2025-12-06
51187,759,2025-09-25
51188,246,2025-03-23
51189,759,2025-07-06
51190,210,2025-03-07
51191,371,2025-06-22
51192,588,2025-07-15
51193,886,2025-07-06
51194,233,2025-06-05
51195,588,2025-06-09
51196,65,2025-10-18
51197,76,2025-07-04
51198,768,2025-01-16
51199,719,2025-09-28
51200,377,2025-08-14
51201,623,2025-09-11
51202,381,2025-09-17
51203,278,2025-03-05
51204,432,2025-12-21
51205,312,2025-12-28
51206,816,2025-02-23
51207,412,2025-03-21
51208,321,2025-03-31
51209,537,2025-12-19
51210,759,2025-12-07
51211,274,2025-04-07
51212,940,2025-08-19
51213,464,2025-03-30
51214,661,2025-01-14
51215,958,2025-03-26
51216,432,2025-01-29
51217,200,2025-11-06
51218,748,2025-10-14
51219,7,2025-03-09
51220,458,2025-07-27
51221,980,2025-03-16
51222,415,2025-07-26
51223,685,2025-11-24
51224,526,2025-11-18
51225,215,2025-11-01
51226,318,2025-03-30
51227,524,2025-03-11
51228,105,2025-02-28
51229,415,2025-02-16
51230,415,2025-08-13
51231,835,2025-08-29
51232,124,2025-11-19
51233,843,2025-02-02
51234,411,2025-04-07
51235,652,2025-09-23
51236,557,2025-09-06
51237,300,2025-06-06
51238,931,2025-02-25
51239,225,2025-06-26
51240,37,2025-03-04
51241,751,2025-07-15
51242,622,2025-11-26
51243,891,2025-03-13
51244,458,2025-02-13
51245,17,2025-09-27
51246,21,2025-01-09
51247,434,2025-12-25
51248,250,2025-10-10
51249,923,2025-05-28
51250,119,2025-05-13
51251,881,2025-05-22
51252,217,2025-05-25
51253,120,2025-11-03
51254,275,2025-10-19
51255,145,2025-03-16
51256,402,2025-03-07
51257,331,2025-07-17
51258,530,2025-08-26
51259,538,2025-09-23
51260,1,2025-04-25
51261,125,2025-06-26
51262,162,2025-02-08
51263,195,2025-06-16
51264,94,2025-09-08
51265,315,2025-04-22
51266,550,2025-04-27
51267,309,2025-06-18
51268,330,2025-11-13
51269,470,2025-08-09
51270,549,2025-12-02
51271,331,2025-01-23
51272,222,2025-11-06
51273,410,2025-01-16
51274,25,2025-04-28
51275,493,2025-06-05
51276,942,2025-03-28
51277,398,2025-12-28
51278,109,2025-11-22
51279,708,2025-07-28
51280,127,2025-06-15
51281,194,2025-10-06
51282,147,2025-09-16
51283,884,2025-06-25
51284,982,2025-10-29
51285,570,2025-03-12
51286,618,2025-04-12
51287,646,2025-01-07
51288,611,2025-02-13
51289,545,2025-03-14
51290,987,2025-08-17
51291,734,2025-11-09
51292,89,2025-08-04
51293,392,2025-06-12
51294,975,2025-04-09
51295,404,2025-02-07
51296,205,2025-08-02
51297,869,2025-02-21
51298,624,2025-10-16
51299,563,2025-05-30
51300,421,2025-05-08
51301,125,2025-01-10
51302,384,2025-03-30
51303,438,2025-01-05
51304,932,2025-09-22
51305,308,2025-06-28
51306,150,2025-10-14
51307,428,2025-07-26
51308,998,2025-12-15
51309,483,2025-10-14
51310,380,2025-02-23
51311,667,2025-02-12
51312,649,2025-11-21
51313,300,2025-04-09
51314,968,2025-10-07
51315,593,2025-08-18
51316,58,2025-09-14
51317,408,2025-04-08
51318,923,2025-04-25
51319,394,2025-07-22
51320,568,2025-01-09
51321,613,2025-04-24
51322,705,2025-07-05
51323,873,2025-03-16
51324,150,2025-04-15
51325,517,2025-12-25
51326,534,2025-04-16
51327,153,2025-11-26
51328,674,2025-12-05
51329,119,2025-09-03
51330,457,2025-02-25
51331,331,2025-03-17
51332,155,2025-12-07
51333,823,2025-01-01
51334,245,2025-07-03
51335,256,2025-08-06
51336,855,2025-11-02
51337,878,2025-11-23
51338,35,2025-04-14
51339,278,2025-07-03
51340,709,2025-08-20
51341,779,2025-12-19
51342,1000,2025-07-23
51343,555,2025-02-14
51344,8,2025-12-04
51345,874,2025-07-07
51346,162,2025-03-07
51347,121,2025-03-11
51348,675,2025-03-16
51349,604,2025-09-21
51350,60,2025-12-13
51351,170,2025-06-11
51352,590,2025-02-05
51353,256,2025-11-21
51354,685,2025-08-20
51355,412,2025-07-28
51356,589,2025-01-23
51357,475,2025-12-21
51358,366,2025-01-29
51359,343,2025-08-11
51360,698,2025-08-06
51361,515,2025-07-07
51362,595,2025-07-21
51363,578,2025-05-26
51364,208,2025-07-29
51365,914,2025-05-13
51366,564,2025-06-22
51367,719,2025-09-05
51368,882,2025-09-28
51369,925,2025-02-25
51370,667,2025-12-29
51371,788,2025-02-05
51372,472,2025-04-11
51373,738,2025-05-07
51374,322,2025-04-29
51375,712,2025-05-09
51376,86,2025-04-28
51377,915,2025-06-09
51378,245,2025-10-06
51379,657,2025-10-30
51380,12,2025-05-08
51381,156,2025-04-05
51382,987,2025-09-05
51383,834,2025-01-22
51384,223,2025-06-12
51385,131,2025-03-22
51386,815,2025-08-10
51387,991,2025-01-29
51388,169,2025-10-30
51389,664,2025-04-09
51390,284,2025-07-07
51391,745,2025-07-28
51392,419,2025-06-23
51393,126,2025-06-13
51394,325,2025-04-08
51395,539,2025-10-09
51396,799,2025-07-08
51397,22,2025-03-20
51398,958,2025-04-06
51399,650,2025-06-10
51400,876,2025-11-04
51401,931,2025-12-17
51402,154,2025-05-22
51403,94,2025-05-25
51404,777,2025-02-17
51405,188,2025-07-19
51406,148,2025-03-29
51407,469,2025-10-27
51408,914,2025-07-15
51409,796,2025-03-22
51410,518,2025-12-01
51411,197,2025-10-25
51412,337,2025-04-20
51413,689,2025-02-13
51414,158,2025-04-07
51415,525,2025-05-18
51416,12,2025-05-29
51417,326,2025-10-28
51418,248,2025-12-20
51419,682,2025-09-30
51420,915,2025-11-05
51421,147,2025-02-15
51422,798,2025-02-24
51423,656,2025-11-28
51424,970,2025-08-13
51425,912,2025-03-28
51426,101,2025-10-17
51427,744,2025-03-05
51428,593,2025-10-08
51429,114,2025-11-19
51430,258,2025-06-28
51431,927,2025-08-28
51432,543,2025-09-25
51433,339,2025-11-18
51434,321,2025-08-02
51435,838,2025-04-18
51436,284,2025-03-15
51437,159,2025-05-10
51438,574,2025-01-21
51439,993,2025-09-13
51440,184,2025-05-15
51441,256,2025-09-17
51442,470,2025-01-23
51443,200,2025-04-28
51444,651,2025-05-25
51445,254,2025-02-01
51446,129,2025-10-30
51447,262,2025-08-07
51448,931,2025-11-05
51449,935,2025-10-20
51450,506,2025-01-13
51451,401,2025-11-12
51452,820,2025-01-26
51453,195,2025-11-14
51454,654,2025-09-02
51455,681,2025-10-27
51456,711,2025-07-02
51457,218,2025-02-28
51458,717,2025-02-24
51459,612,2025-02-13
51460,876,2025-10-22
51461,175,2025-07-14
51462,614,2025-03-21
51463,830,2025-02-15
51464,279,2025-01-29
51465,744,2025-04-05
51466,100,2025-10-01
51467,719,2025-11-22
51468,607,2025-08-10
51469,193,2025-12-30
51470,67,2025-05-24
51471,746,2025-05-02
51472,242,2025-09-10
51473,498,2025-02-19
51474,61,2025-11-29
51475,964,2025-10-12
51476,549,2025-01-13
51477,932,2025-03-10
51478,161,2025-08-18
51479,206,2025-09-27
51480,611,2025-03-21
51481,605,2025-09-30
51482,791,2025-06-23
51483,929,2025-09-04
51484,822,2025-06-04
51485,141,2025-06-15
51486,310,2025-05-23
51487,914,2025-02-27
51488,549,2025-03-11
51489,868,2025-03-03
51490,564,2025-10-20
51491,50,2025-06-04
51492,473,2025-05-19
51493,825,2025-11-09
51494,656,2025-11-20
51495,133,2025-03-27
51496,211,2025-05-10
51497,855,2025-05-31
51498,980,2025-11-03
51499,753,2025-09-03
51500,99,2025-07-18
51501,620,2025-03-27
51502,830,2025-05-21
51503,641,2025-01-11
51504,595,2025-09-14
51505,468,2025-12-02
51506,245,2025-10-15
51507,281,2025-04-23
51508,746,2025-06-26
51509,70,2025-12-16
51510,85,2025-06-05
51511,397,2025-11-03
51512,775,2025-07-30
51513,658,2025-07-02
51514,590,2025-08-02
51515,535,2025-03-23
51516,111,2025-06-05
51517,332,2025-04-22
51518,80,2025-10-04
51519,759,2025-08-12
51520,751,2025-05-26
51521,259,2025-10-28
51522,293,2025-06-15
51523,318,2025-12-14
51524,890,2025-08-09
51525,489,2025-11-20
51526,763,2025-12-27
51527,449,2025-04-30
51528,699,2025-04-06
51529,529,2025-11-02
51530,279,2025-03-26
51531,877,2025-10-02
51532,709,2025-03-06
51533,770,2025-11-14
51534,949,2025-09-09
51535,249,2025-07-10
51536,92,2025-06-13
51537,583,2025-08-21
51538,327,2025-05-22
51539,436,2025-05-26
51540,235,2025-03-16
51541,399,2025-02-27
51542,394,2025-11-22
51543,351,2025-10-01
51544,743,2025-06-11
51545,593,2025-10-31
51546,475,2025-08-10
51547,113,2025-08-07
51548,571,2025-02-11
51549,176,2025-07-16
51550,315,2025-02-09
51551,415,2025-09-07
51552,142,2025-01-25
51553,390,2025-07-07
51554,267,2025-05-15
51555,850,2025-02-17
51556,860,2025-06-22
51557,5,2025-03-15
51558,603,2025-03-31
51559,641,2025-11-21
51560,378,2025-05-08
51561,470,2025-05-28
51562,790,2025-01-03
51563,378,2025-04-20
51564,65,2025-05-09
51565,373,2025-09-20
51566,254,2025-02-13
51567,383,2025-12-06
51568,231,2025-02-16
51569,150,2025-08-27
51570,986,2025-01-02
51571,129,2025-10-27
51572,707,2025-09-12
51573,718,2025-11-02
51574,618,2025-12-06
51575,912,2025-11-01
51576,5,2025-08-15
51577,302,2025-11-03
51578,185,2025-02-05
51579,577,2025-08-24
51580,636,2025-12-28
51581,898,2025-05-18
51582,380,2025-12-23
51583,236,2025-07-04
51584,925,2025-06-20
51585,673,2025-04-20
51586,765,2025-02-09
51587,445,2025-11-16
51588,448,2025-09-21
51589,390,2025-05-27
51590,750,2025-12-17
51591,211,2025-03-09
51592,976,2025-10-12
51593,176,2025-06-15
51594,461,2025-08-16
51595,315,2025-01-14
51596,643,2025-08-11
51597,681,2025-09-05
51598,919,2025-12-23
51599,790,2025-05-07
51600,249,2025-01-27
51601,207,2025-01-23
51602,887,2025-02-24
51603,488,2025-04-20
51604,98,2025-10-31
51605,825,2025-03-13
51606,649,2025-02-22
51607,26,2025-01-12
51608,783,2025-05-20
51609,608,2025-08-09
51610,615,2025-04-13
51611,865,2025-06-30
51612,496,2025-03-30
51613,462,2025-10-20
51614,618,2025-01-10
51615,198,2025-03-15
51616,152,2025-07-26
51617,844,2025-11-04
51618,216,2025-05-27
51619,505,2025-01-26
51620,270,2025-07-21
51621,231,2025-04-09
51622,598,2025-04-22
51623,803,2025-12-03
51624,442,2025-12-10
51625,139,2025-04-05
51626,245,2025-08-04
51627,165,2025-07-17
51628,883,2025-12-17
51629,320,2025-12-12
51630,374,2025-05-08
51631,72,2025-01-10
51632,447,2025-01-01
51633,914,2025-01-02
51634,410,2025-10-13
51635,652,2025-09-28
51636,182,2025-10-29
51637,143,2025-02-20
51638,732,2025-01-22
51639,66,2025-03-04
51640,449,2025-08-17
51641,317,2025-01-04
51642,17,2025-08-30
51643,532,2025-11-21
51644,965,2025-02-23
51645,70,2025-09-27
51646,816,2025-07-21
51647,540,2025-12-11
51648,724,2025-03-30
51649,97,2025-03-24
51650,870,2025-01-07
51651,12,2025-09-15
51652,907,2025-11-13
51653,658,2025-01-07
51654,338,2025-06-29
51655,8,2025-09-22
51656,611,2025-10-13
51657,88,2025-12-06
51658,609,2025-09-21
51659,774,2025-12-02
51660,268,2025-12-29
51661,239,2025-12-05
51662,222,2025-06-09
51663,225,2025-05-29
51664,114,2025-06-06
51665,250,2025-12-14
51666,660,2025-04-13
51667,303,2025-10-02
51668,781,2025-08-17
51669,820,2025-01-23
51670,761,2025-06-27
51671,540,2025-03-13
51672,317,2025-09-23
51673,930,2025-06-13
51674,206,2025-05-11
51675,465,2025-01-24
51676,454,2025-02-17
51677,746,2025-10-06
51678,547,2025-11-11
51679,800,2025-04-17
51680,920,2025-10-30
51681,391,2025-07-21
51682,875,2025-05-09
51683,170,2025-06-14
51684,917,2025-09-09
51685,178,2025-11-28
51686,851,2025-06-29
51687,391,2025-05-07
51688,965,2025-10-05
51689,130,2025-07-11
51690,466,2025-05-23
51691,902,2025-06-17
51692,48,2025-07-15
51693,266,2025-02-21
51694,84,2025-01-22
51695,322,2025-08-31
51696,391,2025-03-05
51697,619,2025-07-14
51698,258,2025-10-13
51699,159,2025-03-20
51700,170,2025-05-20
51701,939,2025-12-24
51702,954,2025-01-13
51703,222,2025-10-03
51704,196,2025-03-03
51705,55,2025-11-27
51706,960,2025-05-31
51707,707,2025-01-03
51708,761,2025-09-20
51709,291,2025-02-23
51710,641,2025-05-13
51711,60,2025-07-03
51712,677,2025-09-29
51713,580,2025-06-02
51714,332,2025-11-10
51715,711,2025-06-25
51716,647,2025-05-05
51717,439,2025-05-04
51718,187,2025-10-20
51719,24,2025-08-31
51720,938,2025-02-16
51721,282,2025-10-01
51722,302,2025-06-01
51723,682,2025-05-08
51724,256,2025-02-05
51725,376,2025-12-31
51726,712,2025-01-20
51727,596,2025-12-30
51728,657,2025-01-24
51729,5,2025-07-04
51730,452,2025-02-08
51731,476,2025-06-29
51732,633,2025-11-02
51733,152,2025-08-04
51734,160,2025-07-18
51735,763,2025-02-13
51736,674,2025-12-12
51737,812,2025-05-18
51738,271,2025-07-16
51739,998,2025-11-24
51740,273,2025-08-18
51741,651,2025-09-26
51742,163,2025-03-09
51743,919,2025-06-17
51744,333,2025-07-17
51745,803,2025-03-06
51746,332,2025-05-21
51747,791,2025-10-31
51748,455,2025-12-06
51749,63,2025-10-28
51750,191,2025-12-07
51751,684,2025-12-31
51752,194,2025-03-14
51753,276,2025-11-09
51754,542,2025-08-15
51755,254,2025-11-10
51756,129,2025-08-21
51757,625,2025-02-15
51758,689,2025-07-25
51759,734,2025-10-05
51760,944,2025-02-15
51761,125,2025-07-04
51762,427,2025-08-27
51763,234,2025-06-19
51764,902,2025-10-19
51765,540,2025-02-16
51766,99,2025-05-07
51767,693,2025-12-14
51768,43,2025-07-07
51769,275,2025-03-08
51770,722,2025-02-12
51771,507,2025-08-05
51772,762,2025-12-06
51773,572,2025-01-18
51774,844,2025-02-09
51775,563,2025-05-17
51776,57,2025-03-18
51777,72,2025-02-14
51778,777,2025-04-19
51779,39,2025-08-23
51780,377,2025-10-29
51781,17,2025-04-22
51782,304,2025-09-13
51783,596,2025-10-28
51784,174,2025-01-03
51785,467,2025-11-08
51786,997,2025-03-08
51787,71,2025-09-08
51788,64,2025-10-01
51789,272,2025-11-05
51790,828,2025-05-28
51791,406,2025-08-29
51792,640,2025-01-10
51793,34,2025-06-13
51794,736,2025-12-18
51795,68,2025-02-27
51796,712,2025-02-25
51797,148,2025-09-13
51798,859,2025-07-06
51799,297,2025-06-16
51800,184,2025-04-01
51801,337,2025-03-04
51802,1,2025-09-27
51803,166,2025-05-11
51804,599,2025-10-11
51805,301,2025-06-11
51806,354,2025-05-25
51807,808,2025-03-25
51808,124,2025-08-29
51809,396,2025-04-14
51810,187,2025-11-28
51811,483,2025-05-30
51812,332,2025-10-25
51813,47,2025-06-21
51814,71,2025-06-01
51815,853,2025-06-15
51816,57,2025-06-11
51817,783,2025-06-24
51818,917,2025-11-20
51819,466,2025-09-14
51820,313,2025-01-13
51821,777,2025-01-22
51822,983,2025-01-09
51823,121,2025-09-10
51824,965,2025-03-17
51825,944,2025-05-21
51826,143,2025-10-30
51827,55,2025-02-18
51828,715,2025-02-25
51829,78,2025-01-29
51830,601,2025-04-15
51831,65,2025-02-02
51832,691,2025-08-18
51833,232,2025-09-26
51834,97,2025-03-09
51835,67,2025-07-11
51836,189,2025-04-21
51837,541,2025-01-30
51838,77,2025-06-20
51839,803,2025-09-12
51840,605,2025-03-25
51841,298,2025-10-15
51842,987,2025-12-29
51843,659,2025-01-21
51844,672,2025-03-01
51845,174,2025-04-16
51846,711,2025-11-07
51847,560,2025-02-21
51848,985,2025-06-21
51849,478,2025-07-16
51850,679,2025-02-17
51851,342,2025-01-16
51852,41,2025-02-13
51853,128,2025-01-21
51854,868,2025-07-02
51855,739,2025-12-08
51856,365,2025-05-10
51857,698,2025-04-04
51858,5,2025-03-27
51859,38,2025-12-25
51860,508,2025-12-17
51861,625,2025-08-25
51862,938,2025-06-19
51863,760,2025-02-28
51864,258,2025-12-06
51865,816,2025-01-01
51866,492,2025-03-01
51867,827,2025-09-05
51868,174,2025-03-08
51869,27,2025-02-09
51870,58,2025-08-06
51871,991,2025-01-10
51872,81,2025-04-09
51873,940,2025-08-23
51874,728,2025-03-09
51875,147,2025-10-05
51876,865,2025-02-04
51877,145,2025-08-12
51878,144,2025-01-28
51879,576,2025-09-25
51880,289,2025-10-02
51881,291,2025-10-18
51882,196,2025-04-13
51883,608,2025-03-28
51884,27,2025-12-24
51885,246,2025-09-24
51886,554,2025-03-08
51887,487,2025-01-11
51888,700,2025-05-10
51889,217,2025-08-31
51890,648,2025-05-17
51891,760,2025-10-22
51892,389,2025-07-02
51893,257,2025-12-28
51894,556,2025-11-14
51895,579,2025-06-22
51896,95,2025-11-01
51897,566,2025-06-13
51898,155,2025-01-04
51899,569,2025-04-23
51900,932,2025-05-30
51901,538,2025-12-23
51902,762,2025-10-30
51903,310,2025-02-23
51904,923,2025-01-01
51905,813,2025-07-13
51906,917,2025-07-14
51907,742,2025-09-26
51908,650,2025-04-05
51909,526,2025-10-24
51910,929,2025-05-31
51911,849,2025-05-03
51912,417,2025-06-03
51913,86,2025-12-11
51914,4,2025-05-23
51915,234,2025-07-24
51916,63,2025-11-22
51917,212,2025-01-07
51918,110,2025-07-15
51919,982,2025-09-16
51920,96,2025-11-26
51921,627,2025-01-23
51922,352,2025-09-23
51923,175,2025-10-20
51924,702,2025-05-09
51925,971,2025-09-30
51926,791,2025-06-30
51927,976,2025-08-29
51928,591,2025-05-23
51929,674,2025-03-06
51930,147,2025-10-30
51931,853,2025-03-21
51932,748,2025-03-10
51933,255,2025-11-20
51934,355,2025-12-08
51935,611,2025-08-11
51936,13,2025-07-31
51937,818,2025-05-12
51938,281,2025-08-12
51939,75,2025-08-11
51940,331,2025-07-08
51941,836,2025-08-28
51942,275,2025-07-22
51943,540,2025-11-17
51944,812,2025-09-01
51945,34,2025-05-21
51946,760,2025-08-28
51947,289,2025-03-25
51948,696,2025-03-20
51949,189,2025-10-29
51950,140,2025-08-01
51951,789,2025-01-20
51952,808,2025-05-10
51953,982,2025-12-26
51954,678,2025-08-21
51955,466,2025-11-14
51956,195,2025-07-19
51957,296,2025-01-16
51958,649,2025-03-07
51959,347,2025-02-03
51960,484,2025-09-26
51961,169,2025-10-04
51962,440,2025-06-16
51963,238,2025-09-22
51964,113,2025-07-21
51965,132,2025-09-28
51966,519,2025-09-03
51967,367,2025-06-16
51968,100,2025-08-27
51969,515,2025-04-27
51970,165,2025-10-01
51971,16,2025-11-30
51972,133,2025-03-17
51973,449,2025-09-01
51974,955,2025-02-10
51975,242,2025-05-18
51976,285,2025-09-02
51977,243,2025-04-12
51978,356,2025-03-28
51979,718,2025-05-21
51980,323,2025-02-11
51981,658,2025-08-17
51982,899,2025-02-17
51983,947,2025-05-02
51984,563,2025-04-25
51985,714,2025-12-20
51986,920,2025-12-29
51987,787,2025-01-29
51988,300,2025-02-27
51989,133,2025-09-25
51990,115,2025-04-19
51991,883,2025-08-24
51992,557,2025-12-03
51993,297,2025-03-01
51994,346,2025-12-18
51995,282,2025-01-20
51996,802,2025-03-25
51997,613,2025-07-05
51998,880,2025-11-18
51999,302,2025-07-22
52000,473,2025-02-20
52001,122,2025-04-01
52002,972,2025-10-05
52003,512,2025-07-24
52004,554,2025-01-05
52005,414,2025-07-03
52006,271,2025-05-29
52007,949,2025-01-01
52008,489,2025-04-01
52009,675,2025-12-08
52010,38,2025-09-14
52011,276,2025-01-26
52012,805,2025-01-06
52013,88,2025-05-07
52014,102,2025-06-19
52015,810,2025-06-15
52016,309,2025-09-12
52017,274,2025-03-05
52018,566,2025-01-18
52019,195,2025-09-03
52020,43,2025-11-24
52021,5,2025-03-03
52022,80,2025-05-12
52023,159,2025-08-17
52024,697,2025-03-02
52025,298,2025-11-10
52026,72,2025-03-24
52027,15,2025-07-14
52028,478,2025-05-04
52029,841,2025-09-01
52030,339,2025-03-14
52031,64,2025-02-05
52032,229,2025-07-06
52033,500,2025-11-12
52034,189,2025-08-20
52035,979,2025-10-03
52036,764,2025-06-08
52037,345,2025-02-21
52038,952,2025-06-05
52039,326,2025-12-27
52040,141,2025-10-13
52041,939,2025-09-14
52042,960,2025-04-20
52043,313,2025-08-07
52044,595,2025-08-16
52045,174,2025-08-27
52046,642,2025-11-22
52047,691,2025-09-06
52048,710,2025-03-22
52049,569,2025-03-22
52050,705,2025-08-15
52051,556,2025-11-13
52052,820,2025-12-13
52053,180,2025-08-11
52054,484,2025-07-13
52055,417,2025-10-25
52056,534,2025-12-23
52057,143,2025-01-11
52058,324,2025-04-24
52059,955,2025-05-02
52060,106,2025-07-25
52061,636,2025-04-18
52062,665,2025-04-24
52063,475,2025-01-09
52064,34,2025-01-02
52065,35,2025-06-14
52066,276,2025-12-31
52067,103,2025-04-18
52068,95,2025-03-29
52069,161,2025-04-07
52070,191,2025-12-22
52071,839,2025-08-31
52072,639,2025-08-27
52073,31,2025-03-11
52074,629,2025-11-26
52075,137,2025-03-13
52076,422,2025-12-20
52077,39,2025-12-14
52078,91,2025-07-27
52079,133,2025-11-13
52080,434,2025-12-31
52081,464,2025-07-31
52082,353,2025-10-08
52083,621,2025-08-04
52084,721,2025-07-11
52085,729,2025-05-03
52086,580,2025-08-28
52087,546,2025-04-08
52088,492,2025-03-12
52089,238,2025-04-11
52090,487,2025-01-05
52091,11,2025-12-07
52092,967,2025-04-04
52093,371,2025-10-19
52094,757,2025-06-08
52095,957,2025-05-04
52096,497,2025-03-25
52097,862,2025-10-27
52098,480,2025-07-07
52099,133,2025-06-14
52100,27,2025-08-29
52101,136,2025-10-20
52102,943,2025-08-28
52103,476,2025-06-20
52104,320,2025-11-23
52105,447,2025-11-23
52106,256,2025-12-19
52107,871,2025-02-03
52108,1000,2025-11-22
52109,85,2025-03-12
52110,719,2025-08-15
52111,336,2025-08-29
52112,48,2025-03-17
52113,923,2025-01-03
52114,62,2025-12-11
52115,206,2025-11-22
52116,26,2025-03-05
52117,472,2025-08-08
52118,600,2025-02-25
52119,321,2025-07-26
52120,72,2025-04-26
52121,117,2025-10-02
52122,934,2025-07-29
52123,806,2025-07-01
52124,937,2025-09-06
52125,531,2025-06-23
52126,547,2025-01-05
52127,786,2025-08-06
52128,617,2025-10-11
52129,437,2025-06-28
52130,292,2025-03-05
52131,486,2025-01-03
52132,64,2025-04-19
52133,193,2025-10-08
52134,738,2025-04-28
52135,869,2025-12-15
52136,102,2025-05-02
52137,97,2025-06-06
52138,86,2025-10-05
52139,792,2025-08-13
52140,312,2025-01-15
52141,327,2025-01-28
52142,13,2025-03-13
52143,973,2025-11-15
52144,435,2025-01-09
52145,798,2025-01-27
52146,708,2025-10-12
52147,142,2025-08-16
52148,802,2025-12-26
52149,551,2025-03-22
52150,605,2025-08-29
52151,201,2025-02-19
52152,847,2025-08-04
52153,932,2025-02-08
52154,407,2025-11-28
52155,93,2025-06-01
52156,849,2025-04-04
52157,888,2025-12-26
52158,507,2025-01-25
52159,580,2025-10-19
52160,224,2025-07-06
52161,68,2025-09-08
52162,945,2025-04-06
52163,483,2025-11-18
52164,275,2025-06-14
52165,694,2025-06-02
52166,27,2025-06-16
52167,80,2025-04-19
52168,243,2025-04-27
52169,451,2025-02-21
52170,367,2025-06-27
52171,188,2025-06-23
52172,352,2025-05-19
52173,334,2025-12-26
52174,525,2025-02-11
52175,563,2025-11-29
52176,884,2025-11-13
52177,807,2025-01-09
52178,293,2025-09-13
52179,903,2025-03-18
52180,521,2025-01-16
52181,188,2025-11-11
52182,341,2025-02-12
52183,742,2025-04-20
52184,822,2025-02-05
52185,375,2025-02-21
52186,158,2025-01-23
52187,192,2025-11-04
52188,104,2025-01-22
52189,699,2025-10-05
52190,503,2025-02-27
52191,452,2025-11-30
52192,672,2025-11-06
52193,829,2025-08-18
52194,796,2025-10-30
52195,138,2025-04-19
52196,590,2025-10-13
52197,883,2025-03-22
52198,774,2025-08-13
52199,330,2025-12-02
52200,393,2025-09-22
52201,891,2025-04-09
52202,33,2025-09-27
52203,526,2025-11-19
52204,117,2025-11-21
52205,895,2025-09-27
52206,39,2025-09-25
52207,24,2025-10-14
52208,329,2025-09-26
52209,201,2025-02-18
52210,496,2025-10-21
52211,300,2025-03-07
52212,357,2025-07-23
52213,565,2025-05-04
52214,561,2025-03-19
52215,935,2025-04-13
52216,481,2025-01-31
52217,565,2025-06-10
52218,678,2025-06-02
52219,175,2025-05-28
52220,667,2025-02-03
52221,862,2025-08-10
52222,319,2025-03-03
52223,179,2025-11-09
52224,347,2025-01-09
52225,276,2025-01-21
52226,586,2025-04-20
52227,864,2025-05-29
52228,597,2025-12-21
52229,126,2025-07-11
52230,315,2025-05-19
52231,690,2025-11-02
52232,331,2025-03-29
52233,587,2025-11-24
52234,695,2025-05-28
52235,330,2025-04-25
52236,648,2025-04-20
52237,399,2025-01-04
52238,136,2025-09-03
52239,373,2025-07-30
52240,442,2025-08-20
52241,3,2025-08-26
52242,893,2025-01-10
52243,528,2025-11-17
52244,37,2025-07-06
52245,868,2025-09-10
52246,856,2025-01-14
52247,13,2025-10-05
52248,164,2025-09-05
52249,364,2025-05-15
52250,508,2025-12-08
52251,726,2025-08-26
52252,425,2025-11-28
52253,612,2025-10-27
52254,11,2025-03-17
52255,659,2025-12-30
52256,916,2025-09-29
52257,527,2025-03-11
52258,455,2025-10-17
52259,298,2025-06-06
52260,955,2025-11-12
52261,34,2025-03-05
52262,287,2025-04-05
52263,139,2025-05-07
52264,867,2025-06-14
52265,483,2025-08-19
52266,923,2025-03-22
52267,666,2025-09-15
52268,557,2025-01-09
52269,518,2025-05-01
52270,203,2025-08-29
52271,563,2025-04-07
52272,686,2025-06-07
52273,966,2025-08-10
52274,549,2025-04-01
52275,939,2025-12-18
52276,945,2025-11-06
52277,523,2025-12-21
52278,440,2025-06-30
52279,143,2025-05-06
52280,269,2025-12-30
52281,880,2025-09-23
52282,139,2025-10-17
52283,398,2025-03-08
52284,699,2025-11-14
52285,241,2025-07-12
52286,975,2025-10-10
52287,650,2025-10-29
52288,29,2025-02-08
52289,248,2025-02-06
52290,741,2025-01-24
52291,864,2025-08-23
52292,927,2025-12-01
52293,852,2025-01-11
52294,75,2025-02-20
52295,730,2025-06-27
52296,111,2025-05-23
52297,77,2025-02-07
52298,692,2025-08-11
52299,479,2025-11-27
52300,648,2025-03-19
52301,852,2025-01-02
52302,69,2025-03-24
52303,528,2025-03-09
52304,835,2025-06-20
52305,441,2025-02-09
52306,524,2025-05-12
52307,498,2025-02-13
52308,908,2025-09-04
52309,50,2025-06-21
52310,878,2025-01-28
52311,817,2025-01-16
52312,813,2025-06-28
52313,413,2025-08-05
52314,516,2025-03-05
52315,369,2025-04-29
52316,252,2025-08-10
52317,876,2025-06-21
52318,506,2025-02-12
52319,724,2025-05-23
52320,101,2025-03-14
52321,789,2025-12-05
52322,659,2025-10-21
52323,998,2025-04-24
52324,134,2025-03-27
52325,541,2025-02-19
52326,512,2025-09-27
52327,539,2025-12-02
52328,55,2025-04-10
52329,474,2025-08-22
52330,300,2025-03-27
52331,618,2025-12-01
52332,233,2025-04-20
52333,436,2025-02-05
52334,621,2025-11-18
52335,65,2025-12-12
52336,787,2025-05-25
52337,716,2025-11-28
52338,58,2025-03-30
52339,65,2025-04-09
52340,851,2025-07-15
52341,284,2025-08-08
52342,861,2025-05-21
52343,500,2025-10-19
52344,343,2025-10-16
52345,274,2025-02-14
52346,660,2025-12-28
52347,110,2025-02-28
52348,403,2025-07-12
52349,346,2025-06-04
52350,155,2025-06-14
52351,353,2025-02-16
52352,529,2025-05-06
52353,678,2025-01-12
52354,87,2025-12-22
52355,873,2025-02-22
52356,879,2025-06-26
52357,692,2025-03-20
52358,925,2025-03-06
52359,428,2025-05-23
52360,822,2025-12-20
52361,728,2025-06-24
52362,563,2025-12-17
52363,180,2025-10-29
52364,558,2025-06-09
52365,902,2025-11-25
52366,985,2025-05-08
52367,449,2025-07-03
52368,248,2025-09-06
52369,748,2025-08-04
52370,76,2025-10-30
52371,152,2025-03-01
52372,562,2025-07-01
52373,991,2025-08-31
52374,329,2025-05-01
52375,444,2025-11-13
52376,323,2025-04-21
52377,441,2025-04-20
52378,8,2025-04-30
52379,595,2025-09-04
52380,597,2025-02-13
52381,316,2025-02-22
52382,265,2025-10-12
52383,762,2025-03-17
52384,188,2025-02-08
52385,48,2025-04-07
52386,41,2025-05-26
52387,882,2025-01-13
52388,365,2025-11-01
52389,102,2025-02-12
52390,879,2025-05-28
52391,149,2025-03-15
52392,337,2025-04-18
52393,21,2025-01-17
52394,680,2025-12-13
52395,700,2025-12-09
52396,757,2025-02-16
52397,264,2025-03-14
52398,329,2025-11-19
52399,939,2025-06-01
52400,822,2025-01-23
52401,38,2025-02-19
52402,692,2025-05-31
52403,813,2025-07-23
52404,560,2025-08-19
52405,640,2025-02-25
52406,1,2025-05-16
52407,31,2025-04-06
52408,36,2025-07-15
52409,159,2025-04-28
52410,991,2025-03-16
52411,635,2025-10-25
52412,783,2025-07-27
52413,296,2025-06-22
52414,938,2025-02-19
52415,199,2025-01-26
52416,903,2025-10-18
52417,31,2025-12-20
52418,21,2025-08-02
52419,79,2025-01-15
52420,792,2025-06-25
52421,258,2025-04-13
52422,452,2025-01-20
52423,472,2025-02-21
52424,790,2025-07-02
52425,349,2025-06-05
52426,7,2025-07-25
52427,387,2025-09-11
52428,289,2025-04-07
52429,731,2025-04-15
52430,752,2025-09-05
52431,92,2025-03-13
52432,794,2025-01-29
52433,71,2025-11-08
52434,620,2025-03-18
52435,390,2025-02-14
52436,302,2025-09-27
52437,484,2025-07-14
52438,311,2025-02-23
52439,794,2025-11-07
52440,967,2025-03-31
52441,816,2025-09-04
52442,440,2025-08-26
52443,504,2025-10-30
52444,448,2025-09-24
52445,794,2025-09-14
52446,553,2025-01-19
52447,469,2025-12-09
52448,410,2025-02-16
52449,376,2025-04-03
52450,553,2025-06-12
52451,689,2025-04-16
52452,433,2025-08-05
52453,807,2025-01-20
52454,827,2025-06-15
52455,430,2025-05-08
52456,910,2025-08-25
52457,174,2025-07-09
52458,933,2025-10-03
52459,295,2025-03-02
52460,565,2025-12-13
52461,284,2025-05-24
52462,443,2025-05-08
52463,341,2025-07-20
52464,706,2025-03-01
52465,82,2025-10-25
52466,839,2025-04-07
52467,904,2025-12-05
52468,563,2025-02-24
52469,548,2025-11-12
52470,700,2025-05-24
52471,200,2025-08-10
52472,750,2025-11-15
52473,219,2025-02-17
52474,677,2025-05-07
52475,306,2025-12-13
52476,747,2025-02-24
52477,792,2025-02-07
52478,209,2025-07-10
52479,618,2025-01-10
52480,499,2025-12-29
52481,295,2025-11-26
52482,589,2025-03-10
52483,993,2025-03-05
52484,3,2025-10-11
52485,957,2025-07-10
52486,856,2025-10-28
52487,530,2025-12-20
52488,611,2025-05-27
52489,370,2025-04-03
52490,130,2025-08-15
52491,572,2025-08-20
52492,817,2025-06-07
52493,232,2025-04-20
52494,718,2025-04-06
52495,749,2025-07-10
52496,759,2025-06-05
52497,341,2025-06-16
52498,393,2025-02-04
52499,417,2025-11-18
52500,855,2025-09-16
52501,901,2025-12-02
52502,415,2025-10-30
52503,970,2025-08-14
52504,571,2025-04-23
52505,386,2025-08-27
52506,1,2025-07-26
52507,612,2025-12-04
52508,645,2025-03-26
52509,969,2025-01-10
52510,719,2025-02-16
52511,30,2025-03-05
52512,568,2025-08-31
52513,743,2025-02-23
52514,497,2025-02-18
52515,430,2025-05-25
52516,810,2025-10-13
52517,612,2025-06-04
52518,682,2025-04-10
52519,465,2025-04-14
52520,279,2025-10-26
52521,520,2025-06-08
52522,960,2025-05-15
52523,603,2025-10-10
52524,708,2025-05-15
52525,125,2025-05-11
52526,988,2025-10-01
52527,245,2025-04-30
52528,972,2025-07-06
52529,446,2025-08-31
52530,919,2025-03-15
52531,892,2025-02-16
52532,756,2025-11-07
52533,917,2025-04-19
52534,610,2025-05-05
52535,849,2025-08-04
52536,173,2025-02-07
52537,71,2025-01-17
52538,544,2025-06-01
52539,810,2025-12-20
52540,766,2025-07-29
52541,528,2025-07-31
52542,521,2025-08-11
52543,610,2025-11-11
52544,869,2025-11-01
52545,842,2025-01-09
52546,110,2025-07-17
52547,596,2025-07-19
52548,381,2025-03-23
52549,800,2025-12-22
52550,506,2025-04-06
52551,992,2025-11-01
52552,433,2025-02-06
52553,680,2025-08-08
52554,109,2025-09-26
52555,933,2025-07-04
52556,154,2025-02-08
52557,379,2025-02-15
52558,838,2025-08-10
52559,968,2025-11-11
52560,485,2025-08-06
52561,485,2025-02-06
52562,49,2025-10-14
52563,979,2025-06-17
52564,17,2025-01-28
52565,27,2025-05-15
52566,474,2025-03-16
52567,4,2025-12-27
52568,165,2025-11-28
52569,628,2025-02-08
52570,706,2025-07-28
52571,299,2025-01-03
52572,796,2025-06-17
52573,608,2025-02-26
52574,229,2025-09-30
52575,713,2025-01-27
52576,593,2025-11-26
52577,813,2025-03-26
52578,155,2025-04-06
52579,231,2025-11-20
52580,304,2025-11-26
52581,342,2025-02-05
52582,889,2025-02-09
52583,733,2025-11-08
52584,545,2025-12-23
52585,541,2025-06-28
52586,886,2025-03-02
52587,447,2025-02-25
52588,226,2025-04-08
52589,137,2025-09-08
52590,331,2025-02-05
52591,654,2025-08-23
52592,471,2025-10-21
52593,422,2025-02-22
52594,481,2025-12-26
52595,975,2025-12-27
52596,998,2025-04-19
52597,162,2025-02-10
52598,115,2025-04-29
52599,245,2025-04-05
52600,852,2025-04-12
52601,460,2025-12-04
52602,864,2025-02-26
52603,647,2025-04-26
52604,554,2025-10-15
52605,282,2025-01-21
52606,345,2025-01-23
52607,148,2025-04-21
52608,520,2025-12-20
52609,281,2025-11-03
52610,293,2025-12-05
52611,40,2025-11-12
52612,800,2025-02-13
52613,940,2025-05-27
52614,499,2025-07-13
52615,537,2025-03-02
52616,926,2025-12-29
52617,512,2025-08-09
52618,623,2025-11-08
52619,429,2025-04-05
52620,515,2025-09-19
52621,522,2025-02-08
52622,712,2025-01-09
52623,605,2025-08-22
52624,504,2025-01-25
52625,76,2025-04-11
52626,905,2025-10-17
52627,889,2025-07-01
52628,185,2025-05-18
52629,294,2025-04-17
52630,974,2025-09-01
52631,322,2025-12-15
52632,813,2025-09-27
52633,786,2025-05-12
52634,861,2025-06-04
52635,17,2025-02-07
52636,483,2025-02-22
52637,566,2025-04-08
52638,838,2025-05-22
52639,225,2025-12-28
52640,307,2025-11-14
52641,180,2025-02-11
52642,762,2025-05-01
52643,999,2025-01-21
52644,141,2025-01-23
52645,234,2025-05-17
52646,308,2025-12-17
52647,890,2025-03-09
52648,446,2025-09-06
52649,282,2025-05-24
52650,323,2025-07-17
52651,599,2025-11-14
52652,388,2025-10-30
52653,141,2025-10-30
52654,821,2025-05-31
52655,423,2025-01-18
52656,257,2025-12-26
52657,729,2025-12-29
52658,746,2025-11-10
52659,156,2025-06-24
52660,74,2025-04-13
52661,46,2025-03-05
52662,766,2025-05-16
52663,626,2025-05-03
52664,793,2025-04-11
52665,627,2025-12-13
52666,402,2025-08-29
52667,590,2025-03-23
52668,723,2025-08-22
52669,399,2025-09-15
52670,916,2025-07-10
52671,900,2025-12-12
52672,801,2025-12-19
52673,993,2025-06-07
52674,391,2025-06-22
52675,115,2025-03-21
52676,485,2025-10-14
52677,746,2025-12-06
52678,780,2025-08-29
52679,389,2025-03-15
52680,293,2025-07-09
52681,446,2025-10-18
52682,804,2025-01-16
52683,61,2025-08-04
52684,329,2025-08-28
52685,230,2025-07-15
52686,806,2025-08-23
52687,470,2025-11-23
52688,87,2025-02-15
52689,262,2025-07-28
52690,45,2025-10-18
52691,476,2025-10-28
52692,998,2025-06-20
52693,568,2025-12-31
52694,870,2025-04-29
52695,743,2025-06-10
52696,883,2025-10-28
52697,312,2025-06-10
52698,952,2025-05-06
52699,239,2025-07-22
52700,439,2025-08-15
52701,682,2025-12-21
52702,287,2025-08-14
52703,265,2025-03-09
52704,131,2025-01-20
52705,5,2025-12-20
52706,502,2025-06-04
52707,987,2025-03-15
52708,221,2025-03-23
52709,441,2025-02-08
52710,936,2025-03-14
52711,773,2025-10-12
52712,5,2025-08-28
52713,501,2025-08-07
52714,144,2025-01-05
52715,248,2025-09-03
52716,247,2025-12-20
52717,613,2025-12-03
52718,199,2025-05-25
52719,252,2025-08-08
52720,226,2025-04-20
52721,357,2025-11-21
52722,657,2025-12-02
52723,400,2025-03-23
52724,328,2025-06-27
52725,518,2025-03-28
52726,616,2025-08-13
52727,16,2025-04-17
52728,891,2025-09-11
52729,917,2025-12-25
52730,603,2025-11-15
52731,575,2025-03-08
52732,695,2025-02-17
52733,441,2025-10-25
52734,366,2025-01-30
52735,353,2025-05-27
52736,160,2025-12-29
52737,842,2025-06-13
52738,321,2025-01-04
52739,285,2025-12-22
52740,965,2025-09-16
52741,507,2025-05-01
52742,622,2025-08-12
52743,246,2025-08-12
52744,278,2025-07-21
52745,729,2025-12-17
52746,451,2025-10-14
52747,148,2025-04-05
52748,836,2025-12-29
52749,403,2025-12-18
52750,669,2025-01-18
52751,342,2025-04-19
52752,561,2025-08-13
52753,776,2025-11-17
52754,886,2025-09-19
52755,208,2025-07-29
52756,673,2025-04-22
52757,915,2025-02-05
52758,643,2025-11-22
52759,144,2025-07-14
52760,190,2025-06-16
52761,203,2025-12-24
52762,107,2025-03-02
52763,754,2025-04-03
52764,966,2025-11-08
52765,517,2025-04-14
52766,599,2025-12-11
52767,774,2025-11-10
52768,416,2025-02-06
52769,473,2025-06-17
52770,590,2025-10-02
52771,305,2025-06-28
52772,62,2025-03-20
52773,568,2025-01-17
52774,823,2025-01-03
52775,74,2025-03-07
52776,217,2025-04-06
52777,263,2025-04-21
52778,805,2025-11-09
52779,505,2025-07-05
52780,535,2025-02-21
52781,646,2025-01-31
52782,277,2025-02-17
52783,714,2025-04-25
52784,31,2025-09-27
52785,114,2025-01-19
52786,816,2025-05-29
52787,659,2025-06-13
52788,177,2025-02-24
52789,439,2025-01-22
52790,52,2025-03-25
52791,672,2025-02-25
52792,756,2025-10-18
52793,279,2025-12-01
52794,351,2025-08-16
52795,237,2025-10-04
52796,390,2025-10-05
52797,273,2025-11-17
52798,248,2025-02-05
52799,431,2025-12-30
52800,860,2025-06-17
52801,763,2025-07-18
52802,298,2025-10-18
52803,943,2025-06-30
52804,211,2025-04-08
52805,911,2025-01-07
52806,310,2025-03-03
52807,541,2025-01-31
52808,204,2025-05-20
52809,763,2025-10-12
52810,318,2025-05-02
52811,873,2025-08-07
52812,83,2025-03-09
52813,503,2025-08-04
52814,159,2025-12-15
52815,889,2025-04-26
52816,418,2025-06-26
52817,675,2025-12-18
52818,880,2025-08-10
52819,536,2025-05-26
52820,58,2025-02-14
52821,221,2025-12-09
52822,213,2025-08-11
52823,915,2025-01-21
52824,909,2025-07-22
52825,477,2025-12-20
52826,891,2025-12-07
52827,247,2025-03-13
52828,680,2025-05-31
52829,392,2025-12-27
52830,241,2025-10-13
52831,251,2025-07-24
52832,420,2025-04-22
52833,340,2025-10-06
52834,212,2025-07-31
52835,335,2025-07-11
52836,129,2025-12-05
52837,970,2025-05-18
52838,380,2025-08-17
52839,108,2025-01-16
52840,576,2025-09-17
52841,884,2025-07-19
52842,360,2025-11-16
52843,846,2025-05-02
52844,611,2025-12-04
52845,740,2025-07-30
52846,297,2025-03-18
52847,37,2025-02-28
52848,346,2025-03-13
52849,925,2025-04-21
52850,791,2025-07-20
52851,785,2025-11-13
52852,879,2025-12-30
52853,374,2025-09-05
52854,323,2025-06-28
52855,926,2025-08-12
52856,572,2025-05-01
52857,298,2025-03-31
52858,279,2025-07-16
52859,878,2025-10-30
52860,54,2025-01-24
52861,62,2025-02-10
52862,738,2025-03-06
52863,2,2025-03-18
52864,172,2025-02-24
52865,991,2025-02-17
52866,426,2025-01-11
52867,728,2025-05-08
52868,488,2025-09-21
52869,91,2025-02-27
52870,185,2025-04-29
52871,762,2025-12-22
52872,95,2025-03-03
52873,595,2025-12-27
52874,349,2025-07-06
52875,371,2025-09-22
52876,953,2025-04-29
52877,606,2025-04-29
52878,616,2025-05-24
52879,351,2025-02-16
52880,382,2025-04-26
52881,686,2025-11-23
52882,39,2025-01-02
52883,238,2025-07-28
52884,601,2025-09-09
52885,624,2025-02-21
52886,93,2025-02-10
52887,788,2025-07-21
52888,543,2025-03-21
52889,238,2025-12-23
52890,752,2025-03-11
52891,991,2025-02-17
52892,424,2025-05-01
52893,284,2025-05-02
52894,300,2025-02-28
52895,593,2025-08-31
52896,48,2025-05-07
52897,484,2025-07-12
52898,25,2025-03-30
52899,39,2025-02-05
52900,431,2025-01-23
52901,746,2025-01-20
52902,884,2025-11-14
52903,88,2025-04-07
52904,245,2025-04-22
52905,422,2025-07-31
52906,575,2025-02-04
52907,988,2025-08-08
52908,685,2025-07-10
52909,539,2025-10-16
52910,61,2025-02-14
52911,81,2025-01-07
52912,154,2025-10-10
52913,661,2025-05-16
52914,332,2025-01-23
52915,241,2025-07-23
52916,671,2025-06-19
52917,816,2025-12-14
52918,440,2025-12-11
52919,882,2025-07-16
52920,735,2025-02-28
52921,717,2025-09-30
52922,868,2025-03-15
52923,184,2025-11-02
52924,759,2025-08-08
52925,958,2025-05-10
52926,993,2025-12-24
52927,579,2025-07-07
52928,755,2025-05-21
52929,889,2025-03-10
52930,853,2025-08-25
52931,898,2025-04-09
52932,833,2025-02-25
52933,382,2025-02-13
52934,731,2025-08-23
52935,411,2025-12-03
52936,802,2025-04-03
52937,811,2025-03-21
52938,935,2025-08-12
52939,589,2025-02-22
52940,476,2025-02-02
52941,166,2025-08-21
52942,639,2025-07-11
52943,567,2025-01-11
52944,515,2025-03-28
52945,677,2025-03-14
52946,852,2025-09-06
52947,149,2025-08-31
52948,432,2025-09-30
52949,723,2025-02-06
52950,820,2025-11-06
52951,779,2025-03-18
52952,800,2025-12-29
52953,856,2025-11-15
52954,962,2025-06-17
52955,609,2025-10-14
52956,249,2025-09-02
52957,564,2025-10-10
52958,710,2025-01-07
52959,101,2025-01-31
52960,757,2025-11-27
52961,545,2025-10-13
52962,937,2025-08-13
52963,212,2025-04-25
52964,907,2025-06-03
52965,449,2025-05-24
52966,574,2025-06-08
52967,661,2025-08-18
52968,580,2025-10-04
52969,904,2025-05-21
52970,168,2025-11-01
52971,730,2025-02-03
52972,975,2025-10-22
52973,221,2025-09-04
52974,256,2025-07-06
52975,476,2025-05-17
52976,725,2025-05-16
52977,959,2025-05-12
52978,796,2025-12-12
52979,795,2025-01-10
52980,442,2025-08-20
52981,646,2025-12-28
52982,212,2025-07-18
52983,464,2025-08-22
52984,189,2025-08-07
52985,28,2025-07-04
52986,857,2025-08-18
52987,805,2025-11-26
52988,511,2025-09-18
52989,15,2025-11-07
52990,91,2025-07-21
52991,112,2025-10-10
52992,718,2025-11-16
52993,204,2025-03-19
52994,251,2025-11-10
52995,862,2025-09-08
52996,877,2025-06-11
52997,764,2025-10-10
52998,310,2025-03-03
52999,580,2025-09-12
53000,201,2025-07-30
53001,858,2025-11-21
53002,85,2025-08-15
53003,745,2025-07-11
53004,512,2025-07-11
53005,758,2025-07-22
53006,451,2025-11-22
53007,159,2025-10-14
53008,752,2025-02-03
53009,632,2025-07-14
53010,465,2025-04-15
53011,373,2025-03-02
53012,344,2025-11-13
53013,482,2025-11-09
53014,262,2025-12-09
53015,283,2025-05-24
53016,279,2025-06-05
53017,13,2025-10-11
53018,928,2025-03-12
53019,237,2025-01-20
53020,166,2025-06-03
53021,152,2025-08-18
53022,989,2025-06-16
53023,477,2025-03-19
53024,327,2025-07-09
53025,404,2025-12-11
53026,89,2025-04-11
53027,314,2025-05-27
53028,249,2025-04-25
53029,804,2025-04-18
53030,59,2025-08-28
53031,426,2025-05-17
53032,791,2025-08-15
53033,834,2025-01-08
53034,513,2025-08-30
53035,223,2025-02-08
53036,337,2025-05-18
53037,223,2025-11-15
53038,663,2025-05-03
53039,293,2025-09-12
53040,631,2025-05-09
53041,656,2025-11-26
53042,940,2025-12-14
53043,371,2025-11-28
53044,962,2025-05-25
53045,401,2025-04-26
53046,681,2025-08-10
53047,662,2025-10-26
53048,818,2025-07-10
53049,470,2025-09-27
53050,793,2025-11-16
53051,356,2025-10-02
53052,492,2025-05-15
53053,500,2025-04-02
53054,705,2025-06-08
53055,619,2025-07-29
53056,79,2025-11-04
53057,810,2025-04-20
53058,759,2025-02-28
53059,105,2025-04-26
53060,962,2025-08-05
53061,661,2025-03-26
53062,85,2025-05-26
53063,492,2025-04-04
53064,837,2025-12-26
53065,280,2025-07-07
53066,933,2025-09-21
53067,419,2025-07-09
53068,227,2025-01-04
53069,357,2025-04-07
53070,525,2025-11-03
53071,689,2025-07-06
53072,928,2025-09-14
53073,195,2025-10-06
53074,961,2025-07-24
53075,528,2025-07-30
53076,128,2025-03-28
53077,927,2025-04-01
53078,350,2025-02-24
53079,621,2025-04-19
53080,699,2025-08-18
53081,14,2025-12-05
53082,222,2025-06-10
53083,687,2025-08-08
53084,325,2025-11-11
53085,10,2025-09-05
53086,24,2025-04-06
53087,827,2025-04-13
53088,154,2025-08-21
53089,101,2025-04-16
53090,563,2025-04-01
53091,119,2025-08-05
53092,654,2025-08-21
53093,545,2025-04-03
53094,649,2025-01-18
53095,492,2025-10-08
53096,779,2025-05-23
53097,645,2025-08-20
53098,416,2025-03-05
53099,16,2025-04-25
53100,274,2025-08-10
53101,132,2025-02-15
53102,16,2025-04-26
53103,274,2025-09-20
53104,207,2025-10-09
53105,77,2025-05-09
53106,313,2025-02-11
53107,507,2025-01-10
53108,179,2025-07-23
53109,274,2025-09-11
53110,21,2025-08-05
53111,51,2025-05-28
53112,158,2025-01-09
53113,453,2025-03-24
53114,667,2025-01-14
53115,789,2025-06-18
53116,630,2025-04-23
53117,617,2025-01-26
53118,936,2025-08-11
53119,256,2025-05-16
53120,799,2025-12-18
53121,937,2025-06-02
53122,568,2025-02-03
53123,841,2025-09-15
53124,138,2025-09-14
53125,879,2025-12-06
53126,565,2025-09-10
53127,222,2025-05-13
53128,62,2025-09-02
53129,720,2025-10-19
53130,431,2025-07-08
53131,311,2025-10-18
53132,391,2025-12-19
53133,992,2025-10-03
53134,428,2025-07-03
53135,79,2025-06-29
53136,280,2025-11-02
53137,146,2025-11-15
53138,686,2025-04-06
53139,801,2025-01-04
53140,841,2025-10-22
53141,633,2025-03-28
53142,769,2025-12-30
53143,418,2025-01-14
53144,628,2025-11-29
53145,107,2025-09-05
53146,539,2025-04-21
53147,558,2025-01-13
53148,32,2025-11-05
53149,549,2025-02-13
53150,723,2025-02-04
53151,368,2025-10-16
53152,545,2025-09-05
53153,287,2025-02-16
53154,271,2025-05-05
53155,130,2025-09-01
53156,328,2025-08-29
53157,804,2025-05-13
53158,936,2025-05-31
53159,636,2025-01-30
53160,625,2025-01-04
53161,614,2025-12-20
53162,476,2025-03-26
53163,424,2025-12-05
53164,621,2025-01-16
53165,785,2025-12-28
53166,414,2025-06-05
53167,566,2025-10-22
53168,471,2025-11-03
53169,286,2025-05-09
53170,291,2025-09-27
53171,79,2025-05-02
53172,440,2025-10-15
53173,713,2025-12-17
53174,686,2025-10-22
53175,986,2025-09-23
53176,40,2025-05-16
53177,761,2025-02-09
53178,796,2025-07-04
53179,437,2025-02-17
53180,283,2025-07-05
53181,358,2025-11-14
53182,683,2025-02-11
53183,863,2025-11-25
53184,643,2025-08-07
53185,515,2025-01-18
53186,653,2025-09-20
53187,71,2025-01-01
53188,609,2025-08-12
53189,43,2025-07-05
53190,960,2025-09-30
53191,890,2025-05-18
53192,509,2025-02-13
53193,375,2025-05-22
53194,733,2025-10-05
53195,638,2025-12-15
53196,706,2025-03-17
53197,516,2025-05-09
53198,237,2025-11-17
53199,74,2025-04-25
53200,284,2025-03-31
53201,529,2025-10-31
53202,425,2025-06-29
53203,507,2025-08-01
53204,278,2025-06-27
53205,938,2025-08-09
53206,367,2025-04-09
53207,847,2025-09-25
53208,391,2025-05-13
53209,444,2025-07-11
53210,604,2025-03-09
53211,264,2025-01-05
53212,220,2025-07-28
53213,380,2025-02-20
53214,805,2025-11-30
53215,145,2025-12-17
53216,438,2025-04-26
53217,673,2025-04-16
53218,707,2025-07-05
53219,435,2025-03-16
53220,82,2025-11-11
53221,16,2025-02-07
53222,470,2025-06-15
53223,811,2025-03-10
53224,29,2025-10-31
53225,888,2025-02-22
53226,676,2025-06-12
53227,9,2025-11-01
53228,344,2025-06-10
53229,221,2025-03-09
53230,950,2025-02-27
53231,555,2025-08-09
53232,325,2025-02-15
53233,279,2025-05-10
53234,564,2025-08-12
53235,6,2025-05-19
53236,258,2025-10-29
53237,166,2025-09-09
53238,621,2025-02-19
53239,670,2025-10-26
53240,468,2025-11-29
53241,141,2025-03-15
53242,371,2025-05-11
53243,843,2025-05-25
53244,204,2025-06-05
53245,164,2025-06-19
53246,112,2025-11-23
53247,817,2025-08-26
53248,120,2025-11-24
53249,582,2025-05-08
53250,1000,2025-07-11
53251,642,2025-02-08
53252,413,2025-04-12
53253,207,2025-08-02
53254,2,2025-03-04
53255,156,2025-12-17
53256,953,2025-04-10
53257,144,2025-02-28
53258,20,2025-10-12
53259,817,2025-02-02
53260,419,2025-04-29
53261,357,2025-03-14
53262,718,2025-09-11
53263,524,2025-11-04
53264,915,2025-03-13
53265,468,2025-06-01
53266,713,2025-06-24
53267,879,2025-09-10
53268,464,2025-05-09
53269,285,2025-07-10
53270,975,2025-07-03
53271,227,2025-01-05
53272,40,2025-07-28
53273,579,2025-07-27
53274,987,2025-12-28
53275,87,2025-07-06
53276,850,2025-11-25
53277,831,2025-05-08
53278,929,2025-09-11
53279,422,2025-11-26
53280,255,2025-02-26
53281,513,2025-07-26
53282,143,2025-12-02
53283,843,2025-07-22
53284,664,2025-11-22
53285,484,2025-06-03
53286,516,2025-11-20
53287,713,2025-08-18
53288,524,2025-06-24
53289,840,2025-03-20
53290,925,2025-03-04
53291,950,2025-04-16
53292,621,2025-10-03
53293,743,2025-06-20
53294,312,2025-05-22
53295,39,2025-06-20
53296,401,2025-05-06
53297,872,2025-10-22
53298,134,2025-05-23
53299,546,2025-06-22
53300,193,2025-07-24
53301,430,2025-08-24
53302,144,2025-05-02
53303,735,2025-01-27
53304,811,2025-09-09
53305,759,2025-07-24
53306,705,2025-08-25
53307,236,2025-07-18
53308,531,2025-07-05
53309,105,2025-12-13
53310,375,2025-01-20
53311,506,2025-02-03
53312,669,2025-12-08
53313,97,2025-11-20
53314,813,2025-05-31
53315,459,2025-07-17
53316,882,2025-06-14
53317,528,2025-12-30
53318,548,2025-06-16
53319,693,2025-10-05
53320,820,2025-05-14
53321,158,2025-05-20
53322,512,2025-09-04
53323,30,2025-05-26
53324,475,2025-01-06
53325,814,2025-03-05
53326,866,2025-11-15
53327,284,2025-05-14
53328,387,2025-02-07
53329,552,2025-12-09
53330,396,2025-12-31
53331,179,2025-07-02
53332,305,2025-08-18
53333,405,2025-10-03
53334,519,2025-01-25
53335,921,2025-04-19
53336,545,2025-07-25
53337,388,2025-07-20
53338,661,2025-05-01
53339,774,2025-01-01
53340,431,2025-12-14
53341,490,2025-08-13
53342,218,2025-10-03
53343,865,2025-06-09
53344,867,2025-07-05
53345,175,2025-06-12
53346,347,2025-06-06
53347,272,2025-09-02
53348,923,2025-12-30
53349,66,2025-10-11
53350,208,2025-09-01
53351,315,2025-01-05
53352,561,2025-07-07
53353,249,2025-12-15
53354,537,2025-05-26
53355,748,2025-07-20
53356,829,2025-04-29
53357,100,2025-03-11
53358,139,2025-09-15
53359,96,2025-04-25
53360,910,2025-08-03
53361,653,2025-08-05
53362,532,2025-11-06
53363,791,2025-12-09
53364,587,2025-07-22
53365,236,2025-01-19
53366,511,2025-08-01
53367,704,2025-11-19
53368,37,2025-06-24
53369,607,2025-07-26
53370,498,2025-10-06
53371,70,2025-06-10
53372,264,2025-06-01
53373,449,2025-06-25
53374,343,2025-11-07
53375,291,2025-06-28
53376,650,2025-04-30
53377,405,2025-08-06
53378,498,2025-09-10
53379,799,2025-11-30
53380,94,2025-11-22
53381,360,2025-10-13
53382,74,2025-10-08
53383,928,2025-06-14
53384,186,2025-05-06
53385,820,2025-07-25
53386,191,2025-09-15
53387,325,2025-07-09
53388,609,2025-03-17
53389,832,2025-01-06
53390,178,2025-01-22
53391,214,2025-06-05
53392,882,2025-10-16
53393,322,2025-10-16
53394,210,2025-10-22
53395,744,2025-09-16
53396,92,2025-01-09
53397,867,2025-11-19
53398,876,2025-12-12
53399,857,2025-11-07
53400,296,2025-06-12
53401,115,2025-03-20
53402,426,2025-11-27
53403,335,2025-03-09
53404,960,2025-10-15
53405,632,2025-12-19
53406,945,2025-11-25
53407,751,2025-07-10
53408,715,2025-11-01
53409,112,2025-10-31
53410,69,2025-12-22
53411,47,2025-05-12
53412,594,2025-08-18
53413,202,2025-10-26
53414,990,2025-03-24
53415,133,2025-03-24
53416,947,2025-05-23
53417,668,2025-05-12
53418,107,2025-10-02
53419,59,2025-12-08
53420,396,2025-02-27
53421,339,2025-04-29
53422,316,2025-12-06
53423,529,2025-08-06
53424,130,2025-03-16
53425,130,2025-08-09
53426,695,2025-11-16
53427,991,2025-05-17
53428,274,2025-06-26
53429,932,2025-08-12
53430,345,2025-11-03
53431,336,2025-07-26
53432,91,2025-12-16
53433,424,2025-10-03
53434,498,2025-06-04
53435,664,2025-06-27
53436,159,2025-09-12
53437,189,2025-01-26
53438,433,2025-03-24
53439,70,2025-03-28
53440,144,2025-10-20
53441,630,2025-10-28
53442,954,2025-10-27
53443,573,2025-02-08
53444,145,2025-04-18
53445,991,2025-04-24
53446,522,2025-01-09
53447,717,2025-04-05
53448,197,2025-06-07
53449,579,2025-11-20
53450,77,2025-03-04
53451,626,2025-11-11
53452,203,2025-10-26
53453,910,2025-02-27
53454,55,2025-04-06
53455,653,2025-06-17
53456,140,2025-12-11
53457,688,2025-10-14
53458,494,2025-12-21
53459,968,2025-04-25
53460,652,2025-11-28
53461,372,2025-12-15
53462,88,2025-08-07
53463,596,2025-02-26
53464,442,2025-04-08
53465,53,2025-02-16
53466,582,2025-10-22
53467,210,2025-04-25
53468,235,2025-09-14
53469,9,2025-04-08
53470,373,2025-12-23
53471,219,2025-10-10
53472,72,2025-05-18
53473,435,2025-06-24
53474,221,2025-01-22
53475,135,2025-02-19
53476,467,2025-12-31
53477,64,2025-10-25
53478,991,2025-11-02
53479,471,2025-08-23
53480,997,2025-03-22
53481,882,2025-02-08
53482,980,2025-09-22
53483,543,2025-05-02
53484,424,2025-01-01
53485,720,2025-01-09
53486,81,2025-07-23
53487,841,2025-11-03
53488,324,2025-05-13
53489,8,2025-12-31
53490,238,2025-05-20
53491,243,2025-09-25
53492,15,2025-03-31
53493,669,2025-08-10
53494,96,2025-04-11
53495,847,2025-10-12
53496,454,2025-06-15
53497,719,2025-01-16
53498,340,2025-04-01
53499,132,2025-05-09
53500,181,2025-06-20
53501,646,2025-04-09
53502,717,2025-07-30
53503,268,2025-12-18
53504,358,2025-09-17
53505,946,2025-04-24
53506,852,2025-09-05
53507,414,2025-12-19
53508,241,2025-03-30
53509,302,2025-03-26
53510,539,2025-01-15
53511,567,2025-11-04
53512,185,2025-10-31
53513,66,2025-06-01
53514,496,2025-11-15
53515,798,2025-08-26
53516,153,2025-12-24
53517,409,2025-12-03
53518,162,2025-12-17
53519,243,2025-05-24
53520,613,2025-08-20
53521,287,2025-03-03
53522,264,2025-11-23
53523,996,2025-04-27
53524,173,2025-06-13
53525,190,2025-08-05
53526,930,2025-10-15
53527,551,2025-09-25
53528,44,2025-12-15
53529,425,2025-09-18
53530,566,2025-10-18
53531,254,2025-07-28
53532,549,2025-06-01
53533,649,2025-11-30
53534,251,2025-05-18
53535,813,2025-08-15
53536,453,2025-04-17
53537,964,2025-06-26
53538,88,2025-05-14
53539,325,2025-04-05
53540,722,2025-10-27
53541,895,2025-10-08
53542,222,2025-09-14
53543,981,2025-01-31
53544,194,2025-04-02
53545,417,2025-03-21
53546,315,2025-09-17
53547,425,2025-11-22
53548,903,2025-05-19
53549,733,2025-05-01
53550,797,2025-07-23
53551,254,2025-12-27
53552,947,2025-05-16
53553,436,2025-04-12
53554,652,2025-07-10
53555,698,2025-12-01
53556,663,2025-09-24
53557,602,2025-07-09
53558,481,2025-09-24
53559,648,2025-01-06
53560,906,2025-10-02
53561,390,2025-02-05
53562,511,2025-05-23
53563,181,2025-05-08
53564,356,2025-09-10
53565,773,2025-03-29
53566,641,2025-03-29
53567,212,2025-11-19
53568,547,2025-06-24
53569,812,2025-09-28
53570,125,2025-08-01
53571,62,2025-08-15
53572,393,2025-09-08
53573,657,2025-09-01
53574,314,2025-11-29
53575,822,2025-10-14
53576,847,2025-04-22
53577,533,2025-03-03
53578,379,2025-11-05
53579,42,2025-05-16
53580,822,2025-04-24
53581,896,2025-02-10
53582,443,2025-07-21
53583,517,2025-07-06
53584,754,2025-10-30
53585,696,2025-10-01
53586,136,2025-09-21
53587,673,2025-07-16
53588,925,2025-11-11
53589,751,2025-12-25
53590,481,2025-10-25
53591,524,2025-05-08
53592,260,2025-04-11
53593,661,2025-01-01
53594,242,2025-12-29
53595,342,2025-09-25
53596,266,2025-12-09
53597,336,2025-10-15
53598,367,2025-06-07
53599,83,2025-02-22
53600,718,2025-01-18
53601,441,2025-10-17
53602,950,2025-04-21
53603,181,2025-05-19
53604,670,2025-11-02
53605,180,2025-06-25
53606,548,2025-12-14
53607,491,2025-07-19
53608,449,2025-10-31
53609,655,2025-02-15
53610,829,2025-05-25
53611,317,2025-03-08
53612,850,2025-01-21
53613,185,2025-12-28
53614,294,2025-07-08
53615,311,2025-05-10
53616,954,2025-05-18
53617,119,2025-03-29
53618,396,2025-02-14
53619,425,2025-11-30
53620,801,2025-02-08
53621,486,2025-05-21
53622,967,2025-02-25
53623,741,2025-12-06
53624,704,2025-03-17
53625,753,2025-05-24
53626,162,2025-10-03
53627,450,2025-07-28
53628,587,2025-05-20
53629,209,2025-07-25
53630,119,2025-06-09
53631,136,2025-04-16
53632,790,2025-08-07
53633,657,2025-05-14
53634,282,2025-12-17
53635,738,2025-06-19
53636,696,2025-10-04
53637,817,2025-03-27
53638,911,2025-08-24
53639,883,2025-07-24
53640,182,2025-09-29
53641,770,2025-06-18
53642,393,2025-09-20
53643,404,2025-01-22
53644,648,2025-09-09
53645,603,2025-10-03
53646,420,2025-07-01
53647,1000,2025-01-13
53648,175,2025-07-26
53649,97,2025-10-13
53650,30,2025-06-18
53651,815,2025-02-04
53652,407,2025-05-25
53653,438,2025-12-29
53654,650,2025-04-09
53655,436,2025-07-13
53656,574,2025-05-10
53657,59,2025-09-18
53658,157,2025-06-06
53659,933,2025-05-21
53660,451,2025-07-31
53661,168,2025-07-28
53662,370,2025-07-02
53663,335,2025-04-05
53664,275,2025-02-09
53665,294,2025-09-10
53666,730,2025-05-05
53667,107,2025-08-12
53668,310,2025-05-18
53669,468,2025-11-08
53670,541,2025-09-16
53671,881,2025-05-28
53672,924,2025-05-02
53673,298,2025-10-01
53674,540,2025-01-03
53675,23,2025-01-22
53676,618,2025-01-31
53677,153,2025-05-07
53678,74,2025-07-01
53679,672,2025-04-17
53680,179,2025-03-10
53681,478,2025-04-25
53682,101,2025-06-30
53683,746,2025-04-19
53684,765,2025-07-29
53685,575,2025-05-20
53686,836,2025-12-07
53687,437,2025-12-29
53688,187,2025-08-28
53689,152,2025-07-22
53690,220,2025-01-12
53691,201,2025-08-16
53692,324,2025-05-19
53693,215,2025-04-16
53694,592,2025-10-17
53695,149,2025-01-16
53696,622,2025-04-06
53697,335,2025-10-10
53698,687,2025-12-04
53699,513,2025-07-07
53700,906,2025-07-13
53701,440,2025-12-19
53702,296,2025-02-03
53703,590,2025-06-25
53704,659,2025-03-30
53705,440,2025-06-24
53706,560,2025-11-27
53707,471,2025-08-06
53708,306,2025-12-28
53709,314,2025-07-04
53710,908,2025-11-12
53711,676,2025-03-03
53712,96,2025-04-28
53713,963,2025-04-10
53714,713,2025-10-08
53715,51,2025-07-07
53716,728,2025-03-23
53717,590,2025-03-05
53718,916,2025-05-21
53719,490,2025-02-26
53720,519,2025-09-12
53721,315,2025-11-06
53722,322,2025-12-20
53723,618,2025-03-28
53724,828,2025-06-10
53725,891,2025-07-03
53726,771,2025-06-30
53727,610,2025-06-15
53728,501,2025-03-22
53729,340,2025-02-10
53730,768,2025-05-28
53731,319,2025-02-03
53732,268,2025-01-24
53733,868,2025-07-11
53734,590,2025-11-10
53735,355,2025-07-17
53736,866,2025-01-09
53737,963,2025-11-03
53738,318,2025-09-07
53739,522,2025-04-21
53740,484,2025-04-10
53741,702,2025-11-25
53742,952,2025-06-23
53743,549,2025-02-21
53744,799,2025-04-13
53745,596,2025-04-07
53746,888,2025-05-27
53747,405,2025-05-07
53748,386,2025-07-19
53749,423,2025-04-28
53750,997,2025-08-22
53751,612,2025-06-29
53752,153,2025-12-10
53753,41,2025-10-30
53754,519,2025-05-02
53755,806,2025-01-16
53756,480,2025-08-02
53757,561,2025-05-04
53758,799,2025-11-26
53759,517,2025-05-29
53760,909,2025-04-16
53761,638,2025-05-04
53762,732,2025-11-12
53763,782,2025-02-11
53764,627,2025-12-16
53765,51,2025-03-27
53766,428,2025-11-06
53767,142,2025-07-18
53768,511,2025-07-27
53769,144,2025-03-16
53770,510,2025-09-21
53771,344,2025-08-25
53772,21,2025-06-25
53773,125,2025-06-17
53774,504,2025-08-06
53775,79,2025-06-22
53776,856,2025-12-22
53777,759,2025-01-16
53778,710,2025-04-02
53779,173,2025-11-07
53780,796,2025-10-17
53781,635,2025-05-08
53782,391,2025-07-04
53783,1,2025-01-10
53784,529,2025-03-06
53785,796,2025-12-11
53786,34,2025-08-23
53787,53,2025-01-15
53788,383,2025-10-17
53789,512,2025-05-28
53790,475,2025-07-27
53791,427,2025-11-09
53792,256,2025-11-02
53793,60,2025-02-19
53794,32,2025-05-14
53795,99,2025-04-10
53796,691,2025-11-30
53797,786,2025-10-12
53798,436,2025-08-25
53799,78,2025-01-22
53800,416,2025-10-21
53801,986,2025-07-24
53802,250,2025-04-10
53803,492,2025-06-11
53804,538,2025-06-12
53805,330,2025-04-19
53806,439,2025-11-29
53807,472,2025-12-01
53808,474,2025-01-19
53809,718,2025-12-08
53810,581,2025-05-28
53811,54,2025-10-19
53812,7,2025-10-12
53813,411,2025-08-07
53814,908,2025-09-29
53815,37,2025-09-06
53816,72,2025-11-07
53817,680,2025-06-04
53818,451,2025-09-27
53819,231,2025-12-24
53820,208,2025-12-12
53821,666,2025-02-24
53822,524,2025-07-01
53823,639,2025-07-06
53824,281,2025-08-16
53825,527,2025-08-25
53826,861,2025-11-06
53827,317,2025-07-14
53828,397,2025-09-14
53829,164,2025-11-25
53830,639,2025-02-07
53831,33,2025-08-23
53832,249,2025-05-14
53833,714,2025-11-27
53834,20,2025-07-21
53835,990,2025-08-09
53836,405,2025-10-03
53837,399,2025-03-30
53838,537,2025-07-18
53839,640,2025-10-10
53840,460,2025-10-11
53841,885,2025-03-25
53842,963,2025-11-02
53843,201,2025-03-01
53844,707,2025-04-07
53845,301,2025-11-09
53846,996,2025-08-13
53847,254,2025-07-17
53848,296,2025-07-23
53849,715,2025-12-20
53850,790,2025-03-24
53851,129,2025-04-20
53852,556,2025-06-28
53853,346,2025-11-05
53854,612,2025-07-20
53855,557,2025-09-22
53856,986,2025-10-26
53857,934,2025-11-22
53858,654,2025-06-18
53859,680,2025-06-17
53860,899,2025-01-30
53861,184,2025-01-30
53862,726,2025-06-27
53863,773,2025-10-01
53864,128,2025-11-02
53865,882,2025-05-30
53866,700,2025-07-28
53867,348,2025-10-24
53868,485,2025-04-27
53869,490,2025-02-27
53870,919,2025-12-03
53871,970,2025-07-19
53872,807,2025-02-26
53873,653,2025-04-02
53874,105,2025-04-30
53875,915,2025-03-15
53876,134,2025-06-09
53877,167,2025-10-24
53878,70,2025-09-27
53879,948,2025-12-01
53880,494,2025-11-02
53881,236,2025-04-24
53882,81,2025-01-22
53883,412,2025-02-25
53884,724,2025-10-17
53885,995,2025-05-05
53886,553,2025-09-20
53887,608,2025-06-17
53888,836,2025-11-23
53889,902,2025-07-05
53890,280,2025-11-25
53891,992,2025-04-02
53892,520,2025-10-11
53893,931,2025-07-11
53894,118,2025-03-11
53895,98,2025-03-27
53896,885,2025-04-25
53897,673,2025-02-26
53898,176,2025-12-08
53899,895,2025-03-19
53900,103,2025-08-07
53901,683,2025-07-28
53902,206,2025-07-16
53903,71,2025-08-18
53904,807,2025-12-01
53905,848,2025-12-20
53906,106,2025-11-16
53907,94,2025-06-17
53908,615,2025-09-23
53909,29,2025-03-09
53910,747,2025-11-19
53911,916,2025-03-13
53912,752,2025-02-11
53913,231,2025-10-30
53914,191,2025-10-04
53915,681,2025-02-20
53916,62,2025-12-19
53917,538,2025-02-10
53918,449,2025-01-18
53919,745,2025-12-15
53920,203,2025-03-23
53921,763,2025-03-27
53922,700,2025-10-17
53923,239,2025-08-10
53924,357,2025-07-09
53925,67,2025-12-27
53926,450,2025-02-01
53927,261,2025-12-04
53928,114,2025-04-08
53929,560,2025-08-16
53930,568,2025-04-29
53931,86,2025-04-17
53932,186,2025-04-28
53933,83,2025-07-24
53934,679,2025-11-17
53935,339,2025-02-11
53936,72,2025-08-30
53937,192,2025-11-10
53938,976,2025-09-26
53939,256,2025-12-24
53940,685,2025-01-05
53941,469,2025-05-13
53942,182,2025-06-06
53943,308,2025-07-15
53944,15,2025-04-27
53945,747,2025-04-03
53946,335,2025-11-07
53947,500,2025-03-26
53948,153,2025-12-15
53949,825,2025-01-14
53950,219,2025-06-04
53951,567,2025-08-11
53952,873,2025-12-22
53953,714,2025-10-07
53954,604,2025-01-06
53955,889,2025-10-01
53956,177,2025-04-29
53957,964,2025-11-10
53958,557,2025-10-10
53959,410,2025-03-12
53960,256,2025-05-12
53961,745,2025-10-27
53962,977,2025-12-03
53963,691,2025-08-09
53964,33,2025-03-21
53965,470,2025-05-23
53966,733,2025-10-18
53967,398,2025-08-07
53968,773,2025-03-15
53969,708,2025-04-15
53970,68,2025-03-13
53971,558,2025-06-21
53972,172,2025-06-12
53973,487,2025-07-17
53974,385,2025-12-11
53975,807,2025-08-26
53976,869,2025-08-02
53977,462,2025-05-14
53978,537,2025-08-20
53979,627,2025-12-15
53980,656,2025-01-04
53981,636,2025-05-08
53982,784,2025-01-21
53983,982,2025-03-16
53984,829,2025-01-25
53985,135,2025-08-05
53986,477,2025-10-27
53987,462,2025-12-10
53988,509,2025-03-28
53989,529,2025-09-13
53990,719,2025-05-01
53991,422,2025-04-26
53992,264,2025-08-11
53993,458,2025-09-05
53994,855,2025-08-02
53995,312,2025-02-06
53996,21,2025-05-30
53997,977,2025-04-15
53998,196,2025-01-02
53999,603,2025-01-15
54000,801,2025-06-14
54001,275,2025-02-06
54002,341,2025-09-27
54003,281,2025-01-21
54004,150,2025-03-27
54005,153,2025-12-26
54006,187,2025-09-16
54007,459,2025-07-23
54008,531,2025-01-06
54009,16,2025-01-16
54010,847,2025-11-28
54011,676,2025-10-19
54012,71,2025-12-13
54013,843,2025-10-22
54014,31,2025-01-01
54015,561,2025-10-22
54016,466,2025-06-17
54017,503,2025-09-10
54018,957,2025-06-01
54019,928,2025-09-21
54020,280,2025-11-04
54021,580,2025-12-22
54022,960,2025-07-17
54023,729,2025-04-12
54024,888,2025-08-12
54025,435,2025-07-02
54026,284,2025-03-15
54027,511,2025-09-22
54028,817,2025-01-29
54029,929,2025-05-28
54030,686,2025-09-10
54031,707,2025-12-03
54032,512,2025-08-15
54033,320,2025-12-24
54034,423,2025-10-31
54035,498,2025-03-28
54036,816,2025-11-05
54037,556,2025-05-03
54038,794,2025-08-19
54039,28,2025-03-15
54040,757,2025-07-16
54041,508,2025-09-06
54042,999,2025-11-30
54043,472,2025-12-11
54044,479,2025-10-20
54045,128,2025-07-23
54046,807,2025-11-19
54047,702,2025-02-08
54048,863,2025-12-30
54049,93,2025-03-16
54050,212,2025-05-28
54051,877,2025-11-28
54052,43,2025-09-19
54053,509,2025-11-07
54054,405,2025-09-09
54055,940,2025-08-08
54056,857,2025-03-05
54057,897,2025-12-30
54058,290,2025-08-21
54059,588,2025-09-01
54060,701,2025-06-06
54061,968,2025-12-14
54062,8,2025-06-14
54063,978,2025-03-11
54064,356,2025-03-07
54065,129,2025-09-12
54066,616,2025-09-29
54067,782,2025-03-17
54068,130,2025-09-12
54069,41,2025-12-31
54070,897,2025-07-14
54071,934,2025-12-21
54072,157,2025-02-27
54073,905,2025-05-28
54074,910,2025-07-23
54075,998,2025-05-11
54076,217,2025-02-06
54077,579,2025-06-17
54078,995,2025-05-04
54079,903,2025-03-16
54080,605,2025-05-16
54081,198,2025-06-02
54082,85,2025-11-19
54083,260,2025-06-29
54084,66,2025-06-01
54085,196,2025-05-23
54086,75,2025-08-07
54087,763,2025-04-11
54088,590,2025-11-16
54089,518,2025-06-02
54090,810,2025-06-05
54091,411,2025-01-24
54092,403,2025-11-19
54093,207,2025-06-21
54094,445,2025-02-19
54095,175,2025-03-04
54096,590,2025-05-14
54097,998,2025-10-12
54098,534,2025-02-04
54099,300,2025-02-13
54100,689,2025-07-24
54101,821,2025-07-02
54102,472,2025-12-16
54103,251,2025-10-02
54104,714,2025-08-28
54105,188,2025-05-03
54106,998,2025-08-17
54107,318,2025-08-02
54108,351,2025-04-12
54109,727,2025-05-16
54110,13,2025-12-06
54111,203,2025-07-16
54112,126,2025-06-22
54113,392,2025-10-18
54114,554,2025-04-08
54115,180,2025-03-22
54116,345,2025-12-27
54117,773,2025-10-21
54118,940,2025-06-04
54119,15,2025-12-12
54120,628,2025-05-16
54121,26,2025-09-04
54122,521,2025-01-13
54123,880,2025-09-12
54124,799,2025-03-07
54125,233,2025-03-30
54126,259,2025-10-23
54127,784,2025-03-17
54128,820,2025-06-26
54129,281,2025-12-03
54130,4,2025-12-15
54131,445,2025-06-12
54132,620,2025-01-31
54133,444,2025-04-15
54134,935,2025-08-13
54135,814,2025-05-03
54136,788,2025-09-20
54137,21,2025-12-29
54138,854,2025-08-15
54139,756,2025-08-17
54140,397,2025-07-13
54141,590,2025-03-10
54142,825,2025-07-31
54143,907,2025-12-07
54144,551,2025-09-09
54145,42,2025-10-02
54146,619,2025-11-12
54147,681,2025-05-22
54148,59,2025-05-03
54149,818,2025-12-21
54150,202,2025-06-17
54151,891,2025-09-25
54152,551,2025-08-21
54153,323,2025-02-15
54154,59,2025-04-25
54155,18,2025-04-30
54156,742,2025-03-07
54157,378,2025-10-12
54158,841,2025-12-19
54159,231,2025-12-19
54160,921,2025-03-13
54161,942,2025-06-14
54162,102,2025-03-26
54163,647,2025-01-23
54164,940,2025-08-14
54165,324,2025-11-10
54166,68,2025-01-29
54167,876,2025-08-23
54168,475,2025-01-13
54169,28,2025-11-04
54170,841,2025-01-24
54171,679,2025-06-08
54172,71,2025-02-14
54173,259,2025-05-31
54174,19,2025-06-06
54175,955,2025-07-17
54176,25,2025-10-30
54177,796,2025-12-30
54178,512,2025-05-05
54179,583,2025-12-03
54180,812,2025-06-06
54181,895,2025-02-13
54182,128,2025-08-08
54183,18,2025-09-21
54184,125,2025-04-21
54185,683,2025-08-04
54186,569,2025-06-07
54187,84,2025-02-22
54188,235,2025-05-22
54189,538,2025-06-06
54190,731,2025-05-05
54191,344,2025-12-01
54192,950,2025-05-22
54193,993,2025-08-17
54194,767,2025-01-05
54195,455,2025-04-25
54196,878,2025-11-20
54197,728,2025-11-22
54198,520,2025-12-23
54199,444,2025-01-21
54200,833,2025-11-11
54201,558,2025-04-08
54202,183,2025-01-03
54203,1000,2025-02-03
54204,69,2025-10-02
54205,696,2025-08-05
54206,656,2025-07-29
54207,587,2025-11-18
54208,52,2025-02-04
54209,493,2025-01-31
54210,893,2025-12-07
54211,240,2025-08-10
54212,692,2025-10-11
54213,859,2025-07-11
54214,953,2025-02-23
54215,517,2025-07-10
54216,314,2025-12-18
54217,700,2025-02-12
54218,487,2025-02-16
54219,628,2025-05-07
54220,742,2025-06-15
54221,711,2025-08-18
54222,243,2025-02-28
54223,756,2025-12-07
54224,542,2025-02-24
54225,931,2025-03-15
54226,660,2025-12-20
54227,892,2025-05-18
54228,979,2025-07-28
54229,995,2025-06-08
54230,745,2025-04-05
54231,598,2025-07-04
54232,119,2025-10-11
54233,387,2025-01-05
54234,476,2025-11-16
54235,781,2025-03-09
54236,589,2025-12-01
54237,440,2025-12-18
54238,147,2025-12-07
54239,716,2025-08-26
54240,432,2025-11-27
54241,37,2025-11-10
54242,285,2025-08-22
54243,880,2025-11-22
54244,119,2025-05-06
54245,407,2025-11-01
54246,513,2025-12-04
54247,84,2025-08-20
54248,166,2025-02-14
54249,941,2025-03-20
54250,591,2025-03-03
54251,211,2025-07-14
54252,170,2025-06-08
54253,426,2025-10-29
54254,724,2025-04-14
54255,731,2025-03-02
54256,196,2025-08-13
54257,726,2025-02-20
54258,897,2025-11-27
54259,227,2025-01-30
54260,27,2025-06-29
54261,959,2025-12-13
54262,522,2025-07-22
54263,777,2025-10-23
54264,321,2025-06-04
54265,300,2025-10-03
54266,226,2025-09-16
54267,218,2025-07-07
54268,472,2025-02-06
54269,106,2025-12-21
54270,843,2025-01-18
54271,512,2025-05-11
54272,916,2025-08-23
54273,503,2025-10-08
54274,304,2025-07-15
54275,515,2025-05-27
54276,155,2025-05-29
54277,825,2025-12-23
54278,721,2025-05-02
54279,148,2025-11-08
54280,582,2025-01-19
54281,538,2025-08-29
54282,202,2025-09-06
54283,123,2025-09-04
54284,761,2025-06-03
54285,265,2025-09-10
54286,519,2025-06-12
54287,248,2025-08-05
54288,654,2025-11-23
54289,49,2025-09-03
54290,360,2025-09-27
54291,548,2025-12-20
54292,440,2025-03-22
54293,613,2025-08-03
54294,181,2025-08-28
54295,442,2025-09-11
54296,757,2025-02-18
54297,334,2025-10-05
54298,158,2025-03-12
54299,848,2025-05-30
54300,779,2025-09-18
54301,681,2025-04-07
54302,799,2025-02-15
54303,779,2025-09-04
54304,747,2025-04-13
54305,510,2025-10-29
54306,20,2025-11-24
54307,598,2025-05-08
54308,274,2025-09-27
54309,774,2025-03-23
54310,469,2025-12-06
54311,906,2025-03-31
54312,596,2025-11-18
54313,551,2025-10-15
54314,920,2025-04-25
54315,476,2025-10-28
54316,376,2025-08-19
54317,372,2025-09-02
54318,876,2025-05-19
54319,757,2025-03-27
54320,164,2025-09-12
54321,493,2025-01-20
54322,372,2025-05-08
54323,647,2025-02-21
54324,53,2025-01-01
54325,715,2025-01-03
54326,743,2025-02-04
54327,227,2025-12-09
54328,151,2025-10-09
54329,628,2025-12-28
54330,258,2025-01-31
54331,942,2025-12-31
54332,776,2025-08-07
54333,956,2025-10-17
54334,535,2025-11-10
54335,939,2025-04-06
54336,14,2025-09-28
54337,290,2025-08-25
54338,3,2025-05-31
54339,678,2025-06-29
54340,511,2025-03-18
54341,288,2025-03-09
54342,305,2025-12-03
54343,644,2025-09-25
54344,181,2025-07-26
54345,515,2025-09-11
54346,614,2025-05-28
54347,240,2025-04-02
54348,229,2025-12-10
54349,355,2025-12-28
54350,593,2025-03-20
54351,255,2025-10-20
54352,380,2025-06-11
54353,544,2025-09-16
54354,187,2025-02-09
54355,569,2025-06-25
54356,139,2025-02-15
54357,143,2025-10-25
54358,237,2025-05-26
54359,287,2025-04-07
54360,30,2025-09-13
54361,962,2025-12-15
54362,309,2025-05-04
54363,805,2025-09-19
54364,902,2025-09-09
54365,801,2025-06-28
54366,832,2025-10-21
54367,101,2025-02-16
54368,373,2025-11-17
54369,747,2025-05-28
54370,576,2025-01-17
54371,6,2025-12-28
54372,568,2025-10-10
54373,805,2025-10-25
54374,829,2025-02-23
54375,384,2025-10-01
54376,237,2025-09-12
54377,310,2025-11-26
54378,297,2025-05-16
54379,347,2025-12-05
54380,302,2025-09-16
54381,458,2025-04-03
54382,41,2025-03-20
54383,276,2025-11-26
54384,315,2025-08-24
54385,154,2025-02-13
54386,878,2025-02-15
54387,676,2025-10-30
54388,912,2025-03-03
54389,562,2025-03-21
54390,110,2025-08-13
54391,905,2025-11-12
54392,459,2025-05-03
54393,685,2025-08-31
54394,382,2025-09-14
54395,495,2025-08-08
54396,490,2025-09-08
54397,285,2025-03-25
54398,555,2025-08-15
54399,734,2025-01-02
54400,21,2025-09-24
54401,131,2025-10-17
54402,843,2025-10-17
54403,570,2025-01-11
54404,974,2025-11-29
54405,605,2025-06-08
54406,654,2025-01-30
54407,900,2025-07-15
54408,661,2025-07-28
54409,330,2025-05-27
54410,528,2025-10-01
54411,236,2025-07-18
54412,335,2025-03-21
54413,681,2025-08-15
54414,149,2025-04-07
54415,672,2025-02-13
54416,585,2025-04-08
54417,309,2025-11-27
54418,45,2025-07-28
54419,705,2025-04-26
54420,825,2025-05-14
54421,731,2025-11-10
54422,421,2025-09-01
54423,654,2025-10-10
54424,415,2025-08-11
54425,359,2025-12-29
54426,328,2025-08-28
54427,211,2025-05-27
54428,970,2025-04-03
54429,667,2025-01-17
54430,175,2025-10-08
54431,866,2025-12-07
54432,152,2025-08-31
54433,594,2025-06-27
54434,166,2025-02-17
54435,362,2025-08-24
54436,659,2025-03-15
54437,1000,2025-08-16
54438,992,2025-04-20
54439,896,2025-11-13
54440,236,2025-12-08
54441,94,2025-03-27
54442,906,2025-04-30
54443,924,2025-12-03
54444,279,2025-01-08
54445,20,2025-07-08
54446,648,2025-02-21
54447,77,2025-06-08
54448,41,2025-01-12
54449,938,2025-02-21
54450,496,2025-05-28
54451,113,2025-01-22
54452,655,2025-10-18
54453,370,2025-07-30
54454,537,2025-06-14
54455,899,2025-06-22
54456,238,2025-11-03
54457,647,2025-11-05
54458,829,2025-01-18
54459,424,2025-09-08
54460,971,2025-06-21
54461,449,2025-10-13
54462,460,2025-10-15
54463,885,2025-09-16
54464,636,2025-09-04
54465,869,2025-03-19
54466,791,2025-11-08
54467,713,2025-09-13
54468,242,2025-04-10
54469,399,2025-03-26
54470,865,2025-07-02
54471,617,2025-05-06
54472,281,2025-09-05
54473,328,2025-05-29
54474,776,2025-03-03
54475,179,2025-05-25
54476,113,2025-10-25
54477,766,2025-10-31
54478,289,2025-04-24
54479,766,2025-10-18
54480,534,2025-02-04
54481,998,2025-12-26
54482,525,2025-10-07
54483,868,2025-01-15
54484,851,2025-09-15
54485,212,2025-06-30
54486,997,2025-11-19
54487,746,2025-03-29
54488,108,2025-11-22
54489,7,2025-11-14
54490,272,2025-04-12
54491,17,2025-06-07
54492,358,2025-08-23
54493,997,2025-03-29
54494,479,2025-12-31
54495,24,2025-03-11
54496,494,2025-03-30
54497,220,2025-07-02
54498,857,2025-06-22
54499,91,2025-01-19
54500,771,2025-11-29
54501,446,2025-03-29
54502,19,2025-02-07
54503,674,2025-07-09
54504,456,2025-12-05
54505,772,2025-01-01
54506,619,2025-06-28
54507,788,2025-11-29
54508,461,2025-11-22
54509,8,2025-03-04
54510,131,2025-08-15
54511,459,2025-11-02
54512,398,2025-09-03
54513,795,2025-08-28
54514,412,2025-10-10
54515,861,2025-06-15
54516,188,2025-01-25
54517,385,2025-08-22
54518,757,2025-08-18
54519,125,2025-11-07
54520,322,2025-12-04
54521,752,2025-05-04
54522,589,2025-12-15
54523,779,2025-01-04
54524,516,2025-12-20
54525,860,2025-02-20
54526,878,2025-08-24
54527,975,2025-09-07
54528,123,2025-08-20
54529,592,2025-12-28
54530,115,2025-07-21
54531,229,2025-02-17
54532,301,2025-08-10
54533,647,2025-04-17
54534,432,2025-08-12
54535,865,2025-05-19
54536,299,2025-01-16
54537,618,2025-08-21
54538,764,2025-02-02
54539,981,2025-04-30
54540,246,2025-08-15
54541,734,2025-11-18
54542,85,2025-04-25
54543,544,2025-04-19
54544,414,2025-04-21
54545,959,2025-07-29
54546,774,2025-03-12
54547,928,2025-07-12
54548,851,2025-10-20
54549,411,2025-01-30
54550,734,2025-12-18
54551,31,2025-07-14
54552,558,2025-08-18
54553,48,2025-08-14
54554,725,2025-12-12
54555,967,2025-08-31
54556,682,2025-11-19
54557,840,2025-04-15
54558,235,2025-03-21
54559,994,2025-08-23
54560,551,2025-02-26
54561,675,2025-02-10
54562,771,2025-03-19
54563,640,2025-04-09
54564,318,2025-02-05
54565,612,2025-09-23
54566,654,2025-08-01
54567,858,2025-03-15
54568,482,2025-04-14
54569,502,2025-12-06
54570,504,2025-11-30
54571,115,2025-02-14
54572,91,2025-08-12
54573,21,2025-04-28
54574,667,2025-05-12
54575,419,2025-08-07
54576,866,2025-12-26
54577,703,2025-08-01
54578,142,2025-12-14
54579,101,2025-10-27
54580,367,2025-10-12
54581,921,2025-10-16
54582,49,2025-10-16
54583,188,2025-04-04
54584,30,2025-12-23
54585,414,2025-12-02
54586,990,2025-08-08
54587,684,2025-09-17
54588,494,2025-11-18
54589,145,2025-02-25
54590,356,2025-01-24
54591,525,2025-12-30
54592,275,2025-07-22
54593,706,2025-09-21
54594,981,2025-07-03
54595,206,2025-07-08
54596,253,2025-01-14
54597,127,2025-04-16
54598,726,2025-02-01
54599,462,2025-06-07
54600,284,2025-01-08
54601,220,2025-10-20
54602,71,2025-04-18
54603,477,2025-09-28
54604,684,2025-01-20
54605,236,2025-01-13
54606,2,2025-06-04
54607,474,2025-10-15
54608,676,2025-10-24
54609,345,2025-07-18
54610,251,2025-08-13
54611,155,2025-09-09
54612,747,2025-09-03
54613,862,2025-09-28
54614,770,2025-01-12
54615,519,2025-06-06
54616,725,2025-11-03
54617,397,2025-06-10
54618,25,2025-02-23
54619,368,2025-08-31
54620,704,2025-04-21
54621,648,2025-07-06
54622,991,2025-07-08
54623,998,2025-09-12
54624,243,2025-12-06
54625,10,2025-09-11
54626,275,2025-12-31
54627,877,2025-01-07
54628,814,2025-10-13
54629,99,2025-06-02
54630,161,2025-09-24
54631,564,2025-02-01
54632,661,2025-07-12
54633,983,2025-01-11
54634,756,2025-08-31
54635,212,2025-03-21
54636,38,2025-02-22
54637,634,2025-01-29
54638,554,2025-04-09
54639,922,2025-12-17
54640,576,2025-12-26
54641,502,2025-01-30
54642,304,2025-12-24
54643,87,2025-08-03
54644,877,2025-04-28
54645,827,2025-12-10
54646,163,2025-03-29
54647,704,2025-03-08
54648,365,2025-03-25
54649,438,2025-02-23
54650,849,2025-06-26
54651,843,2025-02-21
54652,191,2025-03-23
54653,308,2025-05-16
54654,822,2025-08-25
54655,917,2025-11-10
54656,80,2025-01-28
54657,834,2025-08-19
54658,490,2025-02-07
54659,591,2025-12-28
54660,76,2025-04-12
54661,681,2025-11-09
54662,678,2025-10-11
54663,663,2025-04-29
54664,791,2025-04-29
54665,947,2025-04-26
54666,850,2025-06-21
54667,745,2025-06-11
54668,982,2025-08-28
54669,675,2025-06-19
54670,673,2025-10-15
54671,543,2025-06-20
54672,770,2025-04-23
54673,72,2025-04-30
54674,506,2025-09-24
54675,426,2025-02-21
54676,913,2025-04-15
54677,73,2025-04-24
54678,644,2025-08-24
54679,185,2025-02-17
54680,884,2025-06-14
54681,852,2025-09-04
54682,236,2025-12-05
54683,872,2025-06-09
54684,497,2025-12-25
54685,972,2025-08-10
54686,730,2025-10-10
54687,35,2025-03-30
54688,203,2025-12-01
54689,404,2025-04-05
54690,212,2025-02-19
54691,133,2025-01-29
54692,979,2025-08-27
54693,870,2025-08-18
54694,435,2025-03-14
54695,216,2025-11-17
54696,182,2025-04-12
54697,916,2025-08-11
54698,332,2025-07-10
54699,13,2025-08-05
54700,398,2025-09-28
54701,455,2025-12-05
54702,624,2025-09-21
54703,339,2025-11-28
54704,924,2025-11-14
54705,644,2025-05-12
54706,987,2025-07-24
54707,368,2025-03-14
54708,652,2025-12-05
54709,366,2025-12-19
54710,700,2025-11-21
54711,746,2025-09-29
54712,322,2025-11-06
54713,938,2025-10-17
54714,858,2025-03-25
54715,895,2025-04-07
54716,218,2025-07-13
54717,718,2025-06-03
54718,107,2025-09-26
54719,106,2025-09-26
54720,974,2025-12-23
54721,153,2025-10-15
54722,865,2025-01-05
54723,431,2025-05-05
54724,304,2025-04-30
54725,74,2025-08-20
54726,676,2025-05-05
54727,722,2025-12-24
54728,468,2025-04-16
54729,810,2025-06-09
54730,324,2025-10-26
54731,552,2025-05-15
54732,287,2025-01-17
54733,583,2025-05-02
54734,137,2025-05-12
54735,477,2025-08-12
54736,550,2025-09-17
54737,557,2025-07-20
54738,447,2025-05-29
54739,644,2025-07-03
54740,513,2025-02-22
54741,284,2025-03-08
54742,216,2025-08-11
54743,648,2025-11-12
54744,939,2025-07-10
54745,754,2025-01-23
54746,639,2025-12-25
54747,922,2025-04-29
54748,900,2025-10-01
54749,507,2025-11-24
54750,110,2025-12-26
54751,635,2025-02-12
54752,623,2025-03-10
54753,278,2025-08-24
54754,850,2025-10-05
54755,870,2025-11-01
54756,331,2025-07-21
54757,477,2025-02-27
54758,196,2025-09-18
54759,179,2025-09-01
54760,266,2025-06-20
54761,366,2025-08-21
54762,273,2025-03-19
54763,152,2025-10-23
54764,448,2025-01-17
54765,624,2025-11-03
54766,326,2025-11-02
54767,534,2025-09-08
54768,272,2025-10-25
54769,704,2025-11-30
54770,649,2025-03-01
54771,961,2025-07-18
54772,54,2025-08-24
54773,854,2025-12-11
54774,341,2025-09-27
54775,67,2025-08-05
54776,690,2025-07-23
54777,172,2025-02-22
54778,176,2025-04-26
54779,980,2025-06-08
54780,221,2025-11-18
54781,548,2025-11-11
54782,201,2025-08-23
54783,124,2025-02-08
54784,1,2025-09-20
54785,17,2025-06-17
54786,474,2025-08-27
54787,435,2025-06-08
54788,39,2025-09-21
54789,350,2025-03-21
54790,273,2025-02-22
54791,572,2025-03-22
54792,995,2025-12-03
54793,692,2025-01-28
54794,919,2025-04-15
54795,193,2025-05-06
54796,216,2025-11-02
54797,751,2025-05-12
54798,311,2025-11-23
54799,849,2025-12-27
54800,464,2025-08-26
54801,201,2025-05-06
54802,845,2025-08-07
54803,551,2025-09-02
54804,803,2025-02-09
54805,453,2025-11-01
54806,127,2025-06-09
54807,682,2025-11-05
54808,125,2025-08-12
54809,664,2025-11-11
54810,417,2025-01-30
54811,792,2025-01-16
54812,871,2025-02-10
54813,408,2025-11-16
54814,883,2025-12-29
54815,111,2025-12-31
54816,108,2025-05-02
54817,994,2025-04-07
54818,575,2025-05-08
54819,451,2025-10-26
54820,156,2025-04-02
54821,289,2025-07-19
54822,687,2025-08-24
54823,822,2025-05-12
54824,917,2025-06-22
54825,408,2025-08-31
54826,455,2025-10-16
54827,164,2025-03-11
54828,84,2025-07-07
54829,438,2025-02-26
54830,580,2025-01-06
54831,105,2025-08-24
54832,409,2025-06-26
54833,642,2025-04-05
54834,811,2025-01-21
54835,939,2025-12-12
54836,341,2025-10-29
54837,392,2025-12-08
54838,875,2025-02-11
54839,694,2025-01-06
54840,274,2025-03-21
54841,686,2025-02-06
54842,158,2025-06-17
54843,450,2025-08-24
54844,307,2025-03-13
54845,993,2025-05-25
54846,35,2025-07-16
54847,857,2025-04-26
54848,282,2025-06-18
54849,37,2025-08-04
54850,661,2025-12-14
54851,679,2025-04-24
54852,143,2025-02-02
54853,39,2025-11-14
54854,112,2025-07-30
54855,409,2025-06-22
54856,133,2025-09-20
54857,704,2025-12-25
54858,78,2025-02-16
54859,789,2025-11-11
54860,875,2025-08-21
54861,717,2025-08-02
54862,945,2025-11-12
54863,940,2025-04-22
54864,47,2025-10-15
54865,342,2025-07-28
54866,761,2025-12-08
54867,340,2025-06-20
54868,738,2025-09-21
54869,775,2025-07-01
54870,997,2025-05-24
54871,330,2025-05-18
54872,348,2025-12-02
54873,25,2025-11-02
54874,286,2025-03-24
54875,281,2025-11-12
54876,454,2025-08-02
54877,422,2025-02-08
54878,857,2025-10-07
54879,774,2025-03-01
54880,729,2025-11-15
54881,6,2025-06-15
54882,472,2025-12-01
54883,730,2025-06-26
54884,245,2025-02-01
54885,425,2025-10-07
54886,728,2025-09-23
54887,795,2025-04-21
54888,855,2025-03-16
54889,430,2025-11-12
54890,400,2025-10-12
54891,383,2025-04-19
54892,669,2025-09-13
54893,420,2025-03-29
54894,401,2025-03-08
54895,169,2025-08-31
54896,479,2025-10-31
54897,238,2025-12-02
54898,525,2025-06-18
54899,889,2025-02-22
54900,776,2025-07-18
54901,479,2025-09-06
54902,978,2025-12-21
54903,981,2025-02-10
54904,445,2025-08-28
54905,764,2025-07-06
54906,343,2025-08-03
54907,879,2025-02-03
54908,374,2025-01-07
54909,259,2025-08-10
54910,134,2025-03-14
54911,843,2025-08-13
54912,297,2025-01-10
54913,814,2025-10-20
54914,87,2025-05-02
54915,501,2025-06-14
54916,428,2025-05-06
54917,439,2025-06-02
54918,168,2025-07-13
54919,74,2025-08-24
54920,347,2025-09-09
54921,471,2025-12-28
54922,794,2025-03-07
54923,463,2025-11-15
54924,246,2025-08-08
54925,263,2025-04-23
54926,612,2025-12-01
54927,436,2025-09-16
54928,902,2025-03-09
54929,440,2025-03-05
54930,567,2025-08-29
54931,64,2025-09-24
54932,194,2025-01-17
54933,851,2025-08-18
54934,345,2025-07-13
54935,422,2025-12-20
54936,591,2025-09-28
54937,58,2025-11-28
54938,507,2025-01-13
54939,347,2025-10-06
54940,149,2025-05-02
54941,419,2025-07-21
54942,447,2025-11-17
54943,187,2025-11-14
54944,544,2025-03-24
54945,747,2025-03-29
54946,268,2025-09-21
54947,967,2025-11-17
54948,613,2025-08-12
54949,774,2025-01-20
54950,71,2025-03-01
54951,768,2025-10-01
54952,337,2025-09-28
54953,711,2025-11-24
54954,805,2025-07-14
54955,251,2025-06-06
54956,260,2025-02-10
54957,60,2025-10-13
54958,606,2025-12-13
54959,775,2025-01-17
54960,411,2025-06-29
54961,161,2025-05-10
54962,317,2025-09-29
54963,403,2025-10-06
54964,917,2025-03-21
54965,125,2025-12-14
54966,344,2025-02-20
54967,639,2025-10-13
54968,237,2025-09-28
54969,885,2025-03-01
54970,910,2025-09-03
54971,381,2025-04-09
54972,746,2025-04-11
54973,756,2025-02-01
54974,682,2025-09-30
54975,187,2025-10-22
54976,50,2025-07-04
54977,348,2025-10-11
54978,132,2025-05-08
54979,293,2025-07-26
54980,639,2025-10-15
54981,589,2025-06-07
54982,210,2025-08-14
54983,18,2025-02-22
54984,226,2025-07-05
54985,455,2025-11-07
54986,780,2025-10-10
54987,366,2025-04-20
54988,286,2025-07-18
54989,552,2025-08-15
54990,72,2025-12-09
54991,226,2025-10-30
54992,37,2025-10-26
54993,526,2025-10-02
54994,444,2025-05-11
54995,583,2025-05-18
54996,618,2025-06-19
54997,396,2025-06-05
54998,869,2025-12-16
54999,919,2025-11-16
55000,111,2025-11-23
55001,921,2025-08-10
55002,197,2025-03-11
55003,249,2025-02-22
55004,530,2025-04-11
55005,30,2025-08-26
55006,365,2025-05-14
55007,195,2025-08-28
55008,483,2025-11-18
55009,815,2025-05-03
55010,925,2025-12-05
55011,213,2025-07-06
55012,545,2025-10-20
55013,475,2025-01-22
55014,416,2025-04-11
55015,633,2025-12-06
55016,990,2025-11-20
55017,406,2025-07-28
55018,66,2025-01-13
55019,916,2025-01-22
55020,933,2025-06-04
55021,323,2025-11-24
55022,502,2025-05-18
55023,863,2025-11-19
55024,504,2025-07-15
55025,482,2025-02-19
55026,922,2025-07-24
55027,829,2025-05-13
55028,508,2025-03-24
55029,162,2025-09-04
55030,439,2025-03-16
55031,677,2025-11-27
55032,273,2025-10-21
55033,538,2025-10-13
55034,659,2025-01-28
55035,86,2025-12-17
55036,570,2025-06-30
55037,738,2025-09-25
55038,215,2025-03-11
55039,549,2025-10-08
55040,710,2025-04-27
55041,45,2025-09-16
55042,645,2025-04-12
55043,260,2025-12-07
55044,398,2025-09-16
55045,649,2025-06-15
55046,5,2025-06-16
55047,17,2025-01-01
55048,447,2025-04-20
55049,950,2025-10-16
55050,7,2025-10-31
55051,789,2025-12-31
55052,75,2025-02-01
55053,489,2025-04-02
55054,431,2025-10-07
55055,469,2025-05-12
55056,82,2025-04-01
55057,754,2025-04-13
55058,276,2025-12-02
55059,772,2025-11-10
55060,656,2025-01-03
55061,552,2025-11-03
55062,309,2025-07-23
55063,653,2025-11-05
55064,998,2025-08-16
55065,924,2025-09-09
55066,917,2025-07-30
55067,220,2025-09-26
55068,586,2025-10-25
55069,398,2025-07-05
55070,967,2025-02-10
55071,951,2025-02-03
55072,869,2025-06-01
55073,163,2025-06-22
55074,319,2025-11-12
55075,712,2025-01-13
55076,750,2025-11-21
55077,351,2025-01-21
55078,137,2025-07-01
55079,137,2025-06-04
55080,685,2025-07-23
55081,455,2025-01-16
55082,492,2025-10-06
55083,816,2025-02-19
55084,17,2025-10-12
55085,755,2025-07-26
55086,275,2025-11-21
55087,932,2025-12-24
55088,956,2025-11-05
55089,503,2025-06-15
55090,316,2025-06-01
55091,234,2025-08-30
55092,182,2025-08-26
55093,1000,2025-10-16
55094,188,2025-06-26
55095,447,2025-06-18
55096,480,2025-02-13
55097,680,2025-03-03
55098,843,2025-10-27
55099,558,2025-12-28
55100,759,2025-08-08
55101,567,2025-05-06
55102,437,2025-01-22
55103,158,2025-01-16
55104,209,2025-09-05
55105,433,2025-08-23
55106,47,2025-04-14
55107,317,2025-03-10
55108,463,2025-01-26
55109,473,2025-09-07
55110,815,2025-08-10
55111,968,2025-05-02
55112,730,2025-09-25
55113,80,2025-11-05
55114,409,2025-07-08
55115,730,2025-04-06
55116,595,2025-01-03
55117,458,2025-10-18
55118,437,2025-07-30
55119,406,2025-05-07
55120,580,2025-01-03
55121,179,2025-10-25
55122,518,2025-12-05
55123,206,2025-06-25
55124,681,2025-04-08
55125,865,2025-08-15
55126,508,2025-11-14
55127,388,2025-08-03
55128,941,2025-01-05
55129,660,2025-03-13
55130,429,2025-02-05
55131,29,2025-05-31
55132,16,2025-06-14
55133,222,2025-07-15
55134,237,2025-10-04
55135,722,2025-02-11
55136,501,2025-12-11
55137,1000,2025-04-07
55138,541,2025-07-10
55139,904,2025-03-18
55140,553,2025-05-10
55141,359,2025-10-31
55142,715,2025-01-17
55143,450,2025-06-26
55144,275,2025-08-02
55145,474,2025-07-28
55146,665,2025-05-19
55147,376,2025-05-18
55148,705,2025-11-28
55149,981,2025-03-29
55150,412,2025-06-25
55151,296,2025-05-13
55152,403,2025-10-07
55153,839,2025-10-22
55154,179,2025-11-06
55155,974,2025-02-01
55156,414,2025-02-05
55157,842,2025-05-18
55158,787,2025-06-10
55159,784,2025-01-24
55160,909,2025-11-23
55161,185,2025-11-24
55162,594,2025-06-04
55163,100,2025-10-08
55164,300,2025-07-26
55165,41,2025-08-28
55166,683,2025-11-15
55167,608,2025-02-03
55168,741,2025-03-26
55169,177,2025-06-06
55170,333,2025-11-23
55171,677,2025-08-05
55172,827,2025-05-25
55173,886,2025-01-11
55174,74,2025-08-05
55175,403,2025-04-09
55176,11,2025-04-30
55177,819,2025-12-30
55178,123,2025-07-12
55179,823,2025-02-20
55180,157,2025-01-18
55181,16,2025-05-22
55182,879,2025-01-24
55183,439,2025-06-06
55184,425,2025-06-01
55185,647,2025-11-18
55186,275,2025-05-03
55187,691,2025-04-11
55188,430,2025-08-13
55189,273,2025-08-22
55190,395,2025-01-14
55191,7,2025-01-31
55192,302,2025-03-03
55193,592,2025-10-11
55194,138,2025-03-18
55195,119,2025-12-29
55196,656,2025-06-10
55197,429,2025-12-07
55198,137,2025-04-01
55199,748,2025-06-04
55200,776,2025-02-20
55201,35,2025-11-05
55202,202,2025-08-07
55203,371,2025-01-28
55204,732,2025-09-29
55205,75,2025-11-20
55206,806,2025-09-08
55207,320,2025-10-23
55208,126,2025-04-11
55209,864,2025-06-07
55210,87,2025-11-08
55211,130,2025-08-10
55212,950,2025-08-12
55213,520,2025-10-07
55214,464,2025-08-13
55215,688,2025-02-16
55216,631,2025-03-19
55217,614,2025-10-12
55218,24,2025-03-30
55219,552,2025-08-31
55220,279,2025-06-23
55221,808,2025-08-15
55222,506,2025-03-28
55223,124,2025-04-24
55224,887,2025-09-09
55225,285,2025-03-04
55226,272,2025-04-23
55227,937,2025-12-31
55228,776,2025-02-25
55229,860,2025-07-30
55230,663,2025-02-25
55231,911,2025-09-16
55232,116,2025-02-16
55233,600,2025-07-29
55234,294,2025-06-10
55235,399,2025-09-10
55236,238,2025-01-02
55237,206,2025-07-08
55238,443,2025-07-17
55239,919,2025-03-29
55240,636,2025-04-19
55241,350,2025-09-15
55242,434,2025-07-21
55243,530,2025-07-31
55244,245,2025-12-08
55245,522,2025-05-28
55246,696,2025-11-14
55247,244,2025-12-22
55248,585,2025-07-30
55249,709,2025-03-19
55250,520,2025-06-02
55251,292,2025-01-17
55252,555,2025-09-12
55253,794,2025-04-10
55254,222,2025-12-03
55255,575,2025-08-27
55256,681,2025-06-28
55257,322,2025-03-10
55258,388,2025-02-06
55259,889,2025-09-03
55260,364,2025-10-07
55261,599,2025-04-08
55262,150,2025-01-04
55263,926,2025-04-27
55264,597,2025-10-07
55265,761,2025-07-31
55266,603,2025-01-31
55267,356,2025-02-11
55268,341,2025-02-08
55269,702,2025-10-04
55270,860,2025-10-13
55271,128,2025-05-29
55272,846,2025-09-09
55273,831,2025-01-08
55274,110,2025-07-25
55275,109,2025-04-10
55276,696,2025-10-27
55277,843,2025-06-28
55278,394,2025-11-07
55279,641,2025-07-25
55280,1000,2025-06-16
55281,323,2025-12-12
55282,226,2025-12-30
55283,992,2025-06-16
55284,281,2025-05-11
55285,473,2025-08-24
55286,443,2025-03-04
55287,524,2025-05-22
55288,269,2025-11-05
55289,680,2025-11-24
55290,692,2025-06-01
55291,201,2025-05-23
55292,481,2025-11-16
55293,58,2025-03-15
55294,221,2025-01-23
55295,988,2025-01-27
55296,507,2025-02-10
55297,623,2025-11-18
55298,889,2025-01-15
55299,714,2025-05-02
55300,793,2025-08-08
55301,713,2025-08-11
55302,499,2025-10-31
55303,633,2025-12-25
55304,289,2025-05-27
55305,891,2025-03-27
55306,180,2025-02-03
55307,885,2025-11-22
55308,879,2025-05-17
55309,143,2025-11-24
55310,711,2025-05-08
55311,990,2025-10-03
55312,573,2025-08-23
55313,341,2025-09-18
55314,880,2025-08-27
55315,513,2025-04-23
55316,122,2025-02-07
55317,250,2025-01-04
55318,683,2025-06-03
55319,456,2025-11-22
55320,217,2025-08-23
55321,800,2025-09-04
55322,121,2025-04-05
55323,220,2025-06-27
55324,466,2025-05-29
55325,40,2025-02-19
55326,388,2025-08-12
55327,910,2025-05-13
55328,942,2025-05-28
55329,872,2025-08-06
55330,324,2025-01-12
55331,65,2025-12-08
55332,815,2025-03-23
55333,374,2025-09-05
55334,749,2025-10-11
55335,120,2025-02-26
55336,668,2025-04-01
55337,587,2025-05-31
55338,921,2025-10-26
55339,102,2025-08-21
55340,408,2025-06-20
55341,990,2025-11-07
55342,390,2025-06-22
55343,659,2025-11-20
55344,161,2025-10-09
55345,729,2025-03-04
55346,276,2025-05-20
55347,573,2025-01-10
55348,880,2025-03-29
55349,662,2025-01-09
55350,475,2025-02-08
55351,191,2025-01-02
55352,342,2025-09-03
55353,850,2025-05-30
55354,217,2025-06-21
55355,657,2025-10-07
55356,485,2025-10-23
55357,321,2025-07-14
55358,717,2025-06-17
55359,363,2025-08-26
55360,287,2025-06-01
55361,530,2025-06-11
55362,758,2025-04-20
55363,865,2025-03-11
55364,630,2025-03-14
55365,662,2025-08-28
55366,788,2025-10-31
55367,270,2025-06-04
55368,251,2025-02-04
55369,484,2025-08-11
55370,632,2025-11-26
55371,646,2025-07-12
55372,154,2025-01-10
55373,781,2025-01-30
55374,364,2025-07-10
55375,878,2025-11-11
55376,725,2025-01-22
55377,983,2025-10-03
55378,632,2025-10-12
55379,528,2025-01-19
55380,188,2025-03-19
55381,399,2025-01-02
55382,859,2025-07-26
55383,383,2025-03-05
55384,54,2025-12-01
55385,246,2025-02-03
55386,596,2025-08-25
55387,630,2025-10-15
55388,984,2025-03-07
55389,934,2025-04-03
55390,532,2025-10-18
55391,555,2025-02-03
55392,801,2025-06-11
55393,49,2025-04-02
55394,596,2025-01-05
55395,475,2025-06-14
55396,784,2025-06-27
55397,801,2025-05-07
55398,656,2025-10-24
55399,658,2025-02-05
55400,692,2025-06-06
55401,581,2025-03-07
55402,228,2025-10-04
55403,285,2025-07-23
55404,742,2025-09-15
55405,619,2025-02-09
55406,238,2025-06-16
55407,878,2025-01-19
55408,981,2025-04-28
55409,627,2025-12-12
55410,228,2025-09-23
55411,939,2025-01-29
55412,237,2025-05-15
55413,433,2025-11-14
55414,859,2025-03-04
55415,521,2025-10-04
55416,243,2025-04-28
55417,81,2025-06-24
55418,361,2025-11-17
55419,673,2025-09-03
55420,715,2025-04-14
55421,223,2025-01-04
55422,159,2025-03-27
55423,702,2025-06-02
55424,160,2025-02-18
55425,65,2025-11-18
55426,487,2025-01-21
55427,571,2025-07-17
55428,244,2025-12-23
55429,212,2025-05-03
55430,236,2025-07-15
55431,343,2025-01-27
55432,10,2025-09-24
55433,12,2025-12-23
55434,371,2025-10-10
55435,20,2025-02-24
55436,319,2025-05-09
55437,581,2025-09-22
55438,32,2025-10-19
55439,618,2025-05-28
55440,622,2025-12-17
55441,574,2025-03-16
55442,627,2025-09-28
55443,810,2025-07-01
55444,71,2025-09-17
55445,169,2025-08-06
55446,318,2025-06-07
55447,689,2025-10-25
55448,873,2025-11-04
55449,919,2025-10-26
55450,583,2025-02-02
55451,411,2025-06-04
55452,412,2025-10-01
55453,60,2025-11-13
55454,466,2025-05-13
55455,513,2025-09-28
55456,209,2025-07-26
55457,768,2025-03-22
55458,812,2025-11-22
55459,303,2025-06-12
55460,915,2025-08-09
55461,108,2025-04-16
55462,911,2025-01-10
55463,769,2025-06-15
55464,224,2025-09-21
55465,651,2025-04-30
55466,311,2025-12-06
55467,800,2025-10-01
55468,161,2025-08-23
55469,245,2025-10-22
55470,308,2025-11-11
55471,200,2025-09-21
55472,333,2025-10-29
55473,603,2025-09-18
55474,634,2025-11-11
55475,554,2025-02-07
55476,190,2025-05-06
55477,203,2025-11-21
55478,920,2025-06-23
55479,252,2025-01-06
55480,104,2025-11-06
55481,454,2025-08-28
55482,7,2025-11-29
55483,343,2025-01-06
55484,855,2025-02-23
55485,268,2025-07-06
55486,704,2025-03-08
55487,490,2025-07-10
55488,356,2025-05-07
55489,662,2025-03-18
55490,596,2025-10-09
55491,319,2025-01-15
55492,224,2025-11-16
55493,917,2025-02-26
55494,169,2025-07-31
55495,960,2025-12-28
55496,472,2025-02-11
55497,997,2025-12-05
55498,354,2025-04-21
55499,566,2025-09-28
55500,616,2025-11-09
55501,339,2025-03-26
55502,219,2025-05-07
55503,521,2025-11-11
55504,663,2025-02-07
55505,262,2025-02-09
55506,767,2025-04-21
55507,639,2025-08-09
55508,167,2025-10-22
55509,939,2025-07-25
55510,44,2025-06-30
55511,654,2025-11-14
55512,440,2025-03-04
55513,654,2025-11-26
55514,775,2025-04-25
55515,688,2025-04-11
55516,651,2025-12-15
55517,841,2025-08-24
55518,702,2025-06-07
55519,814,2025-05-01
55520,403,2025-06-11
55521,203,2025-10-16
55522,235,2025-02-25
55523,613,2025-03-05
55524,532,2025-04-22
55525,78,2025-06-26
55526,205,2025-10-25
55527,968,2025-03-18
55528,727,2025-10-14
55529,755,2025-11-28
55530,197,2025-06-08
55531,65,2025-12-17
55532,292,2025-11-23
55533,857,2025-10-18
55534,507,2025-05-19
55535,785,2025-04-20
55536,487,2025-11-12
55537,491,2025-06-11
55538,601,2025-01-12
55539,959,2025-09-19
55540,438,2025-05-07
55541,596,2025-12-08
55542,920,2025-11-09
55543,373,2025-02-08
55544,840,2025-11-25
55545,536,2025-12-13
55546,880,2025-10-04
55547,468,2025-04-11
55548,630,2025-09-02
55549,324,2025-11-13
55550,636,2025-10-25
55551,327,2025-06-07
55552,610,2025-09-16
55553,789,2025-05-21
55554,435,2025-04-03
55555,430,2025-09-03
55556,323,2025-06-20
55557,731,2025-03-24
55558,593,2025-08-30
55559,517,2025-04-28
55560,26,2025-08-03
55561,111,2025-05-12
55562,8,2025-11-20
55563,851,2025-11-07
55564,852,2025-06-22
55565,68,2025-09-17
55566,47,2025-03-06
55567,782,2025-12-31
55568,525,2025-03-20
55569,309,2025-11-13
55570,615,2025-11-05
55571,237,2025-03-07
55572,199,2025-01-04
55573,368,2025-09-27
55574,896,2025-11-14
55575,768,2025-09-19
55576,191,2025-01-21
55577,562,2025-08-24
55578,885,2025-05-23
55579,952,2025-12-01
55580,763,2025-10-20
55581,129,2025-10-19
55582,241,2025-05-29
55583,219,2025-04-28
55584,151,2025-10-28
55585,176,2025-02-12
55586,317,2025-02-06
55587,556,2025-01-23
55588,398,2025-07-06
55589,421,2025-01-28
55590,246,2025-08-01
55591,152,2025-03-03
55592,999,2025-11-22
55593,599,2025-06-07
55594,230,2025-02-04
55595,810,2025-09-11
55596,831,2025-05-04
55597,967,2025-04-06
55598,160,2025-08-29
55599,640,2025-12-15
55600,981,2025-12-24
55601,807,2025-06-08
55602,226,2025-11-06
55603,894,2025-03-18
55604,422,2025-11-05
55605,489,2025-12-10
55606,559,2025-07-08
55607,772,2025-07-10
55608,121,2025-07-25
55609,540,2025-01-27
55610,817,2025-11-10
55611,549,2025-09-27
55612,275,2025-11-14
55613,57,2025-02-12
55614,550,2025-10-20
55615,704,2025-05-13
55616,550,2025-10-26
55617,980,2025-12-29
55618,603,2025-11-18
55619,509,2025-12-01
55620,56,2025-02-11
55621,559,2025-04-30
55622,169,2025-04-17
55623,725,2025-07-07
55624,162,2025-12-23
55625,907,2025-09-08
55626,303,2025-07-18
55627,434,2025-10-21
55628,145,2025-03-06
55629,211,2025-08-30
55630,922,2025-07-03
55631,284,2025-03-16
55632,513,2025-08-24
55633,982,2025-11-03
55634,624,2025-10-30
55635,42,2025-11-04
55636,358,2025-10-24
55637,387,2025-06-21
55638,277,2025-01-18
55639,242,2025-12-19
55640,504,2025-06-15
55641,378,2025-08-19
55642,295,2025-01-08
55643,413,2025-11-21
55644,344,2025-11-21
55645,229,2025-12-05
55646,453,2025-03-05
55647,943,2025-11-04
55648,506,2025-08-17
55649,598,2025-02-23
55650,985,2025-07-28
55651,614,2025-06-23
55652,224,2025-08-17
55653,399,2025-01-31
55654,488,2025-07-25
55655,475,2025-09-05
55656,150,2025-09-19
55657,106,2025-10-08
55658,350,2025-08-17
55659,915,2025-09-14
55660,718,2025-02-02
55661,842,2025-10-19
55662,175,2025-05-14
55663,415,2025-07-19
55664,582,2025-07-19
55665,435,2025-12-23
55666,417,2025-04-29
55667,360,2025-05-21
55668,52,2025-10-05
55669,858,2025-08-20
55670,934,2025-04-27
55671,81,2025-05-06
55672,414,2025-10-30
55673,518,2025-11-02
55674,784,2025-02-23
55675,987,2025-05-26
55676,417,2025-10-08
55677,749,2025-02-13
55678,938,2025-03-08
55679,831,2025-02-27
55680,291,2025-07-12
55681,818,2025-06-14
55682,413,2025-04-27
55683,18,2025-02-19
55684,759,2025-08-21
55685,836,2025-10-22
55686,344,2025-03-19
55687,451,2025-09-01
55688,365,2025-10-18
55689,118,2025-07-23
55690,995,2025-07-29
55691,23,2025-03-02
55692,556,2025-12-16
55693,15,2025-12-16
55694,690,2025-09-17
55695,901,2025-11-26
55696,644,2025-08-10
55697,607,2025-08-30
55698,828,2025-10-30
55699,975,2025-01-14
55700,862,2025-03-22
55701,232,2025-03-16
55702,564,2025-08-19
55703,819,2025-03-30
55704,295,2025-05-23
55705,676,2025-06-30
55706,23,2025-09-29
55707,878,2025-07-08
55708,615,2025-01-09
55709,744,2025-09-08
55710,826,2025-06-06
55711,219,2025-02-11
55712,451,2025-08-26
55713,859,2025-04-09
55714,165,2025-06-18
55715,823,2025-12-20
55716,289,2025-03-28
55717,576,2025-11-20
55718,510,2025-06-19
55719,687,2025-12-07
55720,837,2025-11-07
55721,349,2025-10-31
55722,172,2025-03-17
55723,423,2025-10-16
55724,613,2025-05-15
55725,751,2025-11-29
55726,754,2025-12-28
55727,340,2025-08-12
55728,937,2025-11-30
55729,84,2025-07-14
55730,117,2025-01-13
55731,25,2025-11-16
55732,927,2025-07-13
55733,181,2025-01-17
55734,602,2025-01-24
55735,813,2025-09-21
55736,767,2025-12-04
55737,949,2025-09-12
55738,54,2025-06-11
55739,408,2025-04-23
55740,507,2025-06-02
55741,697,2025-04-28
55742,623,2025-04-10
55743,560,2025-02-16
55744,307,2025-07-27
55745,107,2025-03-21
55746,432,2025-02-22
55747,260,2025-04-11
55748,555,2025-10-19
55749,798,2025-07-29
55750,553,2025-06-29
55751,584,2025-08-05
55752,42,2025-07-26
55753,645,2025-07-01
55754,440,2025-11-03
55755,124,2025-09-24
55756,214,2025-03-09
55757,781,2025-10-26
55758,917,2025-03-05
55759,508,2025-01-29
55760,977,2025-06-03
55761,181,2025-05-24
55762,300,2025-10-14
55763,931,2025-09-11
55764,176,2025-01-22
55765,660,2025-07-02
55766,220,2025-10-18
55767,332,2025-09-25
55768,478,2025-07-02
55769,360,2025-08-13
55770,875,2025-07-25
55771,973,2025-03-26
55772,501,2025-07-26
55773,526,2025-09-04
55774,56,2025-01-21
55775,235,2025-09-11
55776,40,2025-04-02
55777,857,2025-01-03
55778,228,2025-10-03
55779,341,2025-05-23
55780,843,2025-05-31
55781,714,2025-08-16
55782,622,2025-07-24
55783,39,2025-08-15
55784,563,2025-12-11
55785,561,2025-08-26
55786,319,2025-01-17
55787,745,2025-03-23
55788,930,2025-06-14
55789,260,2025-06-22
55790,332,2025-05-12
55791,323,2025-03-09
55792,835,2025-02-08
55793,78,2025-02-22
55794,896,2025-12-14
55795,776,2025-05-25
55796,484,2025-12-17
55797,584,2025-05-03
55798,895,2025-04-24
55799,770,2025-06-28
55800,277,2025-12-12
55801,51,2025-07-25
55802,659,2025-01-13
55803,146,2025-04-10
55804,88,2025-12-25
55805,983,2025-02-26
55806,474,2025-11-02
55807,651,2025-12-05
55808,218,2025-03-20
55809,102,2025-07-24
55810,63,2025-08-07
55811,355,2025-10-17
55812,4,2025-10-19
55813,421,2025-01-22
55814,325,2025-04-27
55815,527,2025-12-10
55816,590,2025-05-10
55817,309,2025-03-31
55818,456,2025-08-18
55819,79,2025-03-13
55820,302,2025-02-23
55821,979,2025-10-19
55822,992,2025-02-13
55823,486,2025-11-22
55824,940,2025-04-02
55825,502,2025-02-08
55826,126,2025-09-28
55827,868,2025-03-06
55828,416,2025-05-14
55829,613,2025-05-09
55830,649,2025-07-05
55831,309,2025-06-22
55832,734,2025-03-13
55833,502,2025-03-27
55834,367,2025-03-12
55835,298,2025-01-21
55836,747,2025-08-26
55837,250,2025-06-21
55838,125,2025-02-09
55839,882,2025-05-01
55840,332,2025-09-01
55841,642,2025-04-15
55842,717,2025-05-27
55843,839,2025-09-29
55844,626,2025-09-03
55845,708,2025-09-13
55846,838,2025-05-20
55847,944,2025-06-26
55848,47,2025-11-05
55849,744,2025-11-15
55850,175,2025-01-21
55851,892,2025-11-02
55852,49,2025-11-23
55853,247,2025-12-11
55854,193,2025-04-09
55855,604,2025-07-02
55856,5,2025-01-16
55857,18,2025-02-10
55858,505,2025-07-25
55859,972,2025-03-17
55860,529,2025-03-23
55861,446,2025-04-19
55862,658,2025-06-17
55863,552,2025-02-25
55864,385,2025-10-20
55865,589,2025-09-01
55866,4,2025-10-16
55867,245,2025-12-05
55868,674,2025-08-08
55869,342,2025-05-13
55870,55,2025-12-23
55871,125,2025-07-26
55872,867,2025-06-19
55873,330,2025-06-01
55874,23,2025-01-15
55875,729,2025-12-15
55876,531,2025-10-27
55877,452,2025-09-13
55878,895,2025-03-22
55879,314,2025-12-05
55880,573,2025-03-06
55881,745,2025-03-30
55882,609,2025-01-26
55883,208,2025-04-16
55884,682,2025-04-30
55885,744,2025-10-18
55886,123,2025-04-30
55887,166,2025-12-15
55888,675,2025-04-21
55889,119,2025-07-11
55890,881,2025-08-05
55891,110,2025-10-30
55892,975,2025-10-02
55893,672,2025-11-13
55894,444,2025-12-09
55895,269,2025-02-12
55896,345,2025-02-04
55897,749,2025-06-13
55898,754,2025-02-24
55899,209,2025-06-30
55900,543,2025-08-04
55901,993,2025-04-11
55902,258,2025-02-05
55903,694,2025-12-19
55904,173,2025-05-16
55905,835,2025-11-03
55906,171,2025-08-16
55907,298,2025-08-30
55908,460,2025-10-12
55909,371,2025-04-07
55910,171,2025-03-21
55911,641,2025-12-30
55912,20,2025-09-01
55913,984,2025-04-17
55914,53,2025-08-24
55915,334,2025-05-24
55916,930,2025-11-10
55917,156,2025-07-05
55918,73,2025-04-25
55919,744,2025-09-09
55920,74,2025-10-01
55921,900,2025-05-17
55922,452,2025-10-02
55923,870,2025-03-27
55924,246,2025-03-29
55925,142,2025-10-29
55926,963,2025-08-15
55927,763,2025-01-13
55928,911,2025-09-04
55929,320,2025-04-22
55930,405,2025-04-11
55931,578,2025-06-04
55932,449,2025-06-14
55933,243,2025-11-22
55934,376,2025-06-09
55935,609,2025-04-19
55936,38,2025-10-10
55937,336,2025-07-18
55938,293,2025-01-01
55939,71,2025-08-19
55940,123,2025-07-02
55941,496,2025-07-29
55942,103,2025-03-09
55943,345,2025-06-24
55944,561,2025-08-25
55945,874,2025-09-05
55946,99,2025-09-06
55947,435,2025-12-31
55948,103,2025-07-02
55949,429,2025-06-06
55950,481,2025-07-17
55951,800,2025-05-01
55952,443,2025-04-25
55953,936,2025-09-09
55954,138,2025-04-25
55955,54,2025-10-01
55956,5,2025-09-29
55957,357,2025-12-14
55958,193,2025-02-18
55959,92,2025-05-13
55960,236,2025-10-09
55961,975,2025-06-06
55962,801,2025-08-28
55963,19,2025-09-26
55964,916,2025-11-19
55965,206,2025-03-24
55966,406,2025-04-05
55967,328,2025-06-21
55968,406,2025-07-04
55969,761,2025-11-27
55970,713,2025-01-15
55971,595,2025-03-31
55972,627,2025-11-30
55973,728,2025-08-13
55974,185,2025-09-04
55975,396,2025-04-02
55976,108,2025-08-16
55977,705,2025-05-15
55978,438,2025-09-25
55979,638,2025-02-03
55980,565,2025-04-14
55981,274,2025-08-24
55982,139,2025-08-09
55983,973,2025-11-03
55984,294,2025-10-20
55985,110,2025-01-06
55986,306,2025-02-02
55987,903,2025-05-10
55988,262,2025-12-16
55989,987,2025-06-24
55990,461,2025-11-22
55991,862,2025-01-22
55992,654,2025-12-18
55993,44,2025-01-23
55994,510,2025-10-23
55995,417,2025-11-17
55996,202,2025-04-18
55997,550,2025-04-20
55998,103,2025-08-01
55999,699,2025-09-21
56000,822,2025-02-13
56001,93,2025-03-28
56002,480,2025-10-03
56003,656,2025-10-22
56004,63,2025-02-26
56005,390,2025-11-21
56006,259,2025-11-13
56007,40,2025-11-13
56008,805,2025-03-29
56009,445,2025-09-02
56010,752,2025-02-28
56011,588,2025-03-13
56012,876,2025-01-26
56013,998,2025-06-29
56014,603,2025-09-17
56015,353,2025-03-14
56016,423,2025-03-09
56017,826,2025-04-12
56018,427,2025-03-14
56019,520,2025-11-01
56020,195,2025-03-03
56021,991,2025-04-12
56022,651,2025-04-22
56023,331,2025-03-15
56024,586,2025-12-10
56025,402,2025-03-18
56026,155,2025-06-27
56027,875,2025-07-26
56028,886,2025-04-06
56029,835,2025-06-22
56030,369,2025-03-04
56031,257,2025-06-26
56032,50,2025-01-07
56033,732,2025-06-10
56034,328,2025-05-14
56035,893,2025-05-08
56036,870,2025-02-10
56037,129,2025-12-31
56038,917,2025-01-10
56039,141,2025-02-23
56040,491,2025-02-07
56041,474,2025-12-23
56042,957,2025-04-27
56043,658,2025-06-07
56044,876,2025-10-02
56045,596,2025-01-19
56046,826,2025-01-25
56047,853,2025-03-08
56048,860,2025-09-05
56049,412,2025-12-24
56050,382,2025-08-15
56051,985,2025-11-15
56052,757,2025-11-18
56053,918,2025-04-11
56054,578,2025-03-09
56055,930,2025-02-28
56056,720,2025-10-17
56057,743,2025-09-02
56058,178,2025-11-12
56059,567,2025-07-05
56060,732,2025-12-23
56061,761,2025-11-23
56062,958,2025-10-23
56063,327,2025-10-21
56064,303,2025-02-15
56065,970,2025-09-29
56066,987,2025-12-12
56067,180,2025-04-17
56068,379,2025-10-25
56069,949,2025-05-08
56070,200,2025-03-19
56071,784,2025-09-24
56072,113,2025-03-02
56073,179,2025-06-25
56074,785,2025-12-08
56075,608,2025-02-27
56076,555,2025-02-26
56077,857,2025-12-11
56078,308,2025-10-11
56079,504,2025-06-18
56080,609,2025-05-28
56081,740,2025-12-18
56082,333,2025-09-22
56083,634,2025-11-28
56084,449,2025-02-03
56085,542,2025-07-13
56086,863,2025-09-22
56087,394,2025-01-14
56088,669,2025-07-06
56089,942,2025-01-21
56090,763,2025-11-25
56091,989,2025-09-06
56092,584,2025-03-10
56093,282,2025-07-10
56094,992,2025-02-09
56095,645,2025-10-21
56096,242,2025-03-13
56097,318,2025-08-10
56098,263,2025-01-29
56099,834,2025-02-27
56100,93,2025-12-24
56101,740,2025-05-21
56102,555,2025-02-14
56103,74,2025-09-13
56104,614,2025-03-15
56105,754,2025-08-04
56106,726,2025-10-23
56107,529,2025-09-07
56108,336,2025-04-01
56109,164,2025-03-28
56110,13,2025-03-23
56111,360,2025-08-19
56112,633,2025-09-03
56113,38,2025-07-10
56114,999,2025-05-26
56115,586,2025-01-23
56116,295,2025-11-01
56117,963,2025-08-29
56118,184,2025-08-21
56119,958,2025-02-07
56120,282,2025-04-16
56121,380,2025-04-21
56122,426,2025-08-07
56123,995,2025-10-15
56124,251,2025-11-13
56125,973,2025-07-10
56126,347,2025-05-14
56127,286,2025-05-29
56128,639,2025-09-26
56129,694,2025-04-27
56130,346,2025-06-01
56131,135,2025-10-14
56132,397,2025-07-18
56133,541,2025-06-20
56134,41,2025-09-25
56135,79,2025-04-16
56136,918,2025-01-23
56137,36,2025-10-15
56138,407,2025-06-16
56139,764,2025-04-29
56140,329,2025-02-04
56141,495,2025-12-05
56142,87,2025-09-22
56143,795,2025-04-11
56144,635,2025-08-10
56145,852,2025-06-19
56146,864,2025-04-30
56147,351,2025-04-24
56148,42,2025-01-28
56149,347,2025-12-22
56150,146,2025-12-04
56151,534,2025-11-14
56152,147,2025-04-25
56153,922,2025-12-30
56154,603,2025-04-11
56155,254,2025-10-28
56156,922,2025-02-06
56157,770,2025-04-24
56158,438,2025-07-30
56159,147,2025-12-20
56160,344,2025-04-07
56161,585,2025-06-07
56162,766,2025-11-04
56163,262,2025-06-22
56164,743,2025-09-07
56165,283,2025-06-02
56166,247,2025-01-02
56167,448,2025-04-14
56168,161,2025-07-26
56169,405,2025-01-08
56170,358,2025-03-26
56171,281,2025-12-14
56172,776,2025-01-06
56173,332,2025-04-01
56174,696,2025-08-15
56175,721,2025-07-25
56176,666,2025-03-16
56177,270,2025-01-22
56178,830,2025-11-25
56179,237,2025-07-21
56180,278,2025-07-29
56181,875,2025-01-22
56182,340,2025-03-18
56183,698,2025-01-27
56184,43,2025-12-24
56185,615,2025-10-08
56186,869,2025-07-19
56187,709,2025-09-06
56188,583,2025-03-02
56189,850,2025-12-27
56190,299,2025-07-08
56191,377,2025-07-08
56192,70,2025-12-17
56193,699,2025-02-05
56194,724,2025-06-04
56195,752,2025-02-02
56196,749,2025-06-05
56197,128,2025-04-08
56198,667,2025-06-18
56199,764,2025-09-14
56200,204,2025-04-13
56201,477,2025-01-19
56202,914,2025-03-01
56203,415,2025-09-19
56204,754,2025-07-31
56205,531,2025-12-24
56206,658,2025-11-23
56207,627,2025-02-28
56208,651,2025-09-26
56209,780,2025-02-02
56210,905,2025-02-05
56211,296,2025-10-17
56212,929,2025-05-27
56213,628,2025-12-31
56214,596,2025-01-02
56215,328,2025-07-03
56216,417,2025-04-23
56217,652,2025-12-26
56218,364,2025-09-02
56219,288,2025-10-09
56220,820,2025-04-16
56221,416,2025-11-23
56222,645,2025-11-03
56223,32,2025-10-14
56224,78,2025-06-24
56225,849,2025-12-03
56226,143,2025-09-02
56227,796,2025-01-24
56228,901,2025-11-19
56229,482,2025-01-08
56230,885,2025-09-07
56231,428,2025-04-02
56232,952,2025-11-24
56233,238,2025-09-24
56234,428,2025-10-22
56235,389,2025-09-13
56236,785,2025-07-26
56237,44,2025-11-12
56238,829,2025-04-19
56239,24,2025-07-12
56240,316,2025-04-19
56241,597,2025-02-11
56242,146,2025-11-16
56243,491,2025-07-01
56244,998,2025-01-20
56245,824,2025-10-29
56246,31,2025-12-10
56247,592,2025-08-30
56248,598,2025-04-30
56249,69,2025-11-10
56250,651,2025-09-27
56251,522,2025-04-14
56252,682,2025-05-01
56253,298,2025-12-27
56254,256,2025-12-14
56255,736,2025-09-04
56256,722,2025-01-14
56257,162,2025-03-25
56258,217,2025-05-09
56259,587,2025-07-15
56260,830,2025-11-13
56261,202,2025-11-06
56262,220,2025-04-11
56263,808,2025-02-09
56264,697,2025-04-11
56265,903,2025-03-27
56266,784,2025-11-25
56267,954,2025-01-06
56268,189,2025-10-31
56269,272,2025-08-28
56270,238,2025-02-08
56271,56,2025-09-08
56272,780,2025-07-31
56273,662,2025-01-02
56274,86,2025-03-23
56275,199,2025-05-08
56276,191,2025-03-20
56277,403,2025-07-31
56278,456,2025-08-13
56279,289,2025-03-03
56280,931,2025-02-15
56281,213,2025-08-28
56282,562,2025-06-21
56283,438,2025-04-07
56284,388,2025-04-04
56285,826,2025-01-15
56286,979,2025-11-08
56287,6,2025-11-04
56288,464,2025-07-22
56289,120,2025-05-08
56290,434,2025-03-20
56291,618,2025-04-23
56292,412,2025-12-05
56293,310,2025-02-02
56294,313,2025-10-28
56295,300,2025-04-22
56296,326,2025-04-07
56297,374,2025-10-23
56298,688,2025-12-17
56299,97,2025-12-28
56300,41,2025-04-08
56301,517,2025-08-04
56302,682,2025-04-17
56303,259,2025-03-12
56304,202,2025-05-21
56305,625,2025-01-23
56306,385,2025-03-02
56307,737,2025-08-06
56308,147,2025-09-08
56309,122,2025-04-09
56310,553,2025-07-23
56311,393,2025-10-07
56312,730,2025-11-23
56313,507,2025-07-27
56314,355,2025-03-29
56315,160,2025-09-18
56316,164,2025-03-04
56317,756,2025-02-20
56318,227,2025-05-11
56319,503,2025-05-01
56320,819,2025-02-23
56321,898,2025-01-20
56322,268,2025-12-12
56323,110,2025-09-05
56324,775,2025-09-19
56325,688,2025-01-25
56326,332,2025-10-18
56327,594,2025-05-14
56328,189,2025-10-01
56329,701,2025-06-28
56330,728,2025-03-30
56331,300,2025-04-06
56332,469,2025-02-21
56333,335,2025-10-30
56334,32,2025-06-06
56335,128,2025-10-12
56336,960,2025-10-30
56337,457,2025-03-02
56338,148,2025-05-01
56339,45,2025-02-15
56340,354,2025-01-04
56341,983,2025-12-27
56342,385,2025-08-29
56343,1000,2025-06-14
56344,490,2025-03-15
56345,764,2025-08-04
56346,786,2025-07-18
56347,29,2025-03-23
56348,7,2025-01-06
56349,923,2025-06-21
56350,933,2025-07-05
56351,133,2025-10-19
56352,646,2025-05-24
56353,924,2025-02-05
56354,951,2025-11-18
56355,297,2025-05-31
56356,818,2025-09-21
56357,647,2025-01-16
56358,928,2025-01-14
56359,147,2025-01-09
56360,602,2025-10-16
56361,25,2025-03-29
56362,358,2025-10-16
56363,12,2025-12-11
56364,443,2025-08-31
56365,812,2025-12-26
56366,659,2025-12-06
56367,317,2025-09-21
56368,427,2025-10-21
56369,368,2025-08-09
56370,732,2025-03-21
56371,267,2025-02-07
56372,92,2025-05-20
56373,507,2025-06-23
56374,830,2025-05-08
56375,478,2025-02-07
56376,205,2025-07-04
56377,47,2025-07-01
56378,944,2025-12-15
56379,761,2025-12-15
56380,156,2025-08-13
56381,74,2025-11-07
56382,130,2025-04-25
56383,377,2025-12-20
56384,812,2025-12-10
56385,160,2025-02-15
56386,819,2025-09-13
56387,2,2025-06-17
56388,739,2025-04-08
56389,283,2025-05-31
56390,961,2025-11-27
56391,476,2025-12-04
56392,271,2025-05-06
56393,243,2025-06-18
56394,827,2025-07-08
56395,403,2025-09-25
56396,353,2025-06-24
56397,736,2025-05-25
56398,538,2025-12-04
56399,664,2025-05-17
56400,446,2025-04-07
56401,65,2025-04-30
56402,6,2025-05-02
56403,40,2025-07-22
56404,575,2025-08-29
56405,514,2025-02-19
56406,748,2025-11-20
56407,895,2025-04-03
56408,175,2025-02-11
56409,958,2025-09-01
56410,932,2025-03-18
56411,616,2025-10-01
56412,531,2025-12-13
56413,177,2025-09-10
56414,179,2025-10-11
56415,19,2025-06-30
56416,646,2025-05-07
56417,434,2025-08-12
56418,192,2025-05-11
56419,134,2025-11-16
56420,64,2025-06-21
56421,641,2025-07-02
56422,686,2025-09-03
56423,632,2025-03-11
56424,111,2025-07-24
56425,42,2025-10-03
56426,107,2025-10-11
56427,752,2025-03-24
56428,740,2025-01-20
56429,295,2025-03-12
56430,56,2025-10-26
56431,320,2025-04-07
56432,810,2025-01-22
56433,144,2025-08-06
56434,797,2025-11-18
56435,464,2025-03-23
56436,142,2025-01-16
56437,934,2025-02-21
56438,519,2025-02-16
56439,672,2025-03-16
56440,97,2025-03-07
56441,372,2025-08-21
56442,633,2025-03-23
56443,646,2025-07-20
56444,63,2025-05-27
56445,605,2025-08-27
56446,945,2025-08-28
56447,787,2025-08-05
56448,208,2025-11-22
56449,913,2025-03-13
56450,683,2025-07-11
56451,57,2025-05-24
56452,129,2025-07-14
56453,922,2025-02-21
56454,210,2025-04-27
56455,97,2025-12-10
56456,451,2025-10-20
56457,526,2025-06-05
56458,574,2025-02-10
56459,659,2025-08-25
56460,999,2025-04-20
56461,760,2025-05-01
56462,26,2025-02-05
56463,89,2025-04-16
56464,1,2025-03-20
56465,396,2025-01-13
56466,351,2025-08-03
56467,934,2025-12-20
56468,367,2025-02-15
56469,31,2025-01-20
56470,884,2025-02-06
56471,261,2025-07-19
56472,913,2025-10-29
56473,775,2025-04-24
56474,881,2025-02-13
56475,820,2025-02-05
56476,144,2025-08-10
56477,627,2025-05-11
56478,413,2025-05-09
56479,629,2025-03-29
56480,746,2025-11-24
56481,501,2025-05-17
56482,313,2025-09-16
56483,917,2025-09-28
56484,664,2025-01-22
56485,886,2025-04-01
56486,238,2025-11-23
56487,839,2025-11-19
56488,324,2025-06-01
56489,461,2025-02-27
56490,861,2025-04-19
56491,355,2025-12-13
56492,251,2025-09-03
56493,916,2025-01-28
56494,965,2025-09-20
56495,312,2025-02-23
56496,307,2025-04-21
56497,228,2025-06-25
56498,24,2025-05-09
56499,553,2025-09-12
56500,255,2025-02-27
56501,850,2025-11-17
56502,172,2025-08-05
56503,636,2025-04-22
56504,507,2025-12-16
56505,612,2025-06-24
56506,113,2025-06-02
56507,467,2025-01-08
56508,627,2025-12-30
56509,341,2025-11-05
56510,875,2025-03-06
56511,530,2025-12-12
56512,363,2025-10-18
56513,31,2025-06-03
56514,169,2025-12-05
56515,477,2025-07-24
56516,401,2025-09-09
56517,872,2025-03-08
56518,786,2025-02-09
56519,159,2025-07-12
56520,592,2025-04-30
56521,455,2025-12-25
56522,102,2025-02-01
56523,666,2025-10-06
56524,538,2025-08-08
56525,88,2025-11-17
56526,469,2025-12-31
56527,732,2025-11-14
56528,328,2025-05-17
56529,357,2025-09-11
56530,111,2025-03-01
56531,205,2025-06-27
56532,982,2025-04-09
56533,621,2025-04-02
56534,177,2025-07-28
56535,483,2025-02-16
56536,193,2025-07-27
56537,443,2025-05-27
56538,146,2025-03-25
56539,619,2025-07-25
56540,571,2025-10-02
56541,634,2025-08-11
56542,444,2025-02-02
56543,286,2025-07-25
56544,250,2025-08-16
56545,216,2025-09-07
56546,430,2025-06-05
56547,452,2025-02-04
56548,674,2025-02-16
56549,53,2025-05-02
56550,282,2025-08-20
56551,853,2025-09-27
56552,916,2025-09-03
56553,931,2025-04-24
56554,307,2025-06-10
56555,138,2025-01-18
56556,199,2025-10-19
56557,132,2025-05-10
56558,955,2025-07-05
56559,884,2025-06-14
56560,811,2025-04-15
56561,730,2025-03-03
56562,344,2025-12-15
56563,476,2025-02-13
56564,842,2025-12-11
56565,815,2025-02-11
56566,519,2025-02-04
56567,838,2025-11-26
56568,347,2025-12-12
56569,414,2025-11-23
56570,840,2025-10-11
56571,377,2025-06-29
56572,753,2025-02-08
56573,454,2025-08-04
56574,298,2025-07-09
56575,219,2025-09-26
56576,607,2025-01-13
56577,480,2025-01-29
56578,370,2025-08-03
56579,744,2025-11-09
56580,2,2025-12-07
56581,93,2025-07-27
56582,962,2025-05-15
56583,664,2025-06-22
56584,550,2025-07-05
56585,15,2025-08-14
56586,599,2025-03-25
56587,435,2025-05-22
56588,600,2025-07-17
56589,42,2025-11-07
56590,551,2025-10-20
56591,578,2025-10-03
56592,291,2025-03-20
56593,55,2025-05-29
56594,972,2025-07-22
56595,710,2025-12-20
56596,622,2025-05-10
56597,768,2025-12-02
56598,671,2025-09-30
56599,135,2025-08-20
56600,455,2025-09-14
56601,889,2025-10-17
56602,288,2025-09-13
56603,973,2025-09-03
56604,65,2025-05-18
56605,331,2025-06-06
56606,351,2025-08-07
56607,618,2025-11-04
56608,177,2025-08-26
56609,230,2025-12-27
56610,663,2025-09-06
56611,285,2025-05-29
56612,880,2025-07-29
56613,871,2025-08-16
56614,303,2025-11-13
56615,560,2025-04-04
56616,333,2025-04-01
56617,345,2025-03-15
56618,671,2025-01-21
56619,294,2025-09-04
56620,150,2025-12-18
56621,260,2025-08-13
56622,930,2025-01-23
56623,260,2025-05-14
56624,364,2025-11-26
56625,629,2025-01-19
56626,102,2025-08-12
56627,269,2025-06-10
56628,175,2025-12-02
56629,925,2025-07-07
56630,933,2025-07-26
56631,756,2025-09-21
56632,248,2025-10-27
56633,617,2025-07-08
56634,663,2025-09-21
56635,870,2025-10-21
56636,157,2025-07-11
56637,737,2025-09-19
56638,195,2025-05-13
56639,569,2025-05-10
56640,880,2025-01-02
56641,63,2025-09-02
56642,149,2025-04-02
56643,814,2025-10-25
56644,19,2025-12-14
56645,686,2025-11-16
56646,502,2025-04-11
56647,347,2025-08-26
56648,863,2025-10-02
56649,849,2025-07-04
56650,326,2025-07-05
56651,5,2025-06-09
56652,129,2025-04-23
56653,108,2025-07-29
56654,983,2025-12-28
56655,597,2025-03-21
56656,677,2025-01-18
56657,231,2025-01-21
56658,851,2025-08-01
56659,723,2025-04-09
56660,753,2025-06-18
56661,469,2025-12-13
56662,699,2025-01-28
56663,545,2025-03-05
56664,385,2025-03-20
56665,595,2025-06-16
56666,325,2025-09-11
56667,953,2025-03-08
56668,717,2025-02-09
56669,739,2025-02-01
56670,717,2025-10-20
56671,449,2025-01-11
56672,951,2025-08-17
56673,208,2025-07-31
56674,569,2025-02-06
56675,70,2025-07-21
56676,295,2025-04-15
56677,575,2025-07-07
56678,490,2025-02-20
56679,942,2025-09-01
56680,614,2025-10-19
56681,412,2025-01-02
56682,427,2025-07-14
56683,612,2025-08-25
56684,792,2025-01-02
56685,277,2025-09-22
56686,585,2025-07-18
56687,575,2025-04-22
56688,10,2025-06-26
56689,913,2025-09-06
56690,570,2025-08-23
56691,243,2025-10-11
56692,634,2025-01-13
56693,678,2025-10-15
56694,916,2025-01-13
56695,35,2025-08-26
56696,414,2025-05-08
56697,181,2025-01-24
56698,575,2025-09-09
56699,502,2025-07-21
56700,475,2025-09-01
56701,983,2025-05-18
56702,532,2025-04-12
56703,412,2025-08-17
56704,68,2025-03-20
56705,290,2025-10-24
56706,898,2025-09-07
56707,452,2025-12-31
56708,911,2025-01-10
56709,533,2025-08-02
56710,549,2025-07-23
56711,430,2025-11-10
56712,557,2025-06-04
56713,67,2025-12-08
56714,58,2025-03-29
56715,476,2025-11-08
56716,598,2025-07-09
56717,551,2025-12-11
56718,430,2025-03-21
56719,295,2025-04-05
56720,710,2025-07-25
56721,605,2025-07-21
56722,48,2025-02-24
56723,453,2025-08-26
56724,711,2025-05-29
56725,785,2025-02-25
56726,287,2025-07-06
56727,925,2025-09-12
56728,652,2025-01-12
56729,438,2025-12-02
56730,628,2025-08-11
56731,872,2025-04-06
56732,227,2025-10-01
56733,151,2025-11-04
56734,441,2025-12-15
56735,84,2025-10-16
56736,836,2025-03-16
56737,971,2025-03-01
56738,606,2025-03-18
56739,980,2025-11-16
56740,69,2025-04-22
56741,633,2025-05-01
56742,443,2025-11-22
56743,278,2025-03-16
56744,312,2025-05-29
56745,546,2025-04-19
56746,642,2025-04-21
56747,165,2025-08-06
56748,615,2025-09-28
56749,927,2025-04-07
56750,11,2025-01-14
56751,879,2025-08-22
56752,608,2025-07-20
56753,343,2025-08-29
56754,735,2025-06-14
56755,618,2025-10-11
56756,769,2025-08-17
56757,82,2025-10-04
56758,59,2025-09-24
56759,643,2025-07-01
56760,304,2025-04-29
56761,239,2025-08-01
56762,422,2025-08-21
56763,726,2025-07-28
56764,180,2025-07-11
56765,974,2025-05-06
56766,421,2025-02-18
56767,151,2025-06-06
56768,72,2025-11-18
56769,858,2025-09-19
56770,114,2025-10-03
56771,419,2025-09-26
56772,669,2025-12-03
56773,514,2025-03-24
56774,263,2025-09-20
56775,108,2025-01-26
56776,712,2025-03-31
56777,491,2025-01-11
56778,49,2025-06-07
56779,182,2025-02-21
56780,563,2025-05-22
56781,169,2025-02-19
56782,392,2025-01-14
56783,125,2025-06-24
56784,797,2025-05-30
56785,631,2025-06-02
56786,784,2025-05-07
56787,53,2025-05-30
56788,376,2025-01-02
56789,268,2025-06-24
56790,623,2025-11-06
56791,822,2025-02-20
56792,228,2025-02-22
56793,770,2025-10-12
56794,581,2025-07-02
56795,825,2025-04-04
56796,82,2025-10-14
56797,991,2025-04-29
56798,435,2025-08-09
56799,281,2025-07-22
56800,183,2025-03-03
56801,985,2025-10-03
56802,884,2025-08-14
56803,132,2025-03-18
56804,445,2025-10-04
56805,734,2025-08-15
56806,591,2025-11-08
56807,190,2025-10-27
56808,361,2025-04-27
56809,369,2025-12-08
56810,289,2025-01-13
56811,961,2025-05-02
56812,203,2025-08-10
56813,707,2025-07-15
56814,912,2025-03-24
56815,795,2025-03-14
56816,800,2025-10-13
56817,159,2025-11-16
56818,134,2025-09-06
56819,783,2025-07-13
56820,747,2025-10-10
56821,742,2025-03-29
56822,419,2025-12-20
56823,524,2025-02-15
56824,16,2025-08-02
56825,292,2025-05-05
56826,529,2025-11-27
56827,126,2025-03-31
56828,131,2025-08-23
56829,46,2025-02-27
56830,210,2025-03-08
56831,993,2025-06-01
56832,697,2025-10-19
56833,949,2025-04-12
56834,258,2025-09-11
56835,599,2025-07-28
56836,892,2025-12-23
56837,353,2025-04-20
56838,658,2025-03-30
56839,693,2025-11-26
56840,833,2025-05-02
56841,970,2025-03-20
56842,616,2025-10-27
56843,583,2025-10-24
56844,869,2025-01-23
56845,685,2025-11-09
56846,362,2025-08-20
56847,631,2025-04-12
56848,550,2025-07-15
56849,229,2025-03-29
56850,516,2025-03-03
56851,624,2025-02-18
56852,904,2025-03-02
56853,581,2025-08-01
56854,165,2025-10-23
56855,988,2025-06-27
56856,579,2025-01-06
56857,288,2025-06-06
56858,755,2025-09-30
56859,385,2025-11-01
56860,371,2025-09-25
56861,840,2025-05-15
56862,868,2025-08-26
56863,524,2025-01-25
56864,374,2025-05-30
56865,864,2025-07-15
56866,174,2025-01-11
56867,748,2025-01-06
56868,585,2025-10-20
56869,855,2025-03-22
56870,421,2025-02-15
56871,833,2025-08-05
56872,16,2025-04-13
56873,759,2025-12-24
56874,70,2025-12-12
56875,643,2025-10-28
56876,196,2025-04-21
56877,964,2025-11-16
56878,770,2025-04-04
56879,105,2025-03-29
56880,893,2025-12-22
56881,252,2025-09-04
56882,546,2025-02-01
56883,86,2025-11-20
56884,106,2025-02-28
56885,242,2025-09-06
56886,535,2025-06-09
56887,543,2025-01-07
56888,856,2025-10-15
56889,166,2025-09-08
56890,750,2025-11-19
56891,6,2025-08-12
56892,292,2025-10-03
56893,176,2025-11-27
56894,124,2025-12-23
56895,585,2025-07-24
56896,901,2025-01-07
56897,667,2025-05-07
56898,855,2025-08-15
56899,592,2025-02-10
56900,54,2025-02-12
56901,346,2025-05-25
56902,824,2025-11-29
56903,45,2025-04-28
56904,98,2025-12-08
56905,834,2025-10-21
56906,64,2025-04-21
56907,960,2025-03-26
56908,759,2025-10-30
56909,666,2025-10-03
56910,537,2025-08-19
56911,90,2025-12-24
56912,415,2025-02-06
56913,808,2025-05-21
56914,904,2025-08-09
56915,447,2025-01-27
56916,840,2025-12-23
56917,777,2025-07-28
56918,58,2025-04-23
56919,621,2025-03-29
56920,617,2025-01-01
56921,543,2025-08-05
56922,773,2025-12-23
56923,890,2025-01-14
56924,551,2025-06-01
56925,321,2025-08-30
56926,984,2025-06-07
56927,964,2025-08-26
56928,687,2025-09-18
56929,641,2025-12-19
56930,105,2025-08-09
56931,402,2025-09-17
56932,199,2025-04-21
56933,515,2025-02-25
56934,827,2025-02-06
56935,225,2025-02-09
56936,997,2025-10-29
56937,130,2025-01-15
56938,99,2025-06-26
56939,975,2025-08-12
56940,101,2025-09-03
56941,736,2025-01-25
56942,764,2025-11-11
56943,331,2025-06-09
56944,65,2025-01-07
56945,309,2025-02-18
56946,69,2025-11-10
56947,673,2025-12-11
56948,889,2025-10-02
56949,998,2025-05-02
56950,801,2025-12-12
56951,775,2025-04-11
56952,882,2025-03-27
56953,770,2025-10-07
56954,651,2025-04-28
56955,997,2025-07-09
56956,323,2025-08-30
56957,413,2025-03-02
56958,907,2025-12-04
56959,312,2025-03-02
56960,299,2025-12-29
56961,153,2025-04-12
56962,276,2025-06-02
56963,594,2025-04-03
56964,887,2025-07-16
56965,137,2025-01-01
56966,681,2025-03-04
56967,767,2025-07-09
56968,896,2025-09-11
56969,751,2025-12-18
56970,156,2025-11-02
56971,489,2025-12-03
56972,953,2025-10-19
56973,909,2025-10-11
56974,613,2025-05-07
56975,964,2025-11-27
56976,669,2025-12-18
56977,65,2025-07-07
56978,915,2025-02-13
56979,169,2025-01-16
56980,381,2025-06-30
56981,239,2025-08-20
56982,720,2025-07-22
56983,30,2025-11-24
56984,641,2025-07-15
56985,865,2025-08-30
56986,788,2025-10-04
56987,307,2025-11-23
56988,897,2025-08-11
56989,363,2025-07-23
56990,681,2025-01-29
56991,507,2025-08-23
56992,68,2025-03-07
56993,3,2025-05-15
56994,184,2025-07-14
56995,935,2025-01-31
56996,954,2025-09-11
56997,411,2025-04-13
56998,969,2025-07-07
56999,50,2025-05-08
57000,968,2025-05-10
57001,231,2025-05-24
57002,37,2025-01-19
57003,758,2025-03-13
57004,383,2025-10-14
57005,293,2025-02-14
57006,760,2025-07-01
57007,334,2025-02-21
57008,753,2025-07-16
57009,196,2025-08-23
57010,86,2025-06-21
57011,325,2025-10-09
57012,610,2025-04-07
57013,225,2025-07-23
57014,143,2025-04-11
57015,750,2025-07-05
57016,494,2025-01-24
57017,432,2025-04-09
57018,240,2025-09-16
57019,18,2025-10-11
57020,54,2025-04-10
57021,682,2025-04-05
57022,81,2025-04-19
57023,247,2025-04-12
57024,911,2025-12-29
57025,344,2025-08-26
57026,745,2025-05-21
57027,344,2025-06-18
57028,932,2025-07-06
57029,822,2025-07-21
57030,470,2025-05-22
57031,685,2025-12-22
57032,414,2025-04-16
57033,945,2025-06-05
57034,359,2025-01-03
57035,837,2025-06-29
57036,617,2025-11-09
57037,644,2025-12-31
57038,352,2025-06-22
57039,833,2025-02-20
57040,747,2025-09-20
57041,816,2025-08-22
57042,802,2025-12-16
57043,158,2025-07-04
57044,876,2025-01-02
57045,842,2025-11-25
57046,243,2025-09-04
57047,982,2025-10-20
57048,528,2025-02-13
57049,322,2025-06-16
57050,224,2025-06-17
57051,365,2025-04-08
57052,38,2025-11-06
57053,691,2025-03-10
57054,708,2025-01-27
57055,668,2025-03-27
57056,549,2025-12-28
57057,363,2025-02-11
57058,724,2025-08-01
57059,872,2025-03-08
57060,88,2025-05-25
57061,383,2025-07-21
57062,996,2025-01-08
57063,862,2025-03-30
57064,995,2025-08-03
57065,184,2025-01-06
57066,465,2025-06-30
57067,131,2025-08-09
57068,867,2025-03-20
57069,519,2025-03-01
57070,244,2025-06-29
57071,91,2025-09-20
57072,738,2025-01-05
57073,812,2025-05-04
57074,880,2025-12-31
57075,972,2025-05-03
57076,815,2025-05-02
57077,787,2025-09-27
57078,812,2025-06-25
57079,999,2025-05-23
57080,464,2025-10-14
57081,759,2025-01-12
57082,820,2025-09-18
57083,117,2025-05-19
57084,691,2025-11-21
57085,339,2025-09-22
57086,133,2025-12-10
57087,171,2025-02-16
57088,115,2025-03-11
57089,898,2025-11-26
57090,772,2025-05-23
57091,103,2025-10-25
57092,626,2025-09-08
57093,661,2025-07-02
57094,520,2025-01-17
57095,607,2025-01-27
57096,908,2025-09-19
57097,519,2025-02-05
57098,660,2025-01-02
57099,572,2025-03-22
57100,397,2025-11-30
57101,891,2025-08-17
57102,414,2025-09-20
57103,800,2025-08-27
57104,606,2025-07-26
57105,685,2025-04-04
57106,761,2025-06-06
57107,736,2025-07-18
57108,565,2025-12-27
57109,616,2025-11-25
57110,509,2025-09-26
57111,340,2025-10-24
57112,727,2025-10-22
57113,879,2025-09-01
57114,706,2025-10-29
57115,773,2025-01-27
57116,831,2025-01-08
57117,368,2025-06-12
57118,63,2025-01-20
57119,338,2025-05-04
57120,755,2025-03-14
57121,816,2025-12-16
57122,514,2025-08-28
57123,779,2025-01-16
57124,75,2025-08-16
57125,645,2025-09-25
57126,680,2025-04-29
57127,508,2025-11-19
57128,717,2025-12-22
57129,492,2025-12-24
57130,524,2025-02-03
57131,604,2025-06-13
57132,794,2025-10-11
57133,249,2025-06-11
57134,301,2025-06-25
57135,419,2025-04-30
57136,202,2025-06-02
57137,335,2025-09-11
57138,351,2025-01-10
57139,315,2025-10-19
57140,411,2025-09-23
57141,505,2025-02-20
57142,696,2025-10-09
57143,303,2025-07-10
57144,846,2025-04-27
57145,480,2025-06-16
57146,721,2025-07-08
57147,115,2025-03-18
57148,174,2025-08-10
57149,454,2025-08-18
57150,367,2025-05-15
57151,497,2025-06-18
57152,159,2025-08-13
57153,474,2025-07-03
57154,687,2025-06-08
57155,729,2025-12-16
57156,249,2025-11-17
57157,345,2025-05-19
57158,526,2025-09-20
57159,518,2025-10-23
57160,792,2025-02-10
57161,391,2025-08-05
57162,671,2025-10-19
57163,884,2025-01-21
57164,299,2025-05-04
57165,823,2025-10-19
57166,333,2025-12-08
57167,335,2025-12-29
57168,654,2025-08-09
57169,622,2025-01-16
57170,550,2025-01-11
57171,232,2025-10-24
57172,97,2025-09-26
57173,909,2025-03-12
57174,874,2025-02-17
57175,887,2025-02-23
57176,513,2025-11-17
57177,885,2025-10-07
57178,474,2025-12-13
57179,76,2025-02-11
57180,199,2025-09-11
57181,273,2025-12-04
57182,377,2025-07-14
57183,940,2025-10-10
57184,333,2025-08-08
57185,613,2025-01-03
57186,271,2025-06-06
57187,644,2025-04-06
57188,568,2025-01-31
57189,151,2025-08-06
57190,463,2025-12-06
57191,106,2025-01-20
57192,890,2025-05-01
57193,705,2025-09-02
57194,942,2025-04-25
57195,876,2025-02-12
57196,220,2025-03-11
57197,708,2025-01-09
57198,101,2025-12-29
57199,961,2025-06-29
57200,786,2025-12-11
57201,681,2025-09-08
57202,995,2025-05-08
57203,847,2025-12-10
57204,864,2025-04-05
57205,101,2025-03-07
57206,24,2025-10-21
57207,962,2025-07-21
57208,252,2025-06-04
57209,427,2025-08-03
57210,44,2025-12-20
57211,624,2025-04-13
57212,821,2025-11-25
57213,842,2025-11-29
57214,582,2025-10-05
57215,662,2025-02-27
57216,514,2025-02-02
57217,447,2025-02-13
57218,555,2025-09-14
57219,936,2025-05-26
57220,253,2025-12-27
57221,471,2025-01-03
57222,602,2025-05-17
57223,571,2025-04-07
57224,31,2025-11-18
57225,288,2025-02-14
57226,647,2025-05-29
57227,695,2025-11-13
57228,735,2025-12-21
57229,992,2025-12-01
57230,674,2025-08-27
57231,580,2025-03-01
57232,333,2025-02-05
57233,371,2025-05-31
57234,827,2025-06-24
57235,469,2025-07-07
57236,716,2025-01-19
57237,125,2025-09-04
57238,129,2025-05-25
57239,216,2025-02-09
57240,196,2025-12-01
57241,607,2025-05-11
57242,638,2025-03-26
57243,558,2025-06-29
57244,290,2025-12-13
57245,577,2025-10-29
57246,120,2025-02-06
57247,473,2025-09-08
57248,155,2025-08-31
57249,77,2025-11-20
57250,166,2025-12-19
57251,112,2025-09-30
57252,478,2025-08-27
57253,546,2025-05-10
57254,608,2025-11-25
57255,440,2025-12-11
57256,177,2025-12-28
57257,21,2025-12-15
57258,713,2025-08-23
57259,983,2025-12-16
57260,282,2025-10-13
57261,205,2025-03-29
57262,312,2025-01-12
57263,215,2025-12-24
57264,224,2025-06-05
57265,495,2025-11-15
57266,786,2025-04-16
57267,713,2025-05-12
57268,960,2025-10-28
57269,358,2025-07-11
57270,493,2025-09-05
57271,381,2025-04-27
57272,43,2025-08-13
57273,389,2025-06-27
57274,261,2025-12-07
57275,479,2025-06-29
57276,159,2025-02-02
57277,742,2025-09-26
57278,843,2025-12-15
57279,961,2025-11-19
57280,85,2025-02-06
57281,118,2025-12-31
57282,967,2025-05-07
57283,849,2025-11-01
57284,589,2025-08-19
57285,322,2025-12-22
57286,518,2025-05-05
57287,536,2025-08-10
57288,848,2025-09-07
57289,530,2025-02-26
57290,28,2025-10-11
57291,700,2025-02-22
57292,778,2025-10-30
57293,299,2025-02-16
57294,117,2025-03-07
57295,143,2025-06-30
57296,841,2025-03-08
57297,448,2025-01-28
57298,530,2025-01-20
57299,961,2025-04-15
57300,62,2025-06-29
57301,206,2025-01-17
57302,834,2025-02-20
57303,541,2025-08-12
57304,28,2025-04-27
57305,703,2025-10-04
57306,139,2025-11-03
57307,783,2025-01-12
57308,798,2025-12-13
57309,825,2025-09-07
57310,465,2025-10-28
57311,268,2025-06-24
57312,882,2025-01-01
57313,559,2025-11-20
57314,636,2025-07-27
57315,137,2025-01-14
57316,624,2025-03-02
57317,581,2025-03-17
57318,293,2025-05-18
57319,767,2025-06-11
57320,134,2025-06-06
57321,720,2025-11-13
57322,962,2025-12-11
57323,568,2025-09-05
57324,105,2025-08-20
57325,554,2025-11-12
57326,530,2025-04-08
57327,553,2025-07-23
57328,273,2025-08-23
57329,627,2025-04-15
57330,265,2025-12-14
57331,558,2025-03-27
57332,595,2025-01-22
57333,646,2025-04-29
57334,798,2025-10-25
57335,883,2025-05-17
57336,778,2025-03-21
57337,796,2025-11-15
57338,869,2025-02-25
57339,243,2025-02-27
57340,293,2025-11-25
57341,534,2025-04-28
57342,466,2025-01-01
57343,703,2025-06-08
57344,10,2025-09-28
57345,139,2025-10-04
57346,747,2025-02-01
57347,822,2025-04-13
57348,303,2025-08-14
57349,311,2025-08-29
57350,562,2025-08-15
57351,478,2025-05-04
57352,170,2025-11-11
57353,501,2025-01-29
57354,820,2025-10-28
57355,730,2025-12-10
57356,818,2025-09-08
57357,644,2025-06-06
57358,878,2025-05-19
57359,250,2025-06-09
57360,46,2025-03-02
57361,115,2025-03-23
57362,993,2025-08-21
57363,641,2025-07-20
57364,248,2025-07-01
57365,855,2025-06-23
57366,310,2025-01-29
57367,598,2025-11-13
57368,250,2025-12-15
57369,95,2025-03-31
57370,268,2025-04-25
57371,229,2025-08-19
57372,553,2025-01-01
57373,21,2025-02-07
57374,240,2025-11-26
57375,568,2025-03-04
57376,394,2025-07-30
57377,636,2025-11-19
57378,656,2025-09-25
57379,966,2025-04-10
57380,837,2025-02-25
57381,229,2025-09-20
57382,693,2025-05-28
57383,628,2025-12-20
57384,595,2025-08-24
57385,799,2025-01-05
57386,148,2025-04-02
57387,376,2025-09-29
57388,817,2025-09-14
57389,893,2025-09-28
57390,38,2025-03-27
57391,472,2025-04-01
57392,265,2025-03-18
57393,168,2025-09-11
57394,58,2025-01-05
57395,539,2025-10-25
57396,668,2025-04-13
57397,532,2025-06-28
57398,369,2025-04-01
57399,772,2025-06-05
57400,653,2025-10-06
57401,909,2025-03-14
57402,348,2025-07-27
57403,239,2025-01-21
57404,456,2025-03-06
57405,507,2025-09-07
57406,458,2025-07-27
57407,833,2025-08-12
57408,46,2025-03-24
57409,528,2025-03-17
57410,431,2025-06-05
57411,211,2025-02-17
57412,642,2025-11-21
57413,802,2025-04-08
57414,547,2025-09-20
57415,85,2025-02-27
57416,76,2025-08-26
57417,422,2025-03-16
57418,669,2025-04-13
57419,314,2025-05-31
57420,309,2025-02-15
57421,861,2025-02-15
57422,15,2025-10-02
57423,80,2025-05-07
57424,156,2025-07-27
57425,984,2025-08-24
57426,498,2025-08-16
57427,159,2025-08-18
57428,311,2025-12-22
57429,970,2025-08-19
57430,695,2025-05-08
57431,224,2025-04-14
57432,241,2025-10-20
57433,75,2025-06-03
57434,773,2025-07-24
57435,138,2025-10-25
57436,287,2025-03-27
57437,349,2025-03-23
57438,621,2025-01-20
57439,607,2025-01-27
57440,800,2025-08-13
57441,298,2025-07-03
57442,386,2025-04-19
57443,389,2025-03-19
57444,47,2025-09-11
57445,738,2025-02-01
57446,536,2025-09-13
57447,476,2025-11-27
57448,996,2025-06-16
57449,179,2025-06-30
57450,969,2025-07-15
57451,681,2025-02-04
57452,222,2025-08-17
57453,679,2025-05-14
57454,756,2025-06-21
57455,363,2025-01-09
57456,345,2025-11-17
57457,836,2025-05-02
57458,161,2025-01-28
57459,14,2025-10-13
57460,666,2025-12-24
57461,907,2025-07-09
57462,501,2025-01-13
57463,135,2025-12-28
57464,540,2025-03-17
57465,252,2025-03-29
57466,828,2025-09-16
57467,613,2025-05-02
57468,337,2025-02-01
57469,625,2025-09-07
57470,668,2025-04-06
57471,679,2025-11-11
57472,367,2025-02-26
57473,571,2025-11-27
57474,43,2025-09-22
57475,404,2025-03-29
57476,379,2025-07-31
57477,535,2025-12-09
57478,951,2025-01-24
57479,954,2025-10-27
57480,484,2025-06-17
57481,647,2025-12-13
57482,109,2025-03-18
57483,483,2025-09-20
57484,688,2025-12-20
57485,683,2025-05-06
57486,964,2025-02-09
57487,467,2025-05-24
57488,908,2025-08-07
57489,979,2025-08-18
57490,572,2025-06-25
57491,92,2025-12-07
57492,377,2025-07-31
57493,765,2025-08-22
57494,581,2025-12-16
57495,937,2025-12-09
57496,816,2025-05-05
57497,64,2025-04-15
57498,862,2025-10-01
57499,358,2025-07-11
57500,819,2025-06-13
57501,508,2025-09-12
57502,456,2025-08-30
57503,73,2025-11-30
57504,119,2025-05-14
57505,596,2025-10-03
57506,570,2025-03-24
57507,555,2025-12-09
57508,157,2025-01-31
57509,510,2025-10-01
57510,61,2025-02-07
57511,145,2025-11-18
57512,499,2025-12-17
57513,617,2025-10-26
57514,656,2025-10-15
57515,982,2025-06-24
57516,855,2025-03-31
57517,380,2025-12-26
57518,783,2025-07-13
57519,96,2025-10-26
57520,858,2025-09-18
57521,387,2025-09-13
57522,761,2025-05-09
57523,971,2025-06-05
57524,704,2025-06-10
57525,921,2025-08-08
57526,11,2025-09-20
57527,171,2025-03-14
57528,627,2025-03-25
57529,541,2025-01-18
57530,121,2025-07-12
57531,719,2025-09-02
57532,59,2025-03-18
57533,991,2025-09-17
57534,157,2025-01-02
57535,446,2025-11-13
57536,824,2025-09-09
57537,515,2025-09-07
57538,744,2025-09-16
57539,704,2025-05-11
57540,949,2025-12-30
57541,464,2025-09-30
57542,979,2025-03-08
57543,517,2025-12-03
57544,894,2025-09-27
57545,733,2025-04-24
57546,133,2025-12-13
57547,644,2025-04-01
57548,879,2025-08-24
57549,129,2025-09-02
57550,839,2025-12-18
57551,106,2025-07-28
57552,872,2025-12-29
57553,789,2025-04-14
57554,152,2025-10-20
57555,727,2025-03-31
57556,117,2025-12-31
57557,569,2025-10-06
57558,924,2025-08-17
57559,206,2025-01-25
57560,174,2025-07-01
57561,423,2025-02-22
57562,369,2025-12-01
57563,49,2025-05-19
57564,456,2025-10-31
57565,260,2025-11-27
57566,125,2025-02-10
57567,277,2025-10-05
57568,21,2025-04-21
57569,916,2025-02-09
57570,995,2025-04-06
57571,368,2025-07-20
57572,877,2025-11-09
57573,462,2025-09-10
57574,913,2025-03-27
57575,174,2025-04-19
57576,285,2025-04-21
57577,740,2025-09-26
57578,221,2025-07-09
57579,824,2025-01-09
57580,426,2025-01-28
57581,404,2025-01-28
57582,454,2025-12-17
57583,798,2025-07-04
57584,6,2025-06-29
57585,751,2025-10-05
57586,780,2025-03-11
57587,822,2025-01-12
57588,997,2025-04-09
57589,783,2025-03-18
57590,529,2025-10-19
57591,467,2025-10-26
57592,389,2025-08-20
57593,828,2025-11-29
57594,393,2025-06-19
57595,573,2025-03-29
57596,97,2025-05-02
57597,318,2025-02-21
57598,267,2025-11-25
57599,436,2025-08-09
57600,503,2025-10-09
57601,717,2025-04-13
57602,432,2025-09-20
57603,151,2025-05-01
57604,546,2025-06-12
57605,55,2025-08-26
57606,850,2025-12-25
57607,771,2025-07-23
57608,226,2025-09-17
57609,264,2025-08-06
57610,28,2025-06-04
57611,365,2025-12-07
57612,39,2025-12-17
57613,937,2025-04-24
57614,135,2025-11-23
57615,660,2025-06-14
57616,571,2025-09-28
57617,237,2025-07-08
57618,809,2025-10-07
57619,109,2025-11-15
57620,887,2025-06-04
57621,741,2025-09-13
57622,636,2025-07-05
57623,880,2025-10-19
57624,404,2025-03-11
57625,282,2025-09-24
57626,155,2025-08-06
57627,925,2025-06-14
57628,402,2025-05-16
57629,830,2025-09-14
57630,333,2025-05-07
57631,955,2025-01-13
57632,871,2025-12-13
57633,309,2025-06-13
57634,487,2025-03-02
57635,794,2025-03-24
57636,227,2025-10-30
57637,24,2025-05-02
57638,289,2025-04-13
57639,591,2025-06-27
57640,137,2025-01-11
57641,334,2025-07-24
57642,919,2025-01-15
57643,76,2025-11-01
57644,51,2025-06-06
57645,424,2025-03-21
57646,13,2025-06-15
57647,28,2025-03-06
57648,183,2025-04-27
57649,103,2025-02-17
57650,811,2025-09-02
57651,123,2025-12-23
57652,524,2025-06-27
57653,706,2025-02-05
57654,626,2025-01-28
57655,654,2025-10-31
57656,358,2025-05-08
57657,889,2025-04-19
57658,69,2025-02-07
57659,108,2025-08-31
57660,857,2025-01-23
57661,69,2025-11-27
57662,192,2025-03-18
57663,174,2025-01-26
57664,34,2025-09-13
57665,118,2025-05-10
57666,573,2025-09-12
57667,662,2025-01-15
57668,84,2025-11-11
57669,943,2025-04-24
57670,96,2025-10-04
57671,688,2025-12-08
57672,801,2025-07-15
57673,521,2025-05-02
57674,492,2025-04-25
57675,110,2025-09-08
57676,242,2025-01-03
57677,851,2025-02-23
57678,349,2025-08-25
57679,35,2025-01-10
57680,730,2025-04-16
57681,684,2025-08-25
57682,67,2025-04-02
57683,52,2025-12-06
57684,117,2025-12-22
57685,51,2025-01-13
57686,617,2025-03-05
57687,133,2025-11-28
57688,607,2025-01-12
57689,177,2025-06-27
57690,973,2025-12-13
57691,726,2025-08-03
57692,375,2025-04-22
57693,429,2025-01-03
57694,66,2025-05-24
57695,55,2025-07-17
57696,538,2025-01-30
57697,23,2025-07-12
57698,639,2025-05-28
57699,383,2025-04-29
57700,140,2025-12-21
57701,536,2025-11-23
57702,553,2025-09-11
57703,747,2025-08-04
57704,198,2025-06-22
57705,548,2025-01-26
57706,845,2025-04-23
57707,270,2025-01-04
57708,836,2025-05-14
57709,724,2025-06-22
57710,430,2025-08-12
57711,884,2025-05-10
57712,967,2025-04-03
57713,237,2025-09-17
57714,980,2025-02-25
57715,3,2025-02-15
57716,130,2025-09-12
57717,44,2025-08-02
57718,368,2025-11-14
57719,937,2025-09-27
57720,601,2025-11-26
57721,617,2025-08-31
57722,85,2025-11-04
57723,517,2025-03-03
57724,383,2025-07-13
57725,480,2025-12-11
57726,262,2025-10-15
57727,202,2025-05-28
57728,953,2025-12-05
57729,559,2025-04-25
57730,412,2025-01-09
57731,74,2025-10-18
57732,763,2025-05-31
57733,473,2025-01-13
57734,387,2025-03-16
57735,667,2025-01-27
57736,132,2025-12-30
57737,534,2025-11-06
57738,864,2025-12-06
57739,464,2025-03-08
57740,1,2025-10-20
57741,230,2025-07-25
57742,56,2025-04-18
57743,501,2025-09-02
57744,365,2025-12-14
57745,133,2025-06-18
57746,687,2025-01-11
57747,177,2025-11-04
57748,342,2025-03-10
57749,988,2025-03-08
57750,67,2025-08-14
57751,248,2025-10-19
57752,318,2025-10-17
57753,509,2025-11-13
57754,245,2025-11-19
57755,971,2025-02-16
57756,6,2025-04-20
57757,949,2025-09-20
57758,535,2025-05-23
57759,39,2025-09-19
57760,117,2025-06-16
57761,104,2025-06-14
57762,288,2025-01-10
57763,334,2025-08-11
57764,642,2025-11-12
57765,312,2025-10-26
57766,726,2025-05-04
57767,294,2025-09-05
57768,264,2025-03-14
57769,276,2025-08-20
57770,330,2025-05-30
57771,838,2025-12-05
57772,247,2025-09-17
57773,274,2025-01-27
57774,957,2025-11-14
57775,654,2025-09-22
57776,191,2025-03-20
57777,869,2025-04-14
57778,184,2025-03-05
57779,163,2025-04-24
57780,446,2025-12-11
57781,692,2025-11-26
57782,190,2025-07-21
57783,754,2025-05-13
57784,157,2025-05-14
57785,782,2025-12-16
57786,96,2025-03-14
57787,465,2025-10-04
57788,641,2025-12-30
57789,266,2025-11-09
57790,613,2025-09-20
57791,689,2025-11-25
57792,651,2025-03-21
57793,397,2025-12-26
57794,774,2025-02-03
57795,732,2025-01-06
57796,327,2025-03-14
57797,734,2025-08-11
57798,919,2025-04-01
57799,817,2025-08-20
57800,734,2025-02-10
57801,767,2025-09-12
57802,805,2025-03-25
57803,290,2025-07-11
57804,721,2025-02-12
57805,200,2025-12-21
57806,359,2025-05-18
57807,935,2025-08-09
57808,284,2025-06-27
57809,844,2025-08-06
57810,423,2025-06-16
57811,210,2025-01-27
57812,98,2025-10-30
57813,549,2025-08-23
57814,452,2025-04-03
57815,512,2025-01-31
57816,44,2025-11-20
57817,269,2025-05-02
57818,4,2025-11-28
57819,303,2025-10-07
57820,932,2025-12-17
57821,153,2025-08-29
57822,690,2025-03-08
57823,6,2025-01-13
57824,562,2025-03-31
57825,921,2025-06-10
57826,342,2025-08-16
57827,198,2025-11-23
57828,571,2025-02-21
57829,279,2025-08-20
57830,892,2025-02-01
57831,849,2025-06-25
57832,653,2025-01-27
57833,640,2025-05-17
57834,603,2025-08-10
57835,736,2025-09-27
57836,461,2025-10-21
57837,970,2025-07-11
57838,346,2025-04-05
57839,9,2025-11-30
57840,699,2025-12-07
57841,663,2025-12-20
57842,981,2025-10-17
57843,396,2025-10-11
57844,425,2025-01-29
57845,563,2025-07-28
57846,393,2025-05-29
57847,785,2025-04-05
57848,429,2025-01-25
57849,784,2025-03-19
57850,426,2025-12-01
57851,226,2025-11-28
57852,991,2025-09-29
57853,527,2025-02-07
57854,707,2025-09-08
57855,592,2025-02-16
57856,360,2025-09-07
57857,973,2025-01-13
57858,372,2025-04-15
57859,994,2025-02-14
57860,431,2025-12-07
57861,23,2025-07-27
57862,37,2025-12-03
57863,974,2025-01-08
57864,528,2025-09-27
57865,388,2025-06-25
57866,812,2025-06-21
57867,618,2025-11-15
57868,661,2025-01-18
57869,686,2025-12-11
57870,199,2025-01-11
57871,89,2025-05-13
57872,729,2025-02-20
57873,22,2025-07-10
57874,720,2025-08-06
57875,130,2025-08-23
57876,263,2025-10-19
57877,708,2025-10-02
57878,623,2025-12-13
57879,782,2025-06-14
57880,611,2025-03-06
57881,48,2025-02-26
57882,840,2025-04-11
57883,216,2025-08-09
57884,137,2025-01-20
57885,879,2025-12-15
57886,195,2025-12-28
57887,537,2025-03-02
57888,486,2025-10-13
57889,770,2025-08-06
57890,45,2025-06-25
57891,107,2025-09-26
57892,416,2025-07-30
57893,474,2025-04-29
57894,789,2025-07-25
57895,606,2025-02-19
57896,149,2025-04-03
57897,979,2025-12-22
57898,460,2025-03-09
57899,965,2025-08-07
57900,990,2025-04-19
57901,52,2025-06-19
57902,506,2025-04-01
57903,423,2025-07-27
57904,499,2025-07-23
57905,310,2025-08-14
57906,559,2025-04-23
57907,493,2025-07-31
57908,187,2025-09-24
57909,289,2025-09-20
57910,148,2025-07-27
57911,844,2025-04-20
57912,678,2025-07-14
57913,388,2025-07-15
57914,396,2025-12-14
57915,80,2025-05-18
57916,290,2025-04-28
57917,925,2025-10-01
57918,32,2025-08-20
57919,147,2025-06-05
57920,847,2025-01-01
57921,521,2025-09-15
57922,33,2025-09-26
57923,490,2025-12-06
57924,750,2025-07-03
57925,346,2025-07-08
57926,382,2025-03-18
57927,632,2025-06-17
57928,599,2025-01-01
57929,903,2025-07-02
57930,248,2025-09-16
57931,277,2025-10-14
57932,156,2025-08-30
57933,665,2025-10-21
57934,534,2025-08-31
57935,347,2025-10-12
57936,696,2025-06-09
57937,377,2025-08-08
57938,196,2025-08-22
57939,540,2025-07-28
57940,437,2025-07-28
57941,406,2025-10-13
57942,445,2025-03-29
57943,915,2025-04-26
57944,216,2025-07-09
57945,276,2025-08-24
57946,566,2025-07-07
57947,47,2025-03-14
57948,146,2025-10-28
57949,567,2025-07-19
57950,510,2025-06-08
57951,653,2025-11-17
57952,114,2025-06-09
57953,854,2025-02-28
57954,486,2025-12-26
57955,156,2025-05-20
57956,312,2025-11-23
57957,228,2025-07-08
57958,453,2025-03-30
57959,470,2025-05-18
57960,434,2025-11-29
57961,462,2025-12-11
57962,908,2025-02-20
57963,960,2025-12-27
57964,490,2025-11-08
57965,964,2025-08-25
57966,819,2025-03-08
57967,820,2025-08-03
57968,226,2025-06-05
57969,439,2025-02-15
57970,353,2025-12-26
57971,97,2025-08-09
57972,76,2025-02-05
57973,623,2025-05-05
57974,421,2025-11-03
57975,826,2025-06-11
57976,669,2025-06-30
57977,86,2025-02-22
57978,839,2025-02-10
57979,497,2025-12-23
57980,566,2025-12-14
57981,966,2025-02-04
57982,641,2025-07-20
57983,23,2025-09-06
57984,178,2025-11-18
57985,427,2025-07-24
57986,38,2025-11-14
57987,168,2025-02-14
57988,792,2025-01-06
57989,143,2025-06-19
57990,168,2025-04-07
57991,505,2025-10-03
57992,92,2025-05-03
57993,256,2025-05-29
57994,938,2025-07-15
57995,632,2025-12-17
57996,964,2025-01-27
57997,355,2025-07-21
57998,617,2025-05-22
57999,239,2025-01-14
58000,379,2025-10-25
58001,175,2025-11-30
58002,834,2025-03-05
58003,185,2025-10-05
58004,205,2025-09-13
58005,464,2025-09-15
58006,430,2025-06-18
58007,314,2025-04-27
58008,358,2025-01-26
58009,296,2025-01-13
58010,913,2025-03-06
58011,581,2025-07-12
58012,920,2025-02-21
58013,987,2025-09-08
58014,651,2025-08-15
58015,826,2025-05-06
58016,111,2025-02-01
58017,950,2025-07-08
58018,483,2025-10-28
58019,714,2025-05-24
58020,246,2025-10-22
58021,96,2025-04-15
58022,885,2025-01-30
58023,450,2025-08-26
58024,139,2025-11-21
58025,659,2025-11-19
58026,55,2025-12-17
58027,451,2025-02-09
58028,705,2025-01-16
58029,721,2025-07-27
58030,454,2025-12-13
58031,370,2025-12-31
58032,839,2025-04-13
58033,185,2025-05-17
58034,75,2025-08-31
58035,157,2025-11-30
58036,802,2025-03-05
58037,470,2025-12-23
58038,38,2025-10-26
58039,169,2025-01-25
58040,29,2025-11-04
58041,815,2025-08-23
58042,462,2025-12-24
58043,69,2025-03-18
58044,222,2025-12-29
58045,617,2025-01-18
58046,594,2025-01-28
58047,820,2025-06-13
58048,26,2025-08-29
58049,70,2025-03-02
58050,36,2025-04-10
58051,395,2025-05-23
58052,728,2025-02-15
58053,664,2025-03-06
58054,211,2025-02-24
58055,658,2025-12-15
58056,657,2025-12-08
58057,192,2025-08-18
58058,750,2025-09-07
58059,423,2025-02-20
58060,60,2025-01-19
58061,391,2025-05-18
58062,770,2025-12-26
58063,697,2025-06-24
58064,269,2025-10-22
58065,757,2025-05-15
58066,390,2025-04-23
58067,461,2025-10-24
58068,87,2025-06-21
58069,998,2025-09-25
58070,839,2025-09-23
58071,195,2025-09-23
58072,561,2025-09-04
58073,781,2025-10-23
58074,505,2025-06-19
58075,211,2025-04-21
58076,969,2025-07-07
58077,269,2025-04-29
58078,335,2025-01-16
58079,372,2025-05-13
58080,891,2025-07-02
58081,501,2025-07-09
58082,720,2025-05-05
58083,902,2025-09-22
58084,929,2025-04-15
58085,857,2025-08-25
58086,908,2025-04-09
58087,949,2025-12-27
58088,992,2025-08-25
58089,644,2025-07-23
58090,132,2025-06-06
58091,114,2025-10-03
58092,797,2025-06-05
58093,317,2025-10-21
58094,805,2025-02-28
58095,935,2025-10-27
58096,645,2025-12-18
58097,765,2025-03-30
58098,279,2025-03-23
58099,435,2025-12-15
58100,966,2025-05-29
58101,817,2025-09-11
58102,205,2025-03-11
58103,937,2025-06-06
58104,500,2025-09-14
58105,844,2025-11-23
58106,522,2025-06-09
58107,604,2025-01-28
58108,162,2025-05-31
58109,339,2025-08-23
58110,723,2025-11-16
58111,843,2025-11-01
58112,89,2025-10-05
58113,77,2025-03-02
58114,694,2025-07-09
58115,448,2025-07-30
58116,849,2025-06-21
58117,69,2025-12-03
58118,350,2025-12-17
58119,36,2025-03-18
58120,710,2025-12-16
58121,858,2025-11-05
58122,157,2025-09-15
58123,324,2025-05-20
58124,846,2025-10-05
58125,42,2025-08-02
58126,953,2025-11-25
58127,887,2025-09-17
58128,153,2025-12-18
58129,139,2025-06-03
58130,692,2025-01-31
58131,11,2025-06-29
58132,506,2025-12-31
58133,66,2025-08-28
58134,532,2025-09-14
58135,351,2025-08-17
58136,707,2025-08-05
58137,881,2025-01-23
58138,489,2025-05-31
58139,642,2025-02-01
58140,601,2025-05-03
58141,985,2025-09-20
58142,231,2025-10-21
58143,239,2025-03-23
58144,379,2025-08-27
58145,737,2025-03-24
58146,866,2025-03-15
58147,279,2025-12-17
58148,110,2025-08-11
58149,609,2025-03-14
58150,598,2025-02-21
58151,375,2025-01-19
58152,185,2025-07-01
58153,850,2025-02-06
58154,847,2025-08-01
58155,748,2025-06-08
58156,580,2025-08-21
58157,262,2025-03-17
58158,404,2025-02-23
58159,69,2025-02-06
58160,250,2025-02-04
58161,451,2025-01-27
58162,437,2025-04-05
58163,81,2025-10-20
58164,958,2025-08-10
58165,269,2025-04-02
58166,510,2025-12-07
58167,466,2025-10-05
58168,470,2025-10-12
58169,846,2025-11-24
58170,747,2025-09-30
58171,868,2025-12-16
58172,380,2025-05-01
58173,266,2025-11-09
58174,428,2025-02-10
58175,562,2025-04-20
58176,337,2025-11-22
58177,461,2025-02-18
58178,151,2025-07-02
58179,584,2025-05-05
58180,714,2025-02-06
58181,528,2025-03-28
58182,874,2025-07-15
58183,996,2025-08-19
58184,906,2025-09-04
58185,93,2025-02-17
58186,881,2025-04-27
58187,334,2025-02-08
58188,452,2025-01-04
58189,412,2025-05-23
58190,285,2025-08-15
58191,878,2025-05-16
58192,638,2025-01-15
58193,967,2025-03-22
58194,955,2025-06-07
58195,420,2025-05-10
58196,728,2025-10-29
58197,503,2025-08-07
58198,495,2025-12-31
58199,740,2025-03-06
58200,689,2025-05-16
58201,912,2025-02-01
58202,773,2025-01-08
58203,623,2025-12-04
58204,920,2025-06-29
58205,103,2025-08-29
58206,764,2025-04-11
58207,393,2025-01-19
58208,434,2025-11-22
58209,782,2025-08-29
58210,274,2025-09-17
58211,884,2025-07-14
58212,500,2025-05-28
58213,350,2025-06-04
58214,329,2025-10-06
58215,421,2025-03-24
58216,943,2025-05-05
58217,103,2025-04-23
58218,508,2025-07-10
58219,836,2025-12-20
58220,473,2025-12-03
58221,567,2025-07-18
58222,349,2025-03-15
58223,137,2025-12-10
58224,640,2025-04-25
58225,920,2025-05-11
58226,521,2025-11-20
58227,433,2025-04-07
58228,130,2025-06-18
58229,945,2025-12-01
58230,870,2025-04-27
58231,902,2025-08-16
58232,360,2025-01-14
58233,626,2025-12-30
58234,433,2025-06-02
58235,235,2025-09-02
58236,206,2025-07-02
58237,384,2025-06-08
58238,554,2025-05-29
58239,123,2025-01-07
58240,703,2025-04-12
58241,458,2025-05-19
58242,882,2025-05-15
58243,279,2025-04-10
58244,52,2025-08-23
58245,313,2025-10-30
58246,974,2025-11-22
58247,322,2025-12-21
58248,704,2025-08-26
58249,844,2025-05-31
58250,285,2025-08-24
58251,643,2025-02-18
58252,205,2025-10-26
58253,363,2025-07-15
58254,297,2025-03-02
58255,673,2025-06-05
58256,876,2025-04-20
58257,253,2025-05-08
58258,292,2025-01-19
58259,821,2025-01-06
58260,463,2025-05-08
58261,514,2025-04-21
58262,706,2025-12-31
58263,138,2025-04-06
58264,872,2025-05-01
58265,366,2025-12-01
58266,659,2025-11-10
58267,433,2025-01-21
58268,754,2025-02-01
58269,612,2025-02-04
58270,174,2025-06-17
58271,188,2025-07-28
58272,878,2025-05-09
58273,520,2025-01-05
58274,276,2025-03-15
58275,144,2025-08-13
58276,129,2025-05-16
58277,920,2025-02-15
58278,977,2025-08-26
58279,394,2025-08-12
58280,202,2025-06-28
58281,419,2025-12-10
58282,137,2025-11-05
58283,550,2025-01-15
58284,627,2025-11-27
58285,986,2025-01-19
58286,319,2025-06-25
58287,198,2025-11-26
58288,134,2025-12-25
58289,378,2025-01-09
58290,602,2025-01-27
58291,67,2025-03-30
58292,759,2025-04-11
58293,461,2025-04-12
58294,794,2025-06-02
58295,464,2025-04-27
58296,156,2025-08-01
58297,22,2025-11-08
58298,557,2025-07-19
58299,540,2025-05-02
58300,814,2025-07-27
58301,878,2025-08-15
58302,162,2025-11-24
58303,315,2025-12-12
58304,208,2025-04-12
58305,107,2025-12-02
58306,3,2025-10-26
58307,83,2025-02-16
58308,525,2025-07-23
58309,152,2025-02-25
58310,195,2025-06-29
58311,118,2025-01-17
58312,725,2025-04-20
58313,636,2025-08-03
58314,963,2025-04-21
58315,112,2025-01-04
58316,209,2025-05-22
58317,456,2025-07-17
58318,650,2025-10-06
58319,131,2025-02-19
58320,212,2025-06-24
58321,422,2025-03-14
58322,19,2025-02-26
58323,396,2025-02-14
58324,759,2025-10-05
58325,527,2025-12-02
58326,435,2025-08-31
58327,488,2025-05-19
58328,947,2025-12-13
58329,521,2025-07-01
58330,535,2025-07-13
58331,931,2025-08-20
58332,158,2025-08-27
58333,96,2025-06-29
58334,450,2025-06-24
58335,319,2025-04-27
58336,203,2025-09-06
58337,120,2025-09-03
58338,879,2025-06-09
58339,615,2025-09-17
58340,691,2025-02-20
58341,119,2025-06-01
58342,342,2025-12-27
58343,621,2025-09-25
58344,528,2025-09-20
58345,695,2025-11-12
58346,670,2025-08-11
58347,414,2025-08-30
58348,783,2025-06-25
58349,260,2025-10-29
58350,81,2025-09-17
58351,914,2025-07-11
58352,23,2025-02-16
58353,284,2025-10-22
58354,115,2025-04-30
58355,232,2025-05-12
58356,395,2025-02-15
58357,130,2025-03-21
58358,467,2025-02-15
58359,928,2025-02-05
58360,137,2025-01-08
58361,927,2025-04-18
58362,412,2025-10-03
58363,593,2025-11-12
58364,442,2025-03-24
58365,317,2025-06-04
58366,110,2025-10-31
58367,594,2025-09-16
58368,917,2025-11-27
58369,521,2025-06-03
58370,600,2025-03-03
58371,644,2025-02-22
58372,389,2025-09-16
58373,121,2025-01-10
58374,507,2025-06-18
58375,869,2025-05-09
58376,315,2025-12-02
58377,872,2025-12-31
58378,855,2025-06-26
58379,245,2025-07-31
58380,576,2025-05-19
58381,748,2025-10-11
58382,495,2025-04-18
58383,700,2025-09-29
58384,911,2025-11-26
58385,628,2025-03-04
58386,838,2025-03-24
58387,801,2025-05-19
58388,813,2025-10-30
58389,853,2025-08-22
58390,226,2025-03-12
58391,19,2025-05-15
58392,154,2025-08-23
58393,250,2025-12-19
58394,691,2025-06-14
58395,510,2025-01-28
58396,469,2025-02-08
58397,10,2025-01-11
58398,684,2025-02-15
58399,365,2025-05-31
58400,761,2025-04-13
58401,113,2025-04-20
58402,296,2025-10-07
58403,55,2025-06-24
58404,285,2025-09-24
58405,924,2025-07-17
58406,491,2025-03-16
58407,440,2025-12-13
58408,274,2025-06-23
58409,265,2025-11-02
58410,668,2025-02-05
58411,986,2025-11-07
58412,747,2025-09-19
58413,737,2025-04-02
58414,473,2025-10-17
58415,99,2025-09-29
58416,724,2025-11-23
58417,809,2025-03-18
58418,511,2025-11-20
58419,92,2025-10-06
58420,713,2025-05-04
58421,922,2025-05-08
58422,225,2025-04-03
58423,160,2025-06-24
58424,739,2025-11-24
58425,332,2025-11-02
58426,716,2025-02-23
58427,704,2025-02-17
58428,267,2025-01-22
58429,43,2025-08-13
58430,556,2025-04-25
58431,408,2025-10-05
58432,856,2025-10-05
58433,358,2025-03-14
58434,250,2025-09-11
58435,861,2025-10-07
58436,736,2025-12-27
58437,619,2025-09-21
58438,954,2025-05-12
58439,783,2025-12-31
58440,867,2025-04-11
58441,800,2025-10-21
58442,402,2025-05-19
58443,63,2025-12-08
58444,608,2025-10-13
58445,765,2025-08-07
58446,992,2025-03-20
58447,682,2025-03-10
58448,569,2025-12-12
58449,576,2025-10-20
58450,116,2025-07-07
58451,8,2025-11-17
58452,46,2025-10-13
58453,905,2025-05-22
58454,791,2025-10-29
58455,261,2025-10-18
58456,424,2025-06-24
58457,484,2025-01-08
58458,247,2025-09-28
58459,423,2025-05-04
58460,348,2025-05-14
58461,695,2025-09-18
58462,758,2025-10-23
58463,99,2025-02-02
58464,466,2025-10-28
58465,992,2025-04-17
58466,869,2025-07-26
58467,794,2025-11-14
58468,735,2025-03-21
58469,5,2025-03-22
58470,975,2025-12-21
58471,736,2025-05-17
58472,889,2025-12-12
58473,909,2025-05-11
58474,255,2025-08-15
58475,14,2025-07-06
58476,660,2025-12-26
58477,459,2025-07-20
58478,21,2025-07-03
58479,271,2025-06-20
58480,992,2025-05-18
58481,364,2025-06-10
58482,262,2025-06-18
58483,655,2025-10-06
58484,665,2025-01-17
58485,333,2025-07-02
58486,850,2025-07-20
58487,581,2025-10-02
58488,161,2025-09-01
58489,325,2025-06-07
58490,848,2025-02-09
58491,90,2025-05-16
58492,13,2025-04-04
58493,657,2025-03-16
58494,442,2025-09-21
58495,253,2025-06-24
58496,473,2025-10-17
58497,184,2025-02-20
58498,375,2025-12-26
58499,234,2025-06-22
58500,587,2025-04-03
58501,674,2025-05-13
58502,915,2025-11-04
58503,68,2025-09-17
58504,327,2025-03-04
58505,265,2025-12-28
58506,580,2025-02-17
58507,534,2025-04-11
58508,878,2025-09-24
58509,920,2025-07-13
58510,773,2025-06-12
58511,199,2025-12-05
58512,41,2025-10-17
58513,900,2025-12-18
58514,943,2025-04-14
58515,251,2025-11-07
58516,47,2025-03-19
58517,681,2025-10-22
58518,589,2025-07-20
58519,889,2025-08-07
58520,576,2025-02-12
58521,761,2025-11-17
58522,787,2025-04-12
58523,10,2025-08-07
58524,149,2025-03-02
58525,781,2025-12-04
58526,180,2025-04-27
58527,207,2025-10-06
58528,753,2025-10-07
58529,205,2025-07-20
58530,150,2025-02-14
58531,14,2025-04-13
58532,470,2025-08-12
58533,637,2025-07-15
58534,732,2025-08-02
58535,906,2025-04-02
58536,652,2025-07-16
58537,757,2025-02-01
58538,211,2025-06-26
58539,341,2025-02-03
58540,304,2025-08-31
58541,66,2025-07-26
58542,969,2025-11-07
58543,242,2025-06-18
58544,449,2025-03-01
58545,357,2025-03-27
58546,45,2025-10-25
58547,904,2025-12-16
58548,220,2025-01-23
58549,101,2025-09-04
58550,343,2025-06-25
58551,144,2025-04-05
58552,1000,2025-07-06
58553,189,2025-12-08
58554,303,2025-03-14
58555,272,2025-11-02
58556,27,2025-02-02
58557,13,2025-09-21
58558,513,2025-01-28
58559,233,2025-01-23
58560,84,2025-01-14
58561,292,2025-10-21
58562,275,2025-07-29
58563,425,2025-09-09
58564,993,2025-02-26
58565,307,2025-12-03
58566,705,2025-10-23
58567,769,2025-06-28
58568,51,2025-11-25
58569,502,2025-02-22
58570,449,2025-04-17
58571,508,2025-01-18
58572,172,2025-03-02
58573,466,2025-11-04
58574,123,2025-05-30
58575,946,2025-08-24
58576,588,2025-11-18
58577,35,2025-10-06
58578,506,2025-05-26
58579,927,2025-05-08
58580,743,2025-02-09
58581,273,2025-10-30
58582,893,2025-12-26
58583,186,2025-07-02
58584,247,2025-07-02
58585,155,2025-11-06
58586,923,2025-05-05
58587,717,2025-05-29
58588,518,2025-11-23
58589,668,2025-05-19
58590,259,2025-12-05
58591,71,2025-02-28
58592,846,2025-07-01
58593,965,2025-06-28
58594,36,2025-04-22
58595,52,2025-12-18
58596,560,2025-06-26
58597,44,2025-11-17
58598,722,2025-03-22
58599,946,2025-05-08
58600,280,2025-06-24
58601,295,2025-07-25
58602,864,2025-03-25
58603,357,2025-04-25
58604,241,2025-08-16
58605,85,2025-04-12
58606,840,2025-10-05
58607,926,2025-06-24
58608,79,2025-12-20
58609,803,2025-03-28
58610,160,2025-11-04
58611,139,2025-06-28
58612,381,2025-02-01
58613,437,2025-09-15
58614,855,2025-03-19
58615,700,2025-02-20
58616,145,2025-07-14
58617,585,2025-10-14
58618,876,2025-04-05
58619,663,2025-08-16
58620,230,2025-01-06
58621,129,2025-03-09
58622,453,2025-10-03
58623,473,2025-01-05
58624,353,2025-05-11
58625,110,2025-07-05
58626,119,2025-01-25
58627,529,2025-12-24
58628,945,2025-07-05
58629,598,2025-05-04
58630,439,2025-12-23
58631,932,2025-07-23
58632,691,2025-09-05
58633,718,2025-02-02
58634,576,2025-02-27
58635,763,2025-01-17
58636,502,2025-07-07
58637,623,2025-11-02
58638,617,2025-11-26
58639,753,2025-07-29
58640,899,2025-01-20
58641,295,2025-08-17
58642,700,2025-08-21
58643,32,2025-08-06
58644,533,2025-09-21
58645,899,2025-07-23
58646,646,2025-09-14
58647,268,2025-06-27
58648,607,2025-02-24
58649,358,2025-01-30
58650,434,2025-11-28
58651,229,2025-06-10
58652,625,2025-04-28
58653,199,2025-04-18
58654,444,2025-01-19
58655,940,2025-12-11
58656,758,2025-01-31
58657,415,2025-03-21
58658,969,2025-06-17
58659,14,2025-05-11
58660,960,2025-01-15
58661,353,2025-05-01
58662,821,2025-10-12
58663,948,2025-04-02
58664,602,2025-11-13
58665,611,2025-05-12
58666,750,2025-01-05
58667,240,2025-02-09
58668,179,2025-10-23
58669,344,2025-05-29
58670,480,2025-12-25
58671,743,2025-10-15
58672,258,2025-01-12
58673,565,2025-04-25
58674,4,2025-09-22
58675,31,2025-01-24
58676,967,2025-12-31
58677,851,2025-03-02
58678,864,2025-10-18
58679,329,2025-11-03
58680,514,2025-07-04
58681,675,2025-10-21
58682,255,2025-11-19
58683,745,2025-09-26
58684,693,2025-09-16
58685,408,2025-05-22
58686,435,2025-04-17
58687,308,2025-11-13
58688,804,2025-03-23
58689,987,2025-06-01
58690,1000,2025-07-07
58691,772,2025-05-23
58692,350,2025-05-17
58693,782,2025-08-07
58694,245,2025-05-01
58695,897,2025-12-27
58696,268,2025-03-06
58697,403,2025-05-22
58698,94,2025-11-05
58699,82,2025-06-23
58700,395,2025-09-15
58701,551,2025-08-25
58702,18,2025-05-01
58703,847,2025-09-29
58704,115,2025-03-28
58705,999,2025-10-01
58706,272,2025-02-16
58707,379,2025-09-11
58708,160,2025-02-11
58709,825,2025-11-14
58710,733,2025-08-17
58711,79,2025-01-15
58712,106,2025-02-09
58713,610,2025-03-10
58714,866,2025-12-17
58715,110,2025-08-04
58716,222,2025-04-12
58717,546,2025-04-12
58718,109,2025-01-10
58719,305,2025-03-16
58720,11,2025-11-09
58721,500,2025-08-07
58722,716,2025-05-15
58723,412,2025-01-08
58724,257,2025-05-06
58725,425,2025-05-20
58726,510,2025-02-13
58727,166,2025-08-10
58728,112,2025-08-30
58729,182,2025-12-31
58730,986,2025-05-11
58731,723,2025-04-11
58732,126,2025-10-28
58733,302,2025-05-08
58734,412,2025-08-19
58735,182,2025-09-27
58736,852,2025-11-18
58737,941,2025-04-27
58738,245,2025-08-16
58739,17,2025-02-17
58740,267,2025-10-12
58741,583,2025-01-17
58742,809,2025-09-12
58743,340,2025-03-18
58744,274,2025-06-18
58745,249,2025-01-28
58746,3,2025-09-09
58747,15,2025-06-25
58748,428,2025-08-31
58749,618,2025-05-07
58750,13,2025-01-03
58751,201,2025-08-01
58752,910,2025-09-13
58753,991,2025-08-31
58754,642,2025-04-06
58755,522,2025-09-19
58756,584,2025-07-17
58757,371,2025-03-18
58758,202,2025-02-10
58759,376,2025-04-29
58760,700,2025-01-09
58761,663,2025-09-19
58762,678,2025-01-06
58763,609,2025-01-18
58764,61,2025-02-27
58765,627,2025-04-30
58766,881,2025-01-08
58767,649,2025-08-18
58768,580,2025-02-18
58769,224,2025-10-21
58770,793,2025-07-24
58771,452,2025-01-31
58772,263,2025-05-27
58773,490,2025-02-21
58774,123,2025-12-24
58775,927,2025-08-05
58776,703,2025-10-23
58777,327,2025-05-17
58778,794,2025-02-23
58779,55,2025-03-27
58780,387,2025-06-02
58781,652,2025-10-09
58782,24,2025-06-07
58783,709,2025-12-05
58784,819,2025-05-13
58785,595,2025-03-27
58786,207,2025-06-30
58787,750,2025-02-10
58788,340,2025-09-02
58789,736,2025-02-06
58790,629,2025-08-22
58791,94,2025-05-20
58792,100,2025-05-11
58793,16,2025-08-11
58794,72,2025-09-15
58795,300,2025-12-06
58796,26,2025-04-16
58797,939,2025-10-24
58798,917,2025-11-01
58799,173,2025-12-30
58800,312,2025-12-18
58801,743,2025-10-16
58802,661,2025-04-18
58803,582,2025-09-11
58804,990,2025-10-14
58805,630,2025-04-17
58806,670,2025-10-24
58807,503,2025-09-14
58808,526,2025-06-29
58809,292,2025-11-11
58810,521,2025-02-02
58811,919,2025-09-07
58812,377,2025-10-14
58813,134,2025-01-15
58814,600,2025-05-29
58815,786,2025-07-08
58816,959,2025-03-17
58817,543,2025-11-17
58818,789,2025-08-17
58819,251,2025-04-11
58820,425,2025-06-09
58821,420,2025-02-10
58822,333,2025-02-01
58823,717,2025-09-30
58824,884,2025-12-26
58825,327,2025-04-12
58826,136,2025-03-31
58827,826,2025-09-07
58828,850,2025-07-06
58829,935,2025-02-20
58830,256,2025-09-01
58831,720,2025-03-18
58832,716,2025-02-12
58833,791,2025-06-19
58834,807,2025-09-27
58835,953,2025-07-10
58836,477,2025-08-25
58837,76,2025-03-28
58838,193,2025-06-30
58839,887,2025-09-18
58840,845,2025-07-12
58841,12,2025-03-29
58842,368,2025-12-15
58843,246,2025-01-25
58844,321,2025-11-29
58845,639,2025-09-22
58846,511,2025-02-10
58847,481,2025-04-04
58848,436,2025-05-15
58849,642,2025-12-16
58850,684,2025-07-08
58851,44,2025-04-05
58852,138,2025-12-02
58853,342,2025-02-13
58854,436,2025-10-26
58855,997,2025-10-31
58856,892,2025-05-22
58857,649,2025-01-16
58858,37,2025-11-20
58859,101,2025-12-20
58860,458,2025-05-19
58861,588,2025-03-09
58862,661,2025-04-09
58863,142,2025-02-19
58864,888,2025-08-11
58865,494,2025-07-09
58866,594,2025-05-10
58867,40,2025-08-26
58868,825,2025-08-16
58869,544,2025-01-05
58870,223,2025-05-30
58871,319,2025-11-12
58872,353,2025-10-18
58873,28,2025-11-09
58874,943,2025-12-15
58875,803,2025-01-23
58876,886,2025-04-09
58877,354,2025-06-17
58878,558,2025-07-06
58879,459,2025-10-14
58880,476,2025-09-22
58881,589,2025-09-15
58882,452,2025-02-27
58883,774,2025-09-05
58884,59,2025-10-18
58885,193,2025-10-02
58886,893,2025-08-01
58887,883,2025-02-02
58888,819,2025-02-24
58889,369,2025-09-29
58890,457,2025-11-13
58891,26,2025-10-29
58892,280,2025-06-05
58893,727,2025-08-03
58894,343,2025-03-06
58895,481,2025-08-05
58896,124,2025-03-13
58897,497,2025-10-18
58898,722,2025-10-14
58899,573,2025-01-19
58900,557,2025-12-08
58901,915,2025-10-18
58902,235,2025-05-19
58903,300,2025-06-14
58904,624,2025-01-29
58905,481,2025-12-08
58906,980,2025-02-06
58907,60,2025-12-03
58908,123,2025-08-27
58909,342,2025-12-02
58910,459,2025-05-16
58911,891,2025-11-23
58912,495,2025-06-05
58913,438,2025-05-08
58914,167,2025-05-04
58915,435,2025-12-14
58916,532,2025-06-19
58917,584,2025-06-24
58918,606,2025-08-23
58919,430,2025-07-22
58920,158,2025-07-17
58921,153,2025-05-19
58922,155,2025-03-01
58923,619,2025-12-30
58924,857,2025-06-29
58925,884,2025-12-21
58926,312,2025-06-18
58927,80,2025-08-07
58928,631,2025-07-19
58929,39,2025-12-19
58930,627,2025-02-10
58931,384,2025-07-08
58932,840,2025-02-26
58933,626,2025-11-13
58934,740,2025-07-13
58935,406,2025-12-03
58936,841,2025-04-11
58937,526,2025-03-01
58938,626,2025-08-18
58939,361,2025-02-23
58940,450,2025-05-17
58941,841,2025-04-25
58942,394,2025-03-22
58943,22,2025-02-17
58944,380,2025-08-28
58945,392,2025-10-04
58946,419,2025-05-24
58947,71,2025-04-13
58948,130,2025-02-27
58949,325,2025-09-05
58950,424,2025-10-23
58951,30,2025-07-20
58952,390,2025-06-07
58953,321,2025-08-25
58954,35,2025-12-01
58955,251,2025-12-28
58956,276,2025-03-12
58957,144,2025-06-24
58958,752,2025-11-16
58959,73,2025-08-19
58960,578,2025-10-25
58961,666,2025-12-30
58962,807,2025-02-07
58963,546,2025-08-12
58964,543,2025-07-14
58965,761,2025-04-14
58966,855,2025-08-27
58967,211,2025-02-07
58968,797,2025-06-30
58969,463,2025-06-01
58970,99,2025-05-23
58971,613,2025-08-13
58972,978,2025-12-11
58973,141,2025-12-12
58974,15,2025-09-13
58975,917,2025-05-01
58976,597,2025-12-19
58977,220,2025-12-31
58978,793,2025-11-05
58979,394,2025-11-15
58980,332,2025-10-26
58981,290,2025-10-05
58982,599,2025-09-22
58983,135,2025-08-22
58984,363,2025-08-24
58985,306,2025-05-23
58986,61,2025-11-20
58987,764,2025-08-20
58988,9,2025-08-12
58989,960,2025-09-28
58990,95,2025-01-28
58991,359,2025-12-02
58992,99,2025-08-01
58993,367,2025-12-11
58994,611,2025-02-07
58995,88,2025-03-27
58996,526,2025-12-13
58997,772,2025-09-10
58998,456,2025-08-25
58999,113,2025-05-28
59000,692,2025-07-22
59001,187,2025-07-19
59002,17,2025-03-14
59003,437,2025-07-26
59004,271,2025-07-08
59005,29,2025-04-25
59006,778,2025-05-06
59007,600,2025-10-08
59008,910,2025-09-04
59009,481,2025-06-21
59010,439,2025-08-09
59011,843,2025-03-30
59012,82,2025-07-02
59013,362,2025-07-25
59014,799,2025-04-03
59015,293,2025-03-03
59016,886,2025-07-11
59017,285,2025-12-10
59018,414,2025-06-18
59019,898,2025-11-26
59020,244,2025-11-07
59021,969,2025-09-29
59022,44,2025-11-23
59023,266,2025-05-31
59024,592,2025-10-05
59025,595,2025-02-22
59026,910,2025-04-27
59027,960,2025-07-26
59028,678,2025-01-14
59029,660,2025-10-07
59030,318,2025-12-04
59031,806,2025-02-08
59032,643,2025-12-29
59033,25,2025-02-02
59034,833,2025-02-16
59035,360,2025-10-06
59036,476,2025-09-08
59037,487,2025-12-08
59038,820,2025-06-05
59039,268,2025-07-28
59040,392,2025-02-24
59041,40,2025-09-10
59042,349,2025-12-31
59043,89,2025-08-06
59044,583,2025-12-07
59045,894,2025-05-24
59046,465,2025-12-25
59047,913,2025-07-15
59048,978,2025-02-22
59049,54,2025-05-13
59050,517,2025-06-29
59051,529,2025-01-25
59052,386,2025-11-23
59053,831,2025-03-29
59054,395,2025-09-04
59055,56,2025-12-02
59056,548,2025-06-08
59057,202,2025-08-11
59058,355,2025-07-08
59059,502,2025-10-06
59060,723,2025-01-15
59061,279,2025-05-12
59062,381,2025-08-12
59063,68,2025-02-03
59064,385,2025-11-10
59065,581,2025-08-19
59066,617,2025-01-02
59067,294,2025-01-05
59068,61,2025-02-28
59069,578,2025-08-31
59070,656,2025-07-09
59071,86,2025-06-26
59072,505,2025-07-24
59073,96,2025-06-30
59074,454,2025-05-06
59075,641,2025-01-03
59076,720,2025-01-11
59077,714,2025-09-09
59078,759,2025-09-29
59079,242,2025-03-29
59080,847,2025-03-30
59081,350,2025-05-29
59082,375,2025-08-24
59083,788,2025-08-05
59084,328,2025-07-24
59085,75,2025-01-14
59086,715,2025-06-07
59087,663,2025-10-02
59088,582,2025-08-04
59089,144,2025-10-22
59090,632,2025-09-11
59091,199,2025-11-25
59092,556,2025-07-28
59093,508,2025-07-27
59094,773,2025-07-23
59095,977,2025-04-07
59096,191,2025-06-09
59097,115,2025-03-03
59098,556,2025-06-06
59099,952,2025-02-24
59100,159,2025-06-29
59101,488,2025-12-15
59102,408,2025-06-15
59103,319,2025-09-27
59104,664,2025-06-10
59105,296,2025-11-27
59106,494,2025-03-18
59107,846,2025-11-01
59108,380,2025-09-22
59109,22,2025-11-21
59110,885,2025-02-18
59111,275,2025-11-23
59112,773,2025-11-28
59113,763,2025-04-19
59114,527,2025-08-17
59115,88,2025-08-03
59116,951,2025-01-18
59117,681,2025-07-11
59118,425,2025-08-29
59119,854,2025-03-16
59120,789,2025-05-12
59121,761,2025-08-02
59122,168,2025-12-06
59123,633,2025-01-23
59124,286,2025-12-08
59125,79,2025-10-25
59126,339,2025-11-05
59127,105,2025-01-18
59128,106,2025-07-27
59129,728,2025-05-15
59130,502,2025-12-02
59131,398,2025-09-28
59132,193,2025-08-26
59133,771,2025-01-11
59134,635,2025-11-16
59135,586,2025-06-28
59136,191,2025-02-28
59137,124,2025-11-16
59138,124,2025-11-27
59139,26,2025-07-01
59140,970,2025-08-30
59141,368,2025-08-11
59142,659,2025-04-21
59143,983,2025-10-01
59144,937,2025-12-31
59145,321,2025-12-07
59146,490,2025-09-08
59147,464,2025-05-12
59148,34,2025-11-28
59149,769,2025-12-05
59150,575,2025-01-03
59151,372,2025-05-04
59152,559,2025-07-21
59153,736,2025-07-30
59154,15,2025-09-18
59155,647,2025-07-07
59156,862,2025-01-06
59157,727,2025-03-02
59158,620,2025-10-06
59159,91,2025-09-11
59160,745,2025-08-26
59161,751,2025-06-10
59162,494,2025-04-11
59163,583,2025-04-23
59164,619,2025-09-09
59165,122,2025-07-04
59166,258,2025-02-17
59167,793,2025-05-26
59168,974,2025-10-28
59169,271,2025-08-07
59170,401,2025-11-13
59171,916,2025-07-05
59172,163,2025-06-27
59173,262,2025-12-13
59174,56,2025-07-05
59175,235,2025-02-19
59176,637,2025-05-27
59177,349,2025-08-25
59178,984,2025-05-07
59179,892,2025-05-30
59180,896,2025-11-15
59181,727,2025-06-08
59182,703,2025-04-22
59183,510,2025-02-09
59184,991,2025-05-28
59185,96,2025-10-07
59186,723,2025-04-20
59187,141,2025-06-21
59188,340,2025-08-28
59189,256,2025-12-05
59190,602,2025-10-25
59191,788,2025-04-15
59192,80,2025-03-01
59193,602,2025-09-02
59194,222,2025-04-03
59195,77,2025-05-24
59196,418,2025-02-07
59197,582,2025-10-10
59198,202,2025-02-28
59199,390,2025-05-19
59200,954,2025-05-29
59201,347,2025-01-16
59202,996,2025-10-11
59203,835,2025-08-14
59204,371,2025-07-17
59205,577,2025-03-06
59206,710,2025-01-20
59207,465,2025-01-21
59208,408,2025-08-17
59209,330,2025-09-30
59210,140,2025-10-18
59211,25,2025-10-20
59212,337,2025-05-24
59213,796,2025-01-01
59214,234,2025-03-31
59215,180,2025-10-15
59216,329,2025-10-06
59217,599,2025-07-05
59218,216,2025-01-09
59219,221,2025-10-11
59220,113,2025-10-25
59221,333,2025-03-24
59222,218,2025-10-21
59223,832,2025-08-22
59224,906,2025-11-21
59225,371,2025-08-17
59226,86,2025-02-02
59227,88,2025-08-25
59228,325,2025-02-09
59229,464,2025-04-05
59230,529,2025-11-15
59231,305,2025-12-20
59232,355,2025-06-23
59233,284,2025-04-17
59234,518,2025-05-24
59235,697,2025-03-30
59236,44,2025-07-29
59237,479,2025-06-03
59238,649,2025-01-22
59239,673,2025-08-11
59240,564,2025-08-23
59241,526,2025-09-01
59242,681,2025-12-11
59243,379,2025-09-14
59244,568,2025-09-04
59245,320,2025-03-19
59246,438,2025-06-19
59247,125,2025-06-08
59248,351,2025-12-17
59249,143,2025-06-23
59250,227,2025-09-09
59251,420,2025-07-17
59252,501,2025-01-21
59253,942,2025-12-08
59254,27,2025-09-02
59255,899,2025-03-26
59256,329,2025-01-22
59257,725,2025-12-08
59258,678,2025-04-23
59259,971,2025-01-07
59260,109,2025-08-13
59261,968,2025-01-06
59262,63,2025-03-20
59263,878,2025-11-23
59264,653,2025-01-14
59265,482,2025-10-02
59266,398,2025-08-14
59267,94,2025-04-22
59268,802,2025-04-15
59269,728,2025-06-23
59270,938,2025-07-14
59271,731,2025-11-21
59272,958,2025-04-06
59273,887,2025-08-04
59274,426,2025-09-08
59275,704,2025-01-05
59276,265,2025-11-23
59277,796,2025-12-29
59278,609,2025-02-01
59279,441,2025-04-06
59280,629,2025-10-15
59281,278,2025-10-23
59282,623,2025-02-26
59283,475,2025-12-01
59284,322,2025-05-01
59285,976,2025-04-18
59286,64,2025-05-11
59287,758,2025-09-03
59288,211,2025-03-17
59289,223,2025-07-18
59290,155,2025-01-28
59291,103,2025-02-23
59292,124,2025-10-08
59293,833,2025-05-21
59294,927,2025-10-17
59295,585,2025-09-27
59296,14,2025-12-30
59297,865,2025-02-20
59298,602,2025-12-08
59299,521,2025-11-22
59300,948,2025-06-08
59301,410,2025-02-19
59302,361,2025-02-18
59303,780,2025-07-06
59304,528,2025-01-04
59305,717,2025-02-04
59306,696,2025-07-14
59307,840,2025-07-25
59308,318,2025-11-11
59309,73,2025-12-22
59310,478,2025-04-08
59311,648,2025-05-01
59312,818,2025-03-14
59313,268,2025-03-23
59314,746,2025-06-10
59315,833,2025-12-29
59316,809,2025-11-23
59317,809,2025-11-30
59318,988,2025-06-14
59319,662,2025-08-28
59320,371,2025-09-21
59321,437,2025-03-30
59322,748,2025-06-18
59323,237,2025-07-20
59324,603,2025-05-17
59325,573,2025-06-22
59326,667,2025-06-10
59327,422,2025-01-23
59328,740,2025-10-08
59329,72,2025-11-25
59330,750,2025-10-03
59331,812,2025-12-07
59332,886,2025-06-07
59333,923,2025-01-21
59334,350,2025-04-08
59335,47,2025-11-08
59336,654,2025-02-20
59337,91,2025-07-19
59338,281,2025-01-01
59339,703,2025-04-29
59340,595,2025-02-11
59341,607,2025-02-11
59342,752,2025-03-02
59343,165,2025-07-16
59344,792,2025-09-09
59345,587,2025-04-16
59346,421,2025-10-26
59347,464,2025-05-24
59348,509,2025-09-26
59349,551,2025-07-13
59350,334,2025-09-21
59351,224,2025-12-24
59352,170,2025-12-29
59353,341,2025-08-03
59354,261,2025-12-18
59355,517,2025-09-14
59356,913,2025-04-09
59357,109,2025-12-08
59358,309,2025-02-22
59359,50,2025-06-20
59360,975,2025-02-25
59361,701,2025-10-14
59362,242,2025-11-23
59363,415,2025-10-26
59364,724,2025-02-07
59365,958,2025-04-09
59366,574,2025-05-05
59367,271,2025-02-12
59368,697,2025-07-13
59369,686,2025-01-13
59370,644,2025-08-12
59371,46,2025-07-29
59372,707,2025-08-06
59373,20,2025-11-30
59374,906,2025-10-15
59375,882,2025-04-05
59376,564,2025-07-28
59377,647,2025-10-20
59378,68,2025-11-07
59379,875,2025-08-23
59380,271,2025-01-31
59381,263,2025-06-08
59382,709,2025-11-10
59383,939,2025-01-27
59384,495,2025-08-04
59385,508,2025-07-17
59386,549,2025-03-23
59387,292,2025-05-06
59388,597,2025-12-23
59389,961,2025-08-06
59390,383,2025-12-10
59391,774,2025-06-22
59392,774,2025-11-05
59393,851,2025-08-15
59394,724,2025-11-29
59395,922,2025-04-30
59396,715,2025-05-20
59397,977,2025-01-15
59398,716,2025-03-25
59399,837,2025-02-20
59400,891,2025-03-08
59401,984,2025-04-23
59402,596,2025-11-15
59403,711,2025-05-19
59404,968,2025-10-29
59405,381,2025-10-25
59406,120,2025-12-25
59407,885,2025-07-05
59408,632,2025-11-06
59409,429,2025-06-03
59410,717,2025-08-19
59411,33,2025-10-23
59412,478,2025-02-21
59413,266,2025-01-21
59414,289,2025-03-02
59415,970,2025-09-21
59416,551,2025-06-22
59417,141,2025-04-13
59418,365,2025-10-08
59419,243,2025-01-06
59420,910,2025-03-05
59421,292,2025-06-21
59422,357,2025-12-01
59423,335,2025-10-01
59424,176,2025-09-07
59425,781,2025-09-17
59426,577,2025-04-24
59427,437,2025-06-13
59428,396,2025-11-20
59429,667,2025-09-24
59430,96,2025-08-07
59431,932,2025-01-31
59432,565,2025-09-25
59433,228,2025-05-14
59434,538,2025-05-21
59435,853,2025-09-03
59436,174,2025-05-24
59437,524,2025-07-29
59438,598,2025-01-05
59439,811,2025-03-09
59440,568,2025-07-16
59441,737,2025-12-16
59442,774,2025-10-05
59443,892,2025-06-02
59444,362,2025-12-20
59445,704,2025-04-11
59446,249,2025-11-22
59447,845,2025-05-28
59448,952,2025-02-01
59449,295,2025-01-01
59450,562,2025-12-24
59451,823,2025-08-23
59452,28,2025-02-24
59453,706,2025-12-29
59454,821,2025-01-16
59455,872,2025-05-03
59456,197,2025-10-01
59457,758,2025-01-20
59458,787,2025-11-27
59459,3,2025-09-05
59460,706,2025-12-13
59461,627,2025-11-02
59462,969,2025-10-29
59463,44,2025-03-25
59464,966,2025-03-16
59465,572,2025-03-30
59466,275,2025-02-26
59467,388,2025-08-31
59468,767,2025-01-22
59469,997,2025-06-06
59470,317,2025-08-01
59471,984,2025-07-16
59472,630,2025-06-27
59473,193,2025-03-23
59474,598,2025-02-09
59475,802,2025-12-27
59476,55,2025-06-19
59477,79,2025-08-06
59478,6,2025-07-27
59479,571,2025-05-15
59480,58,2025-09-21
59481,933,2025-05-18
59482,128,2025-06-01
59483,72,2025-10-21
59484,258,2025-04-27
59485,764,2025-09-13
59486,907,2025-08-31
59487,252,2025-01-12
59488,519,2025-09-07
59489,774,2025-10-20
59490,797,2025-04-09
59491,153,2025-11-30
59492,839,2025-01-08
59493,868,2025-03-07
59494,735,2025-12-12
59495,528,2025-11-09
59496,392,2025-10-03
59497,890,2025-08-09
59498,864,2025-03-15
59499,519,2025-06-28
59500,743,2025-07-26
59501,400,2025-02-02
59502,744,2025-08-06
59503,90,2025-02-02
59504,902,2025-02-15
59505,516,2025-03-04
59506,599,2025-03-11
59507,190,2025-01-30
59508,529,2025-12-16
59509,4,2025-10-20
59510,891,2025-07-05
59511,749,2025-05-15
59512,455,2025-03-11
59513,836,2025-12-13
59514,812,2025-10-19
59515,120,2025-10-02
59516,54,2025-06-21
59517,254,2025-01-11
59518,2,2025-08-22
59519,574,2025-06-27
59520,529,2025-04-19
59521,538,2025-04-26
59522,74,2025-01-22
59523,919,2025-11-15
59524,977,2025-03-02
59525,591,2025-10-24
59526,6,2025-12-22
59527,396,2025-01-17
59528,719,2025-08-16
59529,749,2025-01-25
59530,244,2025-10-31
59531,823,2025-07-05
59532,968,2025-01-08
59533,509,2025-10-09
59534,382,2025-10-07
59535,527,2025-12-04
59536,28,2025-06-27
59537,524,2025-12-07
59538,27,2025-08-31
59539,35,2025-07-11
59540,554,2025-05-11
59541,511,2025-04-17
59542,987,2025-08-15
59543,508,2025-09-27
59544,980,2025-01-14
59545,808,2025-05-31
59546,338,2025-01-17
59547,927,2025-05-25
59548,483,2025-10-19
59549,595,2025-09-10
59550,101,2025-02-15
59551,213,2025-09-19
59552,523,2025-01-06
59553,272,2025-01-05
59554,600,2025-11-30
59555,80,2025-01-12
59556,252,2025-04-07
59557,666,2025-02-18
59558,613,2025-08-01
59559,984,2025-07-10
59560,900,2025-11-03
59561,811,2025-12-27
59562,1,2025-09-30
59563,603,2025-06-20
59564,229,2025-01-18
59565,267,2025-12-03
59566,210,2025-07-24
59567,456,2025-03-21
59568,124,2025-07-17
59569,532,2025-05-24
59570,167,2025-05-08
59571,501,2025-06-15
59572,626,2025-10-03
59573,180,2025-03-01
59574,103,2025-12-18
59575,807,2025-01-23
59576,739,2025-02-23
59577,262,2025-09-04
59578,888,2025-02-23
59579,222,2025-10-11
59580,927,2025-09-26
59581,114,2025-06-06
59582,661,2025-06-15
59583,20,2025-12-31
59584,198,2025-10-18
59585,405,2025-08-19
59586,86,2025-02-21
59587,457,2025-08-04
59588,233,2025-01-15
59589,99,2025-04-02
59590,962,2025-09-12
59591,982,2025-05-29
59592,963,2025-12-30
59593,155,2025-12-09
59594,382,2025-02-04
59595,328,2025-11-19
59596,326,2025-11-12
59597,417,2025-02-08
59598,511,2025-05-21
59599,486,2025-12-13
59600,292,2025-01-07
59601,980,2025-01-22
59602,980,2025-07-06
59603,332,2025-12-14
59604,222,2025-04-12
59605,533,2025-10-10
59606,370,2025-09-11
59607,988,2025-02-23
59608,430,2025-04-16
59609,40,2025-08-16
59610,126,2025-06-25
59611,75,2025-03-28
59612,383,2025-03-15
59613,317,2025-07-23
59614,857,2025-10-30
59615,891,2025-05-31
59616,141,2025-12-04
59617,945,2025-09-01
59618,585,2025-05-28
59619,307,2025-09-16
59620,407,2025-06-13
59621,442,2025-10-04
59622,171,2025-12-25
59623,868,2025-10-15
59624,13,2025-02-21
59625,70,2025-01-27
59626,274,2025-10-23
59627,144,2025-11-06
59628,62,2025-07-27
59629,384,2025-03-31
59630,377,2025-11-18
59631,126,2025-06-13
59632,811,2025-04-17
59633,883,2025-05-14
59634,720,2025-04-19
59635,523,2025-04-14
59636,948,2025-04-29
59637,351,2025-09-04
59638,428,2025-01-07
59639,16,2025-05-13
59640,708,2025-03-04
59641,93,2025-08-25
59642,666,2025-12-30
59643,783,2025-10-15
59644,218,2025-04-01
59645,613,2025-07-07
59646,304,2025-01-08
59647,399,2025-05-31
59648,530,2025-04-12
59649,250,2025-07-03
59650,797,2025-05-30
59651,395,2025-09-07
59652,462,2025-07-19
59653,815,2025-12-09
59654,228,2025-01-26
59655,453,2025-12-11
59656,994,2025-10-16
59657,400,2025-09-18
59658,116,2025-10-29
59659,285,2025-01-19
59660,956,2025-03-19
59661,760,2025-01-01
59662,810,2025-10-19
59663,254,2025-05-10
59664,839,2025-05-12
59665,394,2025-08-11
59666,795,2025-06-04
59667,881,2025-08-21
59668,209,2025-12-08
59669,939,2025-05-02
59670,633,2025-11-22
59671,731,2025-07-14
59672,757,2025-05-17
59673,169,2025-12-02
59674,746,2025-06-28
59675,213,2025-02-16
59676,272,2025-04-15
59677,117,2025-11-05
59678,182,2025-07-08
59679,979,2025-07-24
59680,329,2025-09-06
59681,388,2025-03-12
59682,480,2025-02-03
59683,713,2025-06-10
59684,574,2025-12-02
59685,537,2025-02-16
59686,837,2025-09-20
59687,496,2025-12-24
59688,770,2025-02-05
59689,911,2025-02-18
59690,677,2025-11-14
59691,36,2025-02-09
59692,264,2025-09-29
59693,618,2025-10-18
59694,479,2025-04-25
59695,285,2025-04-17
59696,336,2025-07-10
59697,79,2025-07-04
59698,235,2025-11-10
59699,783,2025-08-05
59700,11,2025-12-20
59701,837,2025-03-29
59702,340,2025-04-13
59703,808,2025-03-29
59704,257,2025-08-26
59705,829,2025-01-13
59706,572,2025-11-10
59707,852,2025-10-09
59708,63,2025-12-27
59709,798,2025-12-16
59710,271,2025-01-26
59711,359,2025-09-30
59712,45,2025-07-03
59713,955,2025-09-26
59714,642,2025-11-15
59715,981,2025-08-01
59716,569,2025-01-02
59717,159,2025-11-12
59718,338,2025-06-09
59719,440,2025-06-17
59720,148,2025-08-02
59721,932,2025-11-29
59722,958,2025-07-12
59723,564,2025-03-17
59724,585,2025-09-25
59725,704,2025-08-20
59726,680,2025-01-24
59727,63,2025-07-14
59728,532,2025-10-14
59729,778,2025-11-19
59730,807,2025-04-14
59731,597,2025-07-10
59732,897,2025-10-28
59733,587,2025-08-02
59734,383,2025-06-03
59735,443,2025-03-09
59736,691,2025-01-16
59737,887,2025-09-09
59738,230,2025-12-18
59739,294,2025-08-08
59740,652,2025-10-12
59741,764,2025-09-05
59742,400,2025-05-07
59743,644,2025-07-10
59744,7,2025-04-09
59745,292,2025-03-23
59746,956,2025-08-03
59747,577,2025-08-24
59748,869,2025-12-27
59749,218,2025-03-28
59750,291,2025-04-16
59751,975,2025-03-02
59752,998,2025-12-13
59753,877,2025-10-13
59754,318,2025-05-01
59755,802,2025-12-20
59756,459,2025-09-14
59757,844,2025-06-23
59758,852,2025-05-20
59759,435,2025-07-27
59760,305,2025-02-01
59761,975,2025-03-04
59762,451,2025-12-08
59763,432,2025-03-17
59764,666,2025-03-01
59765,937,2025-11-10
59766,131,2025-12-11
59767,985,2025-10-26
59768,423,2025-02-07
59769,26,2025-11-03
59770,310,2025-04-08
59771,463,2025-01-05
59772,677,2025-12-03
59773,567,2025-04-08
59774,136,2025-08-29
59775,489,2025-01-27
59776,233,2025-03-11
59777,270,2025-11-18
59778,712,2025-08-05
59779,804,2025-12-31
59780,157,2025-03-07
59781,603,2025-11-22
59782,423,2025-11-16
59783,337,2025-12-04
59784,713,2025-01-19
59785,249,2025-02-08
59786,766,2025-07-13
59787,401,2025-02-12
59788,95,2025-01-24
59789,793,2025-10-24
59790,852,2025-09-11
59791,564,2025-11-05
59792,724,2025-12-08
59793,148,2025-02-22
59794,340,2025-10-31
59795,350,2025-01-16
59796,764,2025-05-16
59797,353,2025-04-19
59798,729,2025-03-28
59799,307,2025-09-20
59800,601,2025-02-14
59801,210,2025-10-23
59802,559,2025-11-15
59803,81,2025-08-31
59804,735,2025-01-30
59805,30,2025-08-06
59806,1000,2025-08-18
59807,839,2025-05-17
59808,579,2025-05-15
59809,910,2025-06-21
59810,809,2025-12-30
59811,143,2025-01-02
59812,745,2025-07-05
59813,378,2025-04-26
59814,856,2025-07-20
59815,864,2025-01-02
59816,955,2025-12-02
59817,451,2025-06-16
59818,194,2025-12-20
59819,126,2025-02-26
59820,166,2025-08-02
59821,992,2025-09-06
59822,587,2025-10-18
59823,352,2025-01-04
59824,450,2025-08-20
59825,173,2025-02-23
59826,571,2025-06-06
59827,426,2025-01-20
59828,799,2025-01-21
59829,22,2025-10-07
59830,932,2025-09-19
59831,61,2025-11-23
59832,418,2025-09-13
59833,341,2025-08-06
59834,718,2025-02-12
59835,659,2025-10-07
59836,197,2025-03-25
59837,491,2025-02-08
59838,535,2025-09-25
59839,464,2025-08-03
59840,22,2025-02-24
59841,179,2025-07-20
59842,504,2025-09-10
59843,261,2025-07-02
59844,546,2025-09-20
59845,164,2025-07-04
59846,736,2025-05-09
59847,189,2025-03-23
59848,650,2025-04-05
59849,837,2025-10-23
59850,359,2025-05-17
59851,140,2025-09-19
59852,6,2025-05-12
59853,361,2025-07-11
59854,116,2025-08-10
59855,882,2025-06-24
59856,974,2025-09-29
59857,981,2025-12-04
59858,923,2025-11-11
59859,587,2025-12-03
59860,326,2025-01-11
59861,447,2025-10-05
59862,259,2025-09-23
59863,841,2025-05-31
59864,437,2025-04-25
59865,386,2025-01-20
59866,690,2025-11-03
59867,374,2025-11-03
59868,357,2025-01-28
59869,228,2025-08-01
59870,68,2025-07-21
59871,38,2025-03-04
59872,403,2025-07-20
59873,996,2025-10-24
59874,261,2025-04-30
59875,642,2025-09-22
59876,325,2025-12-21
59877,303,2025-06-15
59878,163,2025-02-09
59879,564,2025-04-19
59880,659,2025-02-19
59881,351,2025-05-09
59882,527,2025-08-24
59883,477,2025-03-15
59884,271,2025-07-07
59885,692,2025-12-31
59886,554,2025-04-07
59887,66,2025-11-18
59888,493,2025-04-22
59889,390,2025-08-13
59890,796,2025-02-27
59891,307,2025-04-08
59892,956,2025-11-13
59893,616,2025-08-04
59894,131,2025-07-27
59895,404,2025-07-06
59896,884,2025-03-31
59897,255,2025-12-06
59898,705,2025-05-24
59899,784,2025-01-05
59900,693,2025-11-27
59901,91,2025-01-17
59902,375,2025-11-20
59903,349,2025-04-08
59904,344,2025-01-26
59905,879,2025-03-22
59906,6,2025-08-27
59907,540,2025-07-19
59908,983,2025-02-25
59909,876,2025-04-20
59910,607,2025-03-18
59911,998,2025-08-27
59912,403,2025-11-12
59913,612,2025-04-04
59914,544,2025-11-23
59915,48,2025-05-29
59916,41,2025-01-31
59917,897,2025-04-28
59918,174,2025-11-15
59919,355,2025-10-23
59920,624,2025-09-23
59921,576,2025-05-26
59922,515,2025-10-11
59923,980,2025-09-17
59924,788,2025-10-17
59925,942,2025-07-23
59926,659,2025-07-05
59927,980,2025-12-19
59928,602,2025-12-12
59929,542,2025-07-15
59930,816,2025-03-15
59931,869,2025-05-30
59932,69,2025-07-04
59933,911,2025-09-05
59934,691,2025-04-27
59935,898,2025-01-17
59936,716,2025-10-28
59937,927,2025-12-13
59938,276,2025-01-31
59939,188,2025-04-27
59940,196,2025-06-08
59941,253,2025-10-05
59942,214,2025-10-10
59943,442,2025-05-06
59944,199,2025-04-25
59945,159,2025-05-28
59946,524,2025-03-29
59947,794,2025-06-09
59948,136,2025-04-06
59949,512,2025-01-22
59950,660,2025-09-18
59951,706,2025-10-15
59952,106,2025-04-15
59953,734,2025-05-27
59954,27,2025-05-27
59955,237,2025-01-09
59956,320,2025-07-19
59957,854,2025-06-17
59958,192,2025-12-10
59959,783,2025-05-16
59960,989,2025-10-17
59961,960,2025-05-23
59962,303,2025-03-09
59963,96,2025-05-08
59964,223,2025-11-19
59965,769,2025-04-04
59966,197,2025-11-05
59967,646,2025-08-31
59968,374,2025-09-30
59969,767,2025-10-02
59970,606,2025-07-08
59971,586,2025-08-08
59972,782,2025-01-26
59973,955,2025-09-13
59974,365,2025-09-17
59975,529,2025-02-07
59976,626,2025-07-09
59977,824,2025-07-05
59978,483,2025-04-24
59979,375,2025-01-25
59980,847,2025-01-04
59981,954,2025-03-18
59982,570,2025-03-26
59983,104,2025-03-19
59984,290,2025-08-10
59985,463,2025-06-03
59986,704,2025-02-10
59987,670,2025-01-31
59988,821,2025-08-28
59989,30,2025-12-08
59990,466,2025-10-27
59991,702,2025-10-04
59992,988,2025-04-27
59993,143,2025-09-14
59994,880,2025-01-30
59995,8,2025-03-04
59996,197,2025-02-20
59997,847,2025-03-09
59998,787,2025-05-11
59999,973,2025-01-16
60000,601,2025-10-24
60001,616,2025-09-18
60002,535,2025-08-20
60003,512,2025-03-06
60004,514,2025-11-13
60005,293,2025-01-03
60006,854,2025-12-29
60007,357,2025-09-23
60008,611,2025-03-15
60009,670,2025-03-13
60010,538,2025-09-11
60011,612,2025-10-22
60012,49,2025-06-20
60013,316,2025-01-22
60014,449,2025-06-30
60015,395,2025-06-24
60016,909,2025-04-29
60017,898,2025-11-26
60018,712,2025-05-06
60019,353,2025-03-30
60020,51,2025-09-04
60021,756,2025-08-14
60022,884,2025-08-15
60023,490,2025-07-03
60024,827,2025-04-27
60025,931,2025-04-05
60026,547,2025-02-13
60027,210,2025-03-09
60028,23,2025-07-31
60029,757,2025-05-29
60030,563,2025-09-27
60031,154,2025-10-21
60032,55,2025-07-23
60033,970,2025-02-08
60034,321,2025-01-02
60035,328,2025-03-25
60036,629,2025-04-14
60037,365,2025-01-27
60038,913,2025-10-12
60039,681,2025-05-14
60040,358,2025-09-29
60041,267,2025-03-18
60042,861,2025-01-04
60043,592,2025-02-19
60044,919,2025-06-21
60045,346,2025-06-25
60046,22,2025-06-09
60047,900,2025-12-17
60048,240,2025-08-27
60049,846,2025-09-25
60050,710,2025-02-15
60051,232,2025-06-19
60052,757,2025-08-15
60053,82,2025-08-02
60054,393,2025-12-12
60055,357,2025-06-23
60056,657,2025-05-16
60057,535,2025-12-11
60058,613,2025-05-04
60059,477,2025-07-28
60060,740,2025-01-11
60061,161,2025-03-02
60062,719,2025-01-21
60063,51,2025-06-02
60064,86,2025-12-07
60065,724,2025-01-27
60066,159,2025-12-23
60067,771,2025-11-14
60068,133,2025-01-03
60069,147,2025-01-06
60070,933,2025-11-25
60071,178,2025-08-02
60072,914,2025-03-05
60073,349,2025-12-15
60074,798,2025-07-24
60075,940,2025-08-20
60076,117,2025-09-05
60077,331,2025-03-15
60078,575,2025-05-12
60079,866,2025-02-16
60080,188,2025-07-13
60081,187,2025-12-27
60082,369,2025-08-18
60083,205,2025-09-10
60084,268,2025-03-12
60085,130,2025-07-17
60086,829,2025-12-29
60087,797,2025-02-02
60088,145,2025-03-16
60089,537,2025-09-20
60090,647,2025-01-04
60091,628,2025-03-17
60092,984,2025-12-11
60093,642,2025-01-07
60094,688,2025-06-06
60095,33,2025-05-01
60096,80,2025-05-26
60097,619,2025-04-05
60098,908,2025-04-11
60099,400,2025-10-05
60100,644,2025-01-10
60101,211,2025-02-17
60102,457,2025-04-07
60103,752,2025-10-29
60104,660,2025-05-24
60105,115,2025-01-13
60106,880,2025-07-09
60107,928,2025-08-17
60108,478,2025-06-17
60109,341,2025-02-02
60110,532,2025-11-17
60111,802,2025-11-10
60112,453,2025-11-29
60113,31,2025-12-18
60114,73,2025-04-26
60115,812,2025-06-03
60116,788,2025-12-17
60117,773,2025-06-14
60118,127,2025-11-12
60119,171,2025-08-25
60120,395,2025-12-05
60121,231,2025-01-04
60122,387,2025-09-15
60123,559,2025-10-20
60124,281,2025-03-14
60125,124,2025-09-26
60126,403,2025-03-13
60127,723,2025-11-27
60128,619,2025-11-28
60129,322,2025-01-02
60130,312,2025-07-05
60131,584,2025-05-20
60132,173,2025-11-22
60133,834,2025-04-27
60134,870,2025-09-20
60135,26,2025-02-12
60136,971,2025-03-19
60137,24,2025-12-26
60138,459,2025-05-21
60139,668,2025-10-07
60140,328,2025-12-20
60141,204,2025-12-19
60142,48,2025-01-08
60143,728,2025-03-26
60144,37,2025-09-18
60145,485,2025-12-05
60146,393,2025-12-24
60147,968,2025-09-20
60148,931,2025-02-08
60149,818,2025-09-29
60150,731,2025-04-10
60151,543,2025-10-23
60152,350,2025-07-19
60153,167,2025-03-09
60154,969,2025-11-04
60155,385,2025-12-27
60156,429,2025-07-04
60157,142,2025-10-24
60158,277,2025-01-22
60159,635,2025-04-09
60160,427,2025-02-16
60161,586,2025-04-14
60162,212,2025-05-18
60163,83,2025-06-07
60164,886,2025-04-28
60165,433,2025-07-18
60166,362,2025-03-22
60167,287,2025-05-07
60168,658,2025-11-03
60169,564,2025-07-25
60170,390,2025-01-10
60171,931,2025-04-30
60172,902,2025-10-30
60173,199,2025-03-07
60174,643,2025-12-03
60175,969,2025-04-18
60176,489,2025-08-18
60177,31,2025-06-23
60178,133,2025-08-17
60179,668,2025-10-19
60180,902,2025-02-24
60181,129,2025-05-09
60182,547,2025-07-27
60183,497,2025-04-06
60184,286,2025-05-17
60185,632,2025-11-20
60186,878,2025-03-25
60187,240,2025-03-11
60188,55,2025-08-01
60189,360,2025-02-06
60190,315,2025-01-01
60191,728,2025-11-14
60192,537,2025-04-11
60193,18,2025-02-13
60194,340,2025-08-28
60195,736,2025-06-25
60196,477,2025-06-16
60197,563,2025-06-10
60198,265,2025-02-23
60199,320,2025-11-10
60200,131,2025-01-01
60201,82,2025-06-26
60202,37,2025-04-09
60203,625,2025-08-23
60204,158,2025-07-20
60205,574,2025-05-21
60206,953,2025-07-15
60207,698,2025-03-24
60208,576,2025-02-17
60209,117,2025-11-27
60210,489,2025-08-12
60211,892,2025-08-27
60212,385,2025-12-31
60213,827,2025-11-27
60214,709,2025-08-02
60215,267,2025-10-17
60216,142,2025-07-12
60217,17,2025-03-28
60218,277,2025-08-16
60219,333,2025-11-30
60220,656,2025-11-18
60221,573,2025-07-04
60222,480,2025-12-12
60223,723,2025-03-14
60224,771,2025-01-15
60225,714,2025-05-28
60226,898,2025-03-16
60227,360,2025-12-16
60228,824,2025-02-12
60229,421,2025-07-15
60230,185,2025-10-09
60231,146,2025-02-10
60232,92,2025-01-17
60233,956,2025-07-22
60234,170,2025-11-26
60235,836,2025-01-06
60236,784,2025-01-08
60237,440,2025-12-04
60238,914,2025-08-08
60239,909,2025-09-14
60240,926,2025-04-11
60241,497,2025-04-25
60242,299,2025-06-21
60243,44,2025-03-20
60244,841,2025-06-11
60245,873,2025-12-15
60246,537,2025-10-01
60247,71,2025-11-14
60248,823,2025-07-01
60249,299,2025-10-15
60250,549,2025-06-03
60251,660,2025-08-14
60252,146,2025-09-24
60253,63,2025-10-29
60254,80,2025-12-04
60255,960,2025-02-08
60256,958,2025-10-17
60257,427,2025-09-17
60258,426,2025-09-26
60259,407,2025-01-06
60260,351,2025-06-28
60261,544,2025-12-17
60262,357,2025-11-25
60263,617,2025-03-26
60264,379,2025-06-27
60265,630,2025-11-12
60266,945,2025-12-06
60267,206,2025-05-01
60268,63,2025-10-21
60269,527,2025-11-01
60270,120,2025-02-24
60271,232,2025-01-12
60272,790,2025-01-18
60273,418,2025-02-23
60274,550,2025-09-28
60275,777,2025-05-23
60276,129,2025-09-08
60277,479,2025-02-02
60278,35,2025-08-08
60279,500,2025-09-29
60280,225,2025-12-23
60281,912,2025-04-27
60282,261,2025-07-19
60283,201,2025-06-26
60284,15,2025-05-07
60285,134,2025-08-22
60286,217,2025-07-26
60287,229,2025-11-01
60288,739,2025-01-11
60289,888,2025-03-22
60290,856,2025-07-31
60291,957,2025-07-29
60292,899,2025-11-26
60293,456,2025-09-04
60294,390,2025-01-02
60295,650,2025-06-28
60296,320,2025-11-05
60297,604,2025-11-15
60298,1000,2025-10-20
60299,199,2025-06-24
60300,770,2025-02-08
60301,936,2025-03-19
60302,538,2025-11-06
60303,357,2025-05-05
60304,255,2025-10-06
60305,168,2025-01-14
60306,322,2025-06-29
60307,747,2025-12-13
60308,516,2025-03-31
60309,222,2025-01-12
60310,543,2025-04-16
60311,810,2025-01-24
60312,14,2025-08-12
60313,21,2025-03-11
60314,960,2025-03-31
60315,749,2025-08-03
60316,576,2025-04-29
60317,907,2025-08-26
60318,590,2025-12-06
60319,521,2025-12-06
60320,212,2025-09-24
60321,811,2025-12-20
60322,765,2025-09-26
60323,296,2025-01-25
60324,738,2025-12-15
60325,728,2025-07-26
60326,96,2025-01-03
60327,161,2025-08-15
60328,595,2025-03-31
60329,624,2025-07-15
60330,659,2025-08-29
60331,374,2025-01-11
60332,836,2025-06-09
60333,446,2025-01-21
60334,207,2025-02-11
60335,116,2025-03-19
60336,878,2025-10-13
60337,708,2025-05-31
60338,462,2025-01-18
60339,210,2025-09-30
60340,97,2025-07-18
60341,153,2025-02-21
60342,106,2025-07-25
60343,530,2025-04-01
60344,198,2025-08-21
60345,128,2025-12-12
60346,283,2025-04-26
60347,700,2025-09-30
60348,497,2025-01-09
60349,154,2025-05-29
60350,749,2025-11-21
60351,490,2025-01-28
60352,187,2025-12-06
60353,692,2025-02-04
60354,993,2025-06-25
60355,541,2025-03-08
60356,162,2025-01-08
60357,310,2025-05-08
60358,600,2025-08-01
60359,1000,2025-09-21
60360,929,2025-04-26
60361,934,2025-06-29
60362,833,2025-03-08
60363,575,2025-09-24
60364,648,2025-03-03
60365,734,2025-11-11
60366,716,2025-03-07
60367,639,2025-08-31
60368,135,2025-05-01
60369,880,2025-12-30
60370,10,2025-04-13
60371,426,2025-12-13
60372,435,2025-11-02
60373,997,2025-06-20
60374,90,2025-06-30
60375,476,2025-05-10
60376,358,2025-06-06
60377,98,2025-06-20
60378,224,2025-02-23
60379,423,2025-04-28
60380,917,2025-11-16
60381,389,2025-12-24
60382,881,2025-01-21
60383,734,2025-09-25
60384,819,2025-03-29
60385,854,2025-08-27
60386,714,2025-08-15
60387,734,2025-11-17
60388,155,2025-09-14
60389,718,2025-10-28
60390,49,2025-10-20
60391,738,2025-08-25
60392,654,2025-05-30
60393,757,2025-05-04
60394,643,2025-05-07
60395,369,2025-05-11
60396,370,2025-04-16
60397,597,2025-04-24
60398,473,2025-07-27
60399,341,2025-04-09
60400,490,2025-05-08
60401,537,2025-09-16
60402,240,2025-04-30
60403,639,2025-02-08
60404,315,2025-01-07
60405,268,2025-10-07
60406,419,2025-12-13
60407,104,2025-09-07
60408,604,2025-01-23
60409,734,2025-07-25
60410,956,2025-04-09
60411,284,2025-04-28
60412,539,2025-12-03
60413,504,2025-10-28
60414,732,2025-09-26
60415,625,2025-07-02
60416,808,2025-07-31
60417,851,2025-12-01
60418,114,2025-08-30
60419,356,2025-07-31
60420,654,2025-02-05
60421,544,2025-12-30
60422,483,2025-10-23
60423,174,2025-05-14
60424,573,2025-04-02
60425,741,2025-12-20
60426,39,2025-12-16
60427,592,2025-06-03
60428,907,2025-03-26
60429,574,2025-10-19
60430,953,2025-08-17
60431,353,2025-11-25
60432,4,2025-07-19
60433,683,2025-07-21
60434,213,2025-02-22
60435,10,2025-08-09
60436,181,2025-05-13
60437,935,2025-03-16
60438,782,2025-10-13
60439,276,2025-05-07
60440,599,2025-03-19
60441,340,2025-12-17
60442,178,2025-12-18
60443,989,2025-06-30
60444,814,2025-04-18
60445,364,2025-03-01
60446,354,2025-08-17
60447,816,2025-08-11
60448,461,2025-08-14
60449,377,2025-10-08
60450,388,2025-06-21
60451,447,2025-09-07
60452,522,2025-08-28
60453,41,2025-10-18
60454,481,2025-09-29
60455,440,2025-01-14
60456,275,2025-08-14
60457,356,2025-12-23
60458,425,2025-07-24
60459,367,2025-07-13
60460,909,2025-08-10
60461,529,2025-07-24
60462,503,2025-05-27
60463,263,2025-12-29
60464,917,2025-01-26
60465,24,2025-10-25
60466,551,2025-02-28
60467,169,2025-03-17
60468,769,2025-08-10
60469,379,2025-08-21
60470,294,2025-12-05
60471,58,2025-04-18
60472,791,2025-01-10
60473,397,2025-04-04
60474,265,2025-07-18
60475,845,2025-05-11
60476,20,2025-04-03
60477,469,2025-11-30
60478,161,2025-07-25
60479,127,2025-09-03
60480,22,2025-10-01
60481,188,2025-05-30
60482,948,2025-09-26
60483,446,2025-12-18
60484,1000,2025-09-22
60485,268,2025-04-19
60486,763,2025-10-12
60487,90,2025-03-28
60488,109,2025-01-27
60489,17,2025-06-12
60490,899,2025-07-05
60491,672,2025-06-21
60492,744,2025-04-06
60493,928,2025-04-10
60494,333,2025-12-03
60495,723,2025-04-17
60496,503,2025-10-13
60497,543,2025-04-05
60498,662,2025-02-09
60499,470,2025-01-24
60500,25,2025-03-30
60501,76,2025-11-04
60502,502,2025-06-16
60503,570,2025-09-11
60504,733,2025-12-18
60505,573,2025-01-18
60506,189,2025-02-10
60507,367,2025-12-02
60508,444,2025-07-27
60509,984,2025-08-14
60510,533,2025-05-05
60511,635,2025-10-29
60512,736,2025-08-24
60513,363,2025-04-05
60514,965,2025-08-25
60515,675,2025-01-02
60516,849,2025-03-29
60517,750,2025-03-16
60518,622,2025-10-14
60519,31,2025-09-26
60520,584,2025-02-03
60521,130,2025-11-27
60522,604,2025-10-26
60523,702,2025-06-08
60524,546,2025-03-19
60525,309,2025-06-03
60526,60,2025-08-04
60527,672,2025-08-18
60528,699,2025-05-07
60529,478,2025-02-07
60530,717,2025-08-11
60531,780,2025-09-15
60532,513,2025-04-08
60533,48,2025-08-22
60534,871,2025-07-27
60535,467,2025-07-02
60536,673,2025-01-03
60537,911,2025-04-23
60538,363,2025-05-17
60539,622,2025-11-01
60540,20,2025-10-29
60541,886,2025-11-15
60542,60,2025-06-18
60543,542,2025-04-30
60544,352,2025-07-02
60545,36,2025-10-16
60546,463,2025-08-15
60547,936,2025-08-08
60548,167,2025-06-08
60549,293,2025-09-12
60550,190,2025-11-13
60551,125,2025-09-01
60552,231,2025-05-28
60553,572,2025-11-03
60554,781,2025-12-11
60555,691,2025-10-18
60556,772,2025-11-17
60557,716,2025-04-07
60558,383,2025-06-03
60559,901,2025-04-02
60560,173,2025-05-14
60561,700,2025-09-25
60562,111,2025-09-04
60563,766,2025-01-02
60564,88,2025-10-03
60565,217,2025-03-12
60566,392,2025-03-09
60567,695,2025-07-18
60568,46,2025-03-29
60569,258,2025-12-18
60570,334,2025-02-23
60571,732,2025-02-25
60572,962,2025-10-05
60573,615,2025-04-15
60574,508,2025-09-18
60575,337,2025-09-06
60576,823,2025-03-11
60577,108,2025-07-31
60578,130,2025-07-15
60579,202,2025-02-04
60580,269,2025-10-06
60581,462,2025-11-09
60582,947,2025-12-12
60583,651,2025-02-02
60584,384,2025-03-07
60585,212,2025-10-29
60586,649,2025-04-22
60587,254,2025-08-17
60588,977,2025-05-08
60589,478,2025-03-21
60590,551,2025-08-17
60591,904,2025-03-17
60592,306,2025-02-19
60593,472,2025-07-13
60594,532,2025-03-12
60595,272,2025-03-12
60596,55,2025-10-12
60597,284,2025-07-12
60598,113,2025-07-17
60599,676,2025-02-22
60600,8,2025-02-28
60601,317,2025-05-23
60602,885,2025-05-22
60603,569,2025-06-14
60604,672,2025-02-19
60605,669,2025-11-24
60606,299,2025-05-13
60607,633,2025-10-25
60608,222,2025-05-27
60609,636,2025-06-22
60610,684,2025-02-10
60611,877,2025-09-04
60612,920,2025-01-22
60613,24,2025-09-30
60614,300,2025-11-18
60615,548,2025-05-12
60616,322,2025-11-20
60617,619,2025-09-13
60618,855,2025-01-01
60619,259,2025-03-16
60620,894,2025-08-23
60621,883,2025-09-14
60622,915,2025-02-04
60623,74,2025-09-07
60624,294,2025-10-23
60625,125,2025-02-03
60626,121,2025-11-18
60627,54,2025-07-14
60628,440,2025-08-14
60629,88,2025-01-19
60630,296,2025-08-12
60631,982,2025-06-15
60632,884,2025-05-16
60633,938,2025-10-12
60634,37,2025-04-02
60635,661,2025-01-22
60636,634,2025-07-02
60637,133,2025-09-29
60638,907,2025-02-18
60639,405,2025-12-26
60640,977,2025-09-03
60641,114,2025-12-07
60642,651,2025-06-21
60643,131,2025-02-14
60644,950,2025-03-06
60645,608,2025-07-02
60646,76,2025-08-03
60647,215,2025-09-25
60648,360,2025-10-18
60649,13,2025-10-06
60650,9,2025-08-03
60651,926,2025-01-07
60652,982,2025-07-13
60653,537,2025-10-27
60654,903,2025-11-06
60655,656,2025-11-01
60656,29,2025-01-04
60657,715,2025-06-08
60658,19,2025-08-14
60659,817,2025-04-01
60660,367,2025-05-30
60661,142,2025-02-05
60662,259,2025-03-12
60663,684,2025-01-03
60664,847,2025-12-24
60665,571,2025-11-10
60666,161,2025-05-28
60667,901,2025-01-02
60668,791,2025-05-03
60669,410,2025-06-08
60670,555,2025-03-03
60671,964,2025-08-30
60672,378,2025-12-31
60673,26,2025-11-05
60674,146,2025-11-09
60675,601,2025-10-31
60676,998,2025-01-26
60677,740,2025-07-21
60678,618,2025-07-26
60679,324,2025-02-06
60680,440,2025-02-23
60681,39,2025-07-26
60682,372,2025-09-19
60683,624,2025-03-18
60684,906,2025-06-26
60685,923,2025-01-28
60686,822,2025-02-10
60687,22,2025-07-31
60688,812,2025-07-23
60689,219,2025-10-01
60690,617,2025-11-29
60691,947,2025-03-11
60692,888,2025-05-05
60693,665,2025-11-09
60694,300,2025-01-19
60695,521,2025-10-30
60696,704,2025-12-12
60697,515,2025-02-06
60698,405,2025-02-21
60699,403,2025-09-07
60700,600,2025-06-23
60701,36,2025-12-27
60702,999,2025-07-18
60703,103,2025-08-28
60704,985,2025-03-28
60705,36,2025-04-29
60706,513,2025-03-06
60707,418,2025-02-23
60708,574,2025-02-11
60709,434,2025-11-22
60710,898,2025-01-26
60711,17,2025-07-08
60712,986,2025-07-05
60713,690,2025-01-21
60714,779,2025-11-04
60715,140,2025-07-02
60716,66,2025-02-16
60717,398,2025-02-16
60718,323,2025-09-13
60719,783,2025-08-15
60720,897,2025-05-31
60721,428,2025-05-28
60722,769,2025-01-13
60723,60,2025-01-12
60724,743,2025-07-15
60725,100,2025-05-13
60726,668,2025-04-02
60727,383,2025-05-19
60728,416,2025-08-09
60729,277,2025-04-18
60730,404,2025-05-08
60731,875,2025-04-14
60732,809,2025-09-01
60733,341,2025-01-20
60734,294,2025-12-02
60735,510,2025-07-22
60736,685,2025-03-31
60737,183,2025-10-05
60738,727,2025-12-10
60739,949,2025-01-22
60740,845,2025-03-16
60741,549,2025-02-22
60742,320,2025-01-26
60743,324,2025-09-27
60744,742,2025-03-12
60745,455,2025-05-20
60746,107,2025-10-25
60747,678,2025-08-12
60748,139,2025-09-05
60749,987,2025-02-05
60750,418,2025-12-21
60751,342,2025-01-31
60752,56,2025-09-17
60753,168,2025-08-22
60754,948,2025-05-31
60755,538,2025-11-02
60756,902,2025-11-22
60757,956,2025-01-26
60758,49,2025-12-16
60759,381,2025-03-30
60760,839,2025-10-16
60761,496,2025-10-27
60762,509,2025-07-23
60763,571,2025-11-12
60764,702,2025-10-29
60765,939,2025-07-10
60766,887,2025-03-07
60767,626,2025-06-08
60768,577,2025-11-25
60769,361,2025-03-15
60770,117,2025-12-31
60771,710,2025-03-08
60772,3,2025-08-31
60773,699,2025-08-22
60774,497,2025-03-13
60775,787,2025-06-22
60776,950,2025-02-22
60777,553,2025-05-14
60778,573,2025-12-17
60779,488,2025-01-20
60780,373,2025-11-15
60781,89,2025-09-05
60782,31,2025-10-01
60783,724,2025-04-13
60784,915,2025-12-13
60785,54,2025-04-03
60786,328,2025-07-03
60787,609,2025-01-14
60788,705,2025-11-21
60789,736,2025-09-15
60790,695,2025-03-01
60791,84,2025-08-30
60792,254,2025-03-08
60793,470,2025-06-12
60794,64,2025-07-07
60795,344,2025-12-06
60796,386,2025-05-02
60797,979,2025-01-05
60798,318,2025-06-07
60799,972,2025-12-05
60800,701,2025-10-19
60801,693,2025-01-22
60802,820,2025-01-20
60803,843,2025-10-04
60804,223,2025-09-21
60805,421,2025-07-23
60806,529,2025-02-02
60807,977,2025-04-13
60808,41,2025-11-06
60809,477,2025-02-20
60810,215,2025-03-15
60811,207,2025-06-15
60812,762,2025-09-26
60813,202,2025-10-30
60814,794,2025-08-05
60815,994,2025-06-29
60816,777,2025-05-21
60817,170,2025-01-16
60818,143,2025-04-08
60819,438,2025-03-20
60820,552,2025-01-21
60821,779,2025-09-29
60822,423,2025-05-09
60823,168,2025-07-06
60824,992,2025-03-15
60825,905,2025-08-04
60826,655,2025-02-19
60827,696,2025-09-05
60828,936,2025-09-27
60829,475,2025-04-24
60830,146,2025-03-19
60831,606,2025-10-12
60832,451,2025-03-23
60833,800,2025-03-07
60834,772,2025-05-05
60835,472,2025-12-19
60836,368,2025-06-18
60837,423,2025-04-06
60838,633,2025-07-07
60839,638,2025-05-08
60840,512,2025-08-31
60841,532,2025-06-10
60842,992,2025-08-03
60843,254,2025-06-09
60844,174,2025-06-25
60845,800,2025-06-13
60846,936,2025-05-24
60847,609,2025-12-18
60848,402,2025-04-08
60849,349,2025-10-21
60850,468,2025-09-17
60851,53,2025-07-12
60852,529,2025-04-26
60853,270,2025-06-26
60854,266,2025-11-07
60855,561,2025-03-08
60856,964,2025-08-02
60857,206,2025-10-07
60858,912,2025-08-20
60859,520,2025-02-22
60860,973,2025-07-05
60861,383,2025-03-08
60862,997,2025-12-05
60863,660,2025-05-09
60864,670,2025-06-03
60865,564,2025-11-09
60866,452,2025-06-05
60867,526,2025-03-12
60868,851,2025-11-22
60869,793,2025-08-25
60870,24,2025-08-09
60871,695,2025-01-28
60872,835,2025-06-13
60873,745,2025-06-17
60874,498,2025-04-06
60875,336,2025-07-26
60876,674,2025-03-31
60877,664,2025-06-21
60878,375,2025-10-20
60879,407,2025-09-26
60880,369,2025-04-13
60881,45,2025-03-17
60882,32,2025-01-03
60883,84,2025-05-07
60884,424,2025-01-08
60885,511,2025-02-16
60886,409,2025-12-24
60887,956,2025-11-09
60888,225,2025-07-24
60889,393,2025-10-10
60890,248,2025-06-28
60891,300,2025-08-08
60892,585,2025-12-02
60893,310,2025-01-29
60894,318,2025-05-09
60895,671,2025-02-13
60896,831,2025-10-18
60897,213,2025-10-28
60898,112,2025-09-21
60899,240,2025-08-11
60900,578,2025-06-24
60901,960,2025-01-09
60902,161,2025-10-10
60903,43,2025-11-23
60904,529,2025-12-19
60905,991,2025-05-05
60906,553,2025-03-15
60907,925,2025-08-27
60908,643,2025-01-07
60909,32,2025-01-22
60910,428,2025-10-27
60911,771,2025-12-16
60912,510,2025-05-28
60913,195,2025-07-05
60914,181,2025-07-18
60915,664,2025-02-20
60916,464,2025-03-23
60917,575,2025-04-19
60918,374,2025-11-04
60919,340,2025-06-09
60920,667,2025-09-21
60921,8,2025-03-12
60922,435,2025-12-14
60923,371,2025-11-19
60924,780,2025-06-23
60925,729,2025-03-24
60926,426,2025-12-23
60927,263,2025-10-22
60928,236,2025-07-06
60929,212,2025-04-08
60930,274,2025-08-15
60931,761,2025-05-16
60932,46,2025-09-04
60933,27,2025-10-31
60934,540,2025-06-28
60935,224,2025-01-18
60936,831,2025-07-25
60937,753,2025-11-10
60938,770,2025-03-23
60939,458,2025-12-17
60940,438,2025-05-13
60941,426,2025-09-07
60942,197,2025-09-14
60943,568,2025-03-08
60944,864,2025-01-15
60945,257,2025-12-13
60946,57,2025-09-13
60947,565,2025-08-19
60948,400,2025-04-21
60949,798,2025-02-09
60950,857,2025-04-10
60951,951,2025-07-19
60952,394,2025-09-11
60953,902,2025-04-27
60954,118,2025-03-20
60955,373,2025-04-02
60956,266,2025-12-18
60957,924,2025-08-19
60958,601,2025-12-28
60959,366,2025-01-03
60960,153,2025-06-17
60961,783,2025-06-16
60962,655,2025-05-27
60963,853,2025-05-23
60964,439,2025-01-29
60965,150,2025-01-12
60966,335,2025-10-12
60967,621,2025-06-10
60968,241,2025-03-01
60969,71,2025-05-07
60970,824,2025-12-07
60971,531,2025-06-20
60972,397,2025-12-28
60973,553,2025-02-28
60974,739,2025-02-14
60975,2,2025-07-25
60976,441,2025-09-07
60977,255,2025-12-25
60978,92,2025-06-20
60979,36,2025-03-15
60980,441,2025-07-17
60981,544,2025-04-23
60982,508,2025-03-07
60983,783,2025-02-02
60984,458,2025-09-22
60985,590,2025-08-23
60986,817,2025-03-02
60987,658,2025-07-23
60988,911,2025-11-20
60989,222,2025-10-26
60990,787,2025-06-15
60991,697,2025-01-21
60992,583,2025-08-20
60993,4,2025-07-08
60994,542,2025-12-03
60995,859,2025-07-21
60996,645,2025-09-27
60997,6,2025-07-12
60998,288,2025-07-17
60999,570,2025-04-26
61000,812,2025-05-27
61001,445,2025-04-19
61002,857,2025-06-18
61003,796,2025-12-14
61004,268,2025-05-05
61005,195,2025-06-19
61006,903,2025-12-12
61007,590,2025-02-25
61008,849,2025-04-03
61009,923,2025-06-30
61010,425,2025-05-30
61011,46,2025-05-05
61012,910,2025-10-12
61013,584,2025-07-02
61014,121,2025-05-13
61015,530,2025-06-24
61016,28,2025-11-20
61017,290,2025-12-26
61018,348,2025-03-30
61019,455,2025-01-15
61020,566,2025-01-12
61021,840,2025-06-12
61022,352,2025-08-18
61023,736,2025-01-19
61024,943,2025-07-05
61025,749,2025-05-26
61026,255,2025-12-07
61027,678,2025-08-09
61028,282,2025-06-04
61029,478,2025-08-03
61030,635,2025-02-19
61031,294,2025-06-23
61032,4,2025-05-01
61033,838,2025-03-08
61034,728,2025-05-24
61035,124,2025-08-22
61036,378,2025-08-01
61037,262,2025-12-18
61038,978,2025-04-11
61039,942,2025-09-13
61040,692,2025-07-20
61041,441,2025-11-15
61042,53,2025-11-28
61043,247,2025-09-16
61044,93,2025-06-04
61045,790,2025-07-14
61046,89,2025-08-26
61047,678,2025-10-22
61048,953,2025-03-25
61049,308,2025-11-15
61050,685,2025-10-20
61051,880,2025-02-02
61052,428,2025-04-09
61053,449,2025-03-28
61054,201,2025-07-31
61055,428,2025-03-18
61056,874,2025-04-20
61057,664,2025-03-11
61058,202,2025-01-25
61059,527,2025-06-17
61060,707,2025-04-27
61061,78,2025-07-04
61062,764,2025-03-19
61063,202,2025-04-15
61064,295,2025-11-22
61065,417,2025-10-21
61066,505,2025-04-08
61067,917,2025-03-01
61068,223,2025-12-22
61069,256,2025-09-06
61070,379,2025-06-29
61071,858,2025-09-13
61072,966,2025-03-22
61073,455,2025-06-06
61074,694,2025-05-23
61075,918,2025-09-21
61076,847,2025-03-08
61077,682,2025-06-28
61078,541,2025-11-01
61079,985,2025-03-13
61080,240,2025-02-13
61081,363,2025-10-27
61082,713,2025-11-15
61083,21,2025-06-07
61084,501,2025-01-17
61085,855,2025-07-17
61086,177,2025-04-20
61087,804,2025-08-03
61088,413,2025-02-21
61089,861,2025-10-21
61090,635,2025-09-08
61091,158,2025-08-24
61092,736,2025-07-06
61093,57,2025-03-22
61094,244,2025-12-09
61095,889,2025-04-08
61096,876,2025-05-14
61097,47,2025-12-05
61098,380,2025-01-15
61099,95,2025-02-15
61100,272,2025-10-06
61101,968,2025-05-15
61102,196,2025-07-31
61103,642,2025-07-31
61104,805,2025-10-30
61105,881,2025-08-15
61106,355,2025-06-05
61107,697,2025-07-20
61108,484,2025-09-27
61109,108,2025-05-19
61110,223,2025-03-04
61111,749,2025-06-27
61112,687,2025-12-31
61113,522,2025-02-10
61114,782,2025-03-05
61115,692,2025-12-30
61116,340,2025-10-30
61117,294,2025-02-12
61118,946,2025-03-19
61119,972,2025-09-10
61120,31,2025-10-13
61121,791,2025-09-25
61122,133,2025-11-11
61123,862,2025-07-04
61124,589,2025-11-16
61125,688,2025-08-06
61126,702,2025-06-23
61127,605,2025-08-21
61128,251,2025-06-06
61129,808,2025-08-10
61130,555,2025-11-01
61131,546,2025-12-16
61132,319,2025-07-31
61133,11,2025-01-03
61134,555,2025-08-15
61135,346,2025-04-02
61136,660,2025-03-28
61137,365,2025-11-18
61138,973,2025-06-12
61139,681,2025-10-16
61140,456,2025-05-15
61141,709,2025-08-10
61142,649,2025-08-31
61143,621,2025-11-23
61144,579,2025-03-13
61145,932,2025-07-24
61146,318,2025-05-29
61147,433,2025-06-19
61148,254,2025-11-06
61149,570,2025-02-19
61150,988,2025-07-19
61151,609,2025-05-22
61152,207,2025-11-24
61153,922,2025-03-20
61154,791,2025-03-26
61155,441,2025-02-03
61156,147,2025-06-10
61157,403,2025-01-04
61158,805,2025-07-02
61159,578,2025-03-23
61160,186,2025-05-27
61161,159,2025-08-09
61162,968,2025-09-07
61163,448,2025-01-23
61164,686,2025-02-24
61165,361,2025-04-26
61166,91,2025-07-09
61167,412,2025-11-19
61168,694,2025-02-20
61169,334,2025-01-25
61170,604,2025-08-18
61171,439,2025-12-24
61172,338,2025-10-31
61173,256,2025-07-26
61174,261,2025-01-08
61175,256,2025-07-30
61176,719,2025-06-16
61177,338,2025-06-13
61178,742,2025-06-29
61179,312,2025-07-24
61180,328,2025-09-20
61181,925,2025-03-12
61182,877,2025-01-28
61183,401,2025-01-19
61184,269,2025-05-29
61185,716,2025-07-05
61186,70,2025-10-14
61187,457,2025-06-08
61188,600,2025-07-14
61189,676,2025-12-23
61190,108,2025-10-01
61191,3,2025-09-10
61192,277,2025-05-13
61193,120,2025-02-25
61194,508,2025-12-02
61195,920,2025-07-22
61196,287,2025-01-29
61197,454,2025-06-26
61198,215,2025-02-03
61199,44,2025-12-25
61200,704,2025-07-12
61201,257,2025-10-14
61202,547,2025-06-21
61203,684,2025-01-08
61204,840,2025-08-22
61205,186,2025-08-27
61206,582,2025-03-25
61207,911,2025-09-19
61208,484,2025-03-24
61209,41,2025-09-10
61210,262,2025-10-01
61211,795,2025-02-20
61212,793,2025-04-17
61213,315,2025-03-01
61214,197,2025-09-23
61215,292,2025-03-27
61216,243,2025-08-22
61217,741,2025-06-02
61218,842,2025-01-31
61219,47,2025-11-19
61220,742,2025-09-17
61221,753,2025-04-06
61222,613,2025-11-18
61223,872,2025-09-16
61224,39,2025-10-26
61225,700,2025-03-07
61226,128,2025-01-04
61227,898,2025-01-23
61228,500,2025-07-16
61229,91,2025-10-15
61230,747,2025-11-30
61231,750,2025-12-17
61232,465,2025-08-07
61233,311,2025-08-19
61234,18,2025-04-16
61235,908,2025-01-01
61236,185,2025-03-13
61237,843,2025-01-21
61238,589,2025-09-08
61239,686,2025-07-03
61240,695,2025-10-09
61241,859,2025-02-24
61242,34,2025-11-30
61243,992,2025-09-20
61244,44,2025-11-27
61245,1000,2025-08-25
61246,262,2025-05-04
61247,846,2025-08-17
61248,84,2025-08-09
61249,461,2025-03-08
61250,542,2025-02-07
61251,955,2025-08-26
61252,124,2025-02-04
61253,37,2025-02-06
61254,649,2025-01-27
61255,50,2025-08-16
61256,778,2025-12-05
61257,39,2025-07-01
61258,971,2025-02-25
61259,533,2025-07-07
61260,949,2025-06-26
61261,127,2025-08-05
61262,274,2025-06-08
61263,455,2025-07-14
61264,30,2025-04-29
61265,103,2025-11-27
61266,330,2025-07-16
61267,738,2025-04-24
61268,709,2025-01-02
61269,87,2025-09-05
61270,60,2025-05-19
61271,657,2025-04-01
61272,360,2025-06-24
61273,793,2025-06-27
61274,299,2025-10-21
61275,363,2025-07-18
61276,220,2025-09-13
61277,267,2025-08-25
61278,707,2025-11-07
61279,472,2025-01-03
61280,660,2025-05-18
61281,79,2025-09-19
61282,536,2025-02-21
61283,459,2025-06-11
61284,911,2025-05-27
61285,424,2025-10-22
61286,104,2025-12-18
61287,698,2025-02-08
61288,150,2025-03-20
61289,910,2025-10-10
61290,384,2025-03-05
61291,785,2025-07-01
61292,656,2025-12-11
61293,465,2025-12-22
61294,585,2025-12-13
61295,183,2025-02-19
61296,75,2025-02-24
61297,767,2025-03-06
61298,959,2025-10-08
61299,862,2025-03-07
61300,306,2025-06-06
61301,359,2025-10-26
61302,359,2025-06-29
61303,703,2025-12-10
61304,624,2025-07-02
61305,797,2025-05-19
61306,946,2025-12-20
61307,393,2025-07-19
61308,663,2025-03-09
61309,501,2025-08-20
61310,955,2025-10-10
61311,355,2025-11-03
61312,188,2025-01-03
61313,379,2025-02-09
61314,619,2025-08-18
61315,954,2025-09-28
61316,829,2025-08-27
61317,19,2025-05-20
61318,510,2025-10-03
61319,160,2025-07-31
61320,363,2025-12-04
61321,944,2025-05-15
61322,985,2025-10-03
61323,154,2025-02-22
61324,141,2025-09-25
61325,697,2025-09-25
61326,411,2025-04-03
61327,433,2025-01-23
61328,874,2025-12-29
61329,921,2025-01-28
61330,901,2025-06-20
61331,783,2025-01-01
61332,981,2025-06-02
61333,720,2025-10-27
61334,885,2025-07-03
61335,541,2025-03-29
61336,51,2025-05-24
61337,817,2025-02-03
61338,930,2025-08-05
61339,313,2025-01-02
61340,429,2025-05-08
61341,573,2025-01-23
61342,652,2025-03-29
61343,675,2025-01-25
61344,395,2025-12-05
61345,855,2025-10-09
61346,814,2025-12-05
61347,943,2025-09-07
61348,576,2025-07-01
61349,78,2025-03-05
61350,846,2025-12-18
61351,80,2025-12-01
61352,194,2025-06-01
61353,286,2025-03-24
61354,185,2025-05-22
61355,724,2025-05-24
61356,441,2025-12-01
61357,220,2025-01-25
61358,5,2025-08-20
61359,217,2025-10-08
61360,693,2025-10-06
61361,795,2025-03-12
61362,297,2025-05-31
61363,74,2025-05-05
61364,558,2025-05-29
61365,783,2025-02-01
61366,71,2025-01-31
61367,796,2025-01-09
61368,171,2025-12-19
61369,258,2025-06-02
61370,623,2025-03-25
61371,52,2025-10-19
61372,306,2025-06-30
61373,139,2025-05-14
61374,215,2025-02-11
61375,774,2025-05-21
61376,229,2025-08-25
61377,44,2025-08-16
61378,215,2025-05-23
61379,87,2025-08-12
61380,623,2025-10-08
61381,973,2025-12-06
61382,168,2025-07-12
61383,729,2025-03-25
61384,363,2025-02-17
61385,72,2025-02-27
61386,688,2025-01-04
61387,210,2025-07-23
61388,514,2025-03-19
61389,508,2025-03-24
61390,598,2025-09-22
61391,135,2025-04-27
61392,251,2025-10-30
61393,738,2025-02-20
61394,933,2025-05-05
61395,12,2025-01-19
61396,414,2025-07-15
61397,882,2025-02-15
61398,287,2025-03-29
61399,448,2025-09-26
61400,905,2025-11-18
61401,969,2025-07-19
61402,656,2025-12-19
61403,695,2025-10-04
61404,614,2025-10-02
61405,284,2025-12-28
61406,887,2025-02-02
61407,35,2025-03-26
61408,59,2025-06-09
61409,602,2025-08-14
61410,838,2025-12-28
61411,815,2025-02-06
61412,678,2025-03-25
61413,377,2025-04-19
61414,360,2025-09-02
61415,426,2025-12-14
61416,257,2025-12-09
61417,420,2025-09-30
61418,105,2025-10-10
61419,320,2025-06-01
61420,942,2025-08-11
61421,707,2025-03-04
61422,142,2025-07-04
61423,287,2025-04-17
61424,260,2025-12-06
61425,282,2025-05-15
61426,692,2025-05-25
61427,896,2025-05-28
61428,711,2025-11-25
61429,489,2025-12-07
61430,161,2025-06-07
61431,143,2025-12-30
61432,815,2025-10-04
61433,678,2025-11-05
61434,511,2025-12-01
61435,578,2025-05-02
61436,849,2025-07-20
61437,814,2025-04-15
61438,88,2025-04-24
61439,396,2025-06-19
61440,43,2025-01-19
61441,385,2025-03-20
61442,637,2025-10-23
61443,209,2025-03-02
61444,151,2025-08-16
61445,491,2025-10-07
61446,525,2025-04-07
61447,715,2025-06-17
61448,15,2025-11-17
61449,248,2025-11-01
61450,780,2025-12-02
61451,682,2025-08-18
61452,900,2025-11-20
61453,815,2025-05-26
61454,839,2025-08-08
61455,511,2025-09-01
61456,959,2025-12-23
61457,416,2025-05-15
61458,904,2025-11-16
61459,392,2025-07-05
61460,445,2025-02-08
61461,686,2025-08-28
61462,399,2025-12-25
61463,148,2025-06-15
61464,897,2025-07-20
61465,453,2025-12-05
61466,927,2025-12-02
61467,400,2025-05-27
61468,973,2025-10-05
61469,603,2025-08-19
61470,769,2025-08-25
61471,756,2025-09-20
61472,202,2025-04-30
61473,816,2025-04-22
61474,945,2025-01-10
61475,662,2025-11-09
61476,948,2025-04-12
61477,847,2025-09-04
61478,667,2025-09-08
61479,478,2025-09-14
61480,858,2025-11-12
61481,186,2025-11-13
61482,562,2025-01-01
61483,816,2025-11-03
61484,945,2025-03-17
61485,268,2025-08-24
61486,94,2025-09-03
61487,334,2025-01-20
61488,864,2025-04-14
61489,524,2025-11-29
61490,56,2025-02-21
61491,120,2025-03-26
61492,340,2025-01-30
61493,343,2025-03-02
61494,136,2025-08-21
61495,495,2025-11-04
61496,480,2025-08-06
61497,200,2025-04-14
61498,233,2025-11-10
61499,665,2025-05-15
61500,953,2025-04-25
61501,997,2025-07-04
61502,560,2025-02-19
61503,39,2025-05-11
61504,898,2025-10-19
61505,951,2025-08-11
61506,279,2025-12-27
61507,401,2025-10-11
61508,26,2025-05-12
61509,802,2025-10-07
61510,776,2025-11-12
61511,21,2025-08-19
61512,703,2025-10-06
61513,412,2025-07-03
61514,546,2025-11-29
61515,219,2025-03-28
61516,816,2025-06-04
61517,405,2025-04-03
61518,841,2025-02-06
61519,149,2025-08-13
61520,588,2025-02-13
61521,311,2025-03-24
61522,966,2025-10-06
61523,557,2025-03-29
61524,720,2025-11-12
61525,87,2025-01-18
61526,677,2025-06-16
61527,102,2025-01-25
61528,362,2025-01-22
61529,223,2025-10-16
61530,3,2025-01-25
61531,587,2025-11-22
61532,241,2025-08-07
61533,513,2025-06-26
61534,764,2025-12-02
61535,179,2025-05-22
61536,710,2025-05-26
61537,298,2025-05-30
61538,332,2025-08-26
61539,577,2025-11-06
61540,626,2025-07-17
61541,656,2025-04-13
61542,196,2025-11-21
61543,580,2025-08-07
61544,264,2025-10-31
61545,277,2025-06-07
61546,948,2025-03-14
61547,101,2025-12-11
61548,414,2025-09-05
61549,440,2025-04-23
61550,245,2025-11-06
61551,786,2025-01-04
61552,488,2025-12-06
61553,720,2025-07-31
61554,388,2025-08-04
61555,897,2025-01-05
61556,730,2025-03-06
61557,334,2025-09-21
61558,963,2025-07-23
61559,866,2025-02-16
61560,592,2025-09-01
61561,17,2025-09-30
61562,592,2025-04-10
61563,691,2025-09-09
61564,365,2025-12-22
61565,144,2025-06-26
61566,565,2025-03-25
61567,802,2025-12-18
61568,320,2025-11-29
61569,457,2025-06-16
61570,2,2025-06-05
61571,704,2025-11-01
61572,867,2025-01-01
61573,777,2025-04-24
61574,430,2025-07-18
61575,46,2025-08-27
61576,493,2025-08-18
61577,941,2025-05-16
61578,84,2025-11-14
61579,214,2025-08-26
61580,838,2025-07-17
61581,569,2025-12-09
61582,171,2025-02-04
61583,25,2025-09-17
61584,411,2025-12-05
61585,595,2025-08-30
61586,841,2025-07-26
61587,884,2025-05-14
61588,458,2025-04-10
61589,423,2025-07-19
61590,932,2025-11-25
61591,777,2025-06-18
61592,210,2025-02-14
61593,682,2025-06-26
61594,716,2025-02-05
61595,234,2025-12-08
61596,978,2025-07-15
61597,297,2025-03-20
61598,550,2025-08-17
61599,494,2025-07-16
61600,693,2025-07-06
61601,902,2025-08-05
61602,394,2025-12-06
61603,385,2025-11-09
61604,752,2025-04-06
61605,953,2025-03-29
61606,909,2025-12-28
61607,753,2025-08-24
61608,704,2025-01-08
61609,769,2025-07-13
61610,936,2025-02-13
61611,11,2025-01-11
61612,589,2025-03-09
61613,35,2025-04-03
61614,578,2025-01-30
61615,395,2025-11-01
61616,305,2025-06-09
61617,891,2025-07-21
61618,710,2025-11-12
61619,568,2025-11-02
61620,882,2025-10-27
61621,98,2025-03-13
61622,647,2025-09-29
61623,157,2025-12-30
61624,234,2025-01-03
61625,186,2025-11-13
61626,545,2025-11-12
61627,630,2025-11-04
61628,756,2025-05-25
61629,441,2025-03-14
61630,940,2025-09-25
61631,374,2025-08-16
61632,157,2025-09-23
61633,37,2025-04-04
61634,128,2025-03-06
61635,446,2025-11-26
61636,413,2025-07-08
61637,855,2025-11-07
61638,126,2025-12-05
61639,263,2025-06-17
61640,981,2025-04-07
61641,29,2025-11-23
61642,425,2025-09-18
61643,199,2025-09-01
61644,534,2025-12-16
61645,974,2025-03-31
61646,228,2025-05-12
61647,371,2025-01-15
61648,450,2025-05-22
61649,799,2025-06-12
61650,985,2025-06-15
61651,97,2025-02-25
61652,489,2025-10-23
61653,753,2025-06-28
61654,9,2025-06-10
61655,807,2025-11-12
61656,243,2025-06-27
61657,519,2025-11-22
61658,979,2025-03-23
61659,636,2025-11-07
61660,990,2025-12-27
61661,604,2025-10-01
61662,211,2025-11-22
61663,693,2025-09-28
61664,616,2025-08-08
61665,311,2025-10-06
61666,77,2025-12-17
61667,649,2025-08-09
61668,578,2025-09-08
61669,774,2025-01-29
61670,126,2025-12-17
61671,539,2025-10-11
61672,819,2025-02-28
61673,892,2025-04-16
61674,940,2025-03-24
61675,212,2025-04-27
61676,173,2025-11-20
61677,577,2025-06-19
61678,463,2025-06-03
61679,235,2025-10-12
61680,103,2025-05-16
61681,144,2025-11-20
61682,340,2025-10-03
61683,740,2025-04-04
61684,66,2025-08-19
61685,106,2025-06-26
61686,265,2025-05-06
61687,874,2025-11-27
61688,991,2025-05-26
61689,441,2025-02-12
61690,45,2025-05-30
61691,12,2025-07-08
61692,859,2025-02-16
61693,445,2025-09-29
61694,78,2025-03-25
61695,834,2025-02-03
61696,529,2025-07-16
61697,350,2025-02-28
61698,453,2025-10-13
61699,226,2025-01-25
61700,932,2025-06-02
61701,788,2025-01-19
61702,200,2025-05-20
61703,735,2025-12-07
61704,180,2025-08-26
61705,454,2025-07-15
61706,749,2025-02-27
61707,37,2025-04-25
61708,726,2025-05-19
61709,226,2025-07-31
61710,700,2025-03-17
61711,500,2025-12-31
61712,27,2025-08-26
61713,762,2025-04-24
61714,260,2025-02-11
61715,953,2025-08-06
61716,840,2025-06-13
61717,193,2025-09-03
61718,601,2025-08-06
61719,363,2025-08-22
61720,603,2025-11-01
61721,558,2025-07-11
61722,296,2025-09-22
61723,652,2025-05-12
61724,261,2025-12-11
61725,908,2025-05-29
61726,947,2025-09-06
61727,166,2025-12-31
61728,728,2025-05-08
61729,930,2025-02-07
61730,127,2025-03-26
61731,740,2025-03-30
61732,938,2025-01-21
61733,226,2025-07-18
61734,583,2025-04-12
61735,798,2025-02-05
61736,334,2025-02-19
61737,238,2025-04-10
61738,398,2025-05-15
61739,336,2025-12-22
61740,726,2025-09-14
61741,371,2025-09-18
61742,377,2025-09-10
61743,945,2025-10-21
61744,579,2025-04-27
61745,930,2025-02-06
61746,711,2025-07-05
61747,886,2025-01-01
61748,196,2025-03-21
61749,939,2025-10-02
61750,945,2025-07-03
61751,41,2025-09-10
61752,357,2025-07-06
61753,414,2025-07-18
61754,420,2025-04-20
61755,779,2025-03-21
61756,699,2025-04-05
61757,213,2025-10-19
61758,609,2025-12-24
61759,975,2025-01-30
61760,441,2025-07-16
61761,929,2025-06-21
61762,650,2025-07-25
61763,925,2025-03-27
61764,903,2025-01-03
61765,17,2025-03-16
61766,801,2025-03-08
61767,190,2025-01-20
61768,825,2025-05-11
61769,809,2025-09-07
61770,259,2025-12-19
61771,67,2025-08-28
61772,420,2025-03-05
61773,303,2025-05-13
61774,554,2025-04-21
61775,83,2025-03-19
61776,45,2025-12-28
61777,438,2025-08-28
61778,770,2025-06-25
61779,315,2025-06-09
61780,324,2025-04-27
61781,165,2025-06-02
61782,283,2025-08-20
61783,299,2025-12-05
61784,260,2025-07-01
61785,344,2025-03-09
61786,284,2025-12-16
61787,681,2025-04-25
61788,339,2025-01-31
61789,755,2025-07-18
61790,605,2025-10-16
61791,641,2025-04-05
61792,584,2025-04-12
61793,923,2025-04-16
61794,256,2025-10-22
61795,983,2025-12-16
61796,207,2025-11-06
61797,139,2025-03-24
61798,827,2025-11-06
61799,896,2025-04-24
61800,93,2025-11-13
61801,600,2025-12-28
61802,513,2025-09-20
61803,221,2025-12-15
61804,521,2025-02-21
61805,686,2025-08-28
61806,575,2025-01-19
61807,520,2025-08-27
61808,886,2025-05-05
61809,226,2025-12-21
61810,624,2025-06-30
61811,317,2025-10-06
61812,974,2025-04-21
61813,252,2025-01-28
61814,872,2025-09-28
61815,633,2025-03-22
61816,215,2025-09-21
61817,759,2025-06-19
61818,242,2025-12-21
61819,263,2025-05-09
61820,345,2025-05-27
61821,682,2025-09-28
61822,392,2025-10-14
61823,570,2025-02-15
61824,553,2025-09-28
61825,197,2025-06-29
61826,233,2025-12-27
61827,307,2025-08-19
61828,223,2025-10-10
61829,919,2025-05-06
61830,382,2025-04-14
61831,405,2025-10-14
61832,673,2025-01-06
61833,789,2025-07-31
61834,689,2025-12-20
61835,552,2025-12-28
61836,977,2025-09-19
61837,900,2025-07-01
61838,203,2025-10-24
61839,161,2025-01-06
61840,393,2025-10-17
61841,836,2025-03-11
61842,965,2025-09-26
61843,703,2025-05-08
61844,691,2025-10-02
61845,234,2025-08-09
61846,593,2025-12-06
61847,185,2025-10-15
61848,540,2025-11-30
61849,194,2025-02-25
61850,76,2025-05-19
61851,968,2025-06-09
61852,894,2025-01-12
61853,686,2025-01-09
61854,626,2025-01-15
61855,240,2025-10-08
61856,572,2025-06-13
61857,749,2025-10-02
61858,540,2025-11-01
61859,282,2025-01-14
61860,392,2025-11-06
61861,841,2025-03-24
61862,255,2025-05-28
61863,962,2025-12-18
61864,756,2025-04-21
61865,891,2025-12-10
61866,510,2025-07-04
61867,224,2025-01-05
61868,34,2025-10-31
61869,535,2025-01-17
61870,400,2025-08-21
61871,114,2025-06-17
61872,929,2025-02-21
61873,971,2025-07-07
61874,374,2025-05-13
61875,669,2025-02-05
61876,414,2025-07-22
61877,497,2025-01-17
61878,624,2025-07-16
61879,417,2025-03-24
61880,802,2025-10-31
61881,190,2025-12-13
61882,669,2025-12-07
61883,984,2025-12-09
61884,851,2025-02-06
61885,46,2025-07-06
61886,114,2025-03-23
61887,629,2025-02-05
61888,925,2025-05-24
61889,845,2025-06-06
61890,904,2025-04-19
61891,150,2025-02-11
61892,520,2025-05-30
61893,726,2025-02-26
61894,625,2025-01-15
61895,778,2025-06-14
61896,213,2025-01-25
61897,458,2025-12-19
61898,448,2025-11-03
61899,940,2025-12-04
61900,203,2025-02-07
61901,327,2025-06-19
61902,22,2025-10-28
61903,152,2025-07-30
61904,981,2025-04-22
61905,848,2025-10-31
61906,260,2025-04-23
61907,703,2025-12-22
61908,594,2025-02-06
61909,907,2025-09-15
61910,301,2025-01-05
61911,995,2025-11-30
61912,371,2025-05-10
61913,717,2025-01-08
61914,398,2025-11-01
61915,672,2025-12-20
61916,336,2025-12-02
61917,844,2025-06-27
61918,638,2025-01-23
61919,289,2025-03-25
61920,961,2025-01-12
61921,710,2025-01-17
61922,429,2025-02-27
61923,136,2025-07-25
61924,974,2025-10-07
61925,755,2025-08-02
61926,668,2025-03-16
61927,834,2025-08-08
61928,608,2025-03-26
61929,233,2025-06-18
61930,238,2025-11-21
61931,80,2025-02-19
61932,63,2025-11-16
61933,729,2025-04-09
61934,852,2025-09-02
61935,164,2025-04-06
61936,574,2025-03-01
61937,124,2025-06-14
61938,415,2025-05-20
61939,791,2025-07-05
61940,812,2025-03-28
61941,949,2025-12-24
61942,311,2025-09-03
61943,949,2025-11-03
61944,784,2025-10-12
61945,339,2025-09-22
61946,328,2025-02-21
61947,108,2025-08-03
61948,921,2025-11-24
61949,204,2025-02-05
61950,268,2025-06-18
61951,413,2025-03-09
61952,138,2025-10-18
61953,806,2025-12-06
61954,699,2025-01-19
61955,157,2025-10-20
61956,163,2025-05-12
61957,22,2025-12-18
61958,950,2025-01-06
61959,436,2025-03-11
61960,656,2025-09-20
61961,150,2025-10-12
61962,231,2025-01-29
61963,542,2025-02-28
61964,209,2025-05-04
61965,613,2025-01-13
61966,924,2025-10-13
61967,306,2025-09-02
61968,608,2025-10-01
61969,916,2025-06-21
61970,894,2025-08-22
61971,8,2025-07-29
61972,111,2025-09-11
61973,987,2025-06-14
61974,926,2025-08-26
61975,322,2025-08-24
61976,521,2025-08-23
61977,573,2025-11-15
61978,669,2025-05-08
61979,751,2025-11-17
61980,373,2025-01-11
61981,890,2025-06-27
61982,60,2025-06-11
61983,33,2025-11-13
61984,958,2025-01-17
61985,178,2025-03-21
61986,995,2025-06-21
61987,286,2025-10-25
61988,365,2025-06-19
61989,28,2025-08-22
61990,944,2025-03-07
61991,360,2025-12-11
61992,168,2025-10-14
61993,484,2025-01-16
61994,155,2025-09-15
61995,790,2025-02-17
61996,74,2025-07-24
61997,500,2025-09-16
61998,392,2025-12-04
61999,38,2025-01-26
62000,53,2025-04-15
62001,519,2025-09-09
62002,395,2025-04-06
62003,130,2025-09-18
62004,139,2025-03-08
62005,805,2025-03-01
62006,731,2025-07-18
62007,608,2025-09-09
62008,834,2025-03-16
62009,70,2025-11-15
62010,688,2025-11-14
62011,753,2025-01-30
62012,201,2025-04-22
62013,537,2025-07-22
62014,767,2025-06-29
62015,604,2025-04-04
62016,250,2025-07-13
62017,665,2025-12-18
62018,760,2025-04-23
62019,10,2025-03-21
62020,568,2025-09-27
62021,505,2025-07-28
62022,367,2025-09-10
62023,45,2025-08-24
62024,84,2025-10-05
62025,751,2025-09-24
62026,828,2025-08-10
62027,420,2025-06-15
62028,940,2025-06-17
62029,928,2025-04-07
62030,666,2025-06-13
62031,581,2025-08-09
62032,965,2025-09-19
62033,610,2025-10-10
62034,935,2025-05-18
62035,979,2025-09-25
62036,195,2025-06-09
62037,661,2025-05-11
62038,732,2025-03-01
62039,821,2025-04-08
62040,350,2025-09-06
62041,862,2025-03-20
62042,488,2025-01-29
62043,387,2025-04-10
62044,157,2025-12-28
62045,322,2025-02-24
62046,975,2025-02-22
62047,717,2025-05-28
62048,727,2025-05-20
62049,896,2025-12-02
62050,267,2025-03-28
62051,662,2025-06-02
62052,372,2025-04-17
62053,848,2025-04-02
62054,423,2025-04-28
62055,855,2025-04-04
62056,748,2025-09-20
62057,772,2025-10-16
62058,926,2025-03-06
62059,791,2025-07-01
62060,322,2025-04-07
62061,522,2025-11-13
62062,473,2025-02-06
62063,65,2025-05-30
62064,594,2025-05-01
62065,438,2025-05-13
62066,394,2025-12-10
62067,110,2025-07-17
62068,505,2025-05-19
62069,580,2025-10-22
62070,106,2025-10-11
62071,635,2025-02-22
62072,168,2025-06-18
62073,146,2025-05-31
62074,402,2025-06-14
62075,390,2025-05-08
62076,915,2025-10-28
62077,68,2025-12-30
62078,350,2025-01-10
62079,735,2025-11-09
62080,250,2025-11-12
62081,982,2025-05-14
62082,743,2025-06-27
62083,947,2025-02-07
62084,950,2025-05-09
62085,110,2025-03-28
62086,460,2025-11-27
62087,745,2025-02-09
62088,9,2025-05-05
62089,453,2025-06-25
62090,689,2025-12-23
62091,793,2025-10-26
62092,416,2025-12-08
62093,864,2025-04-24
62094,674,2025-04-08
62095,46,2025-07-28
62096,278,2025-05-05
62097,938,2025-01-06
62098,3,2025-10-24
62099,109,2025-02-04
62100,345,2025-03-13
62101,994,2025-12-11
62102,705,2025-09-25
62103,148,2025-08-23
62104,394,2025-02-17
62105,940,2025-04-02
62106,220,2025-03-17
62107,576,2025-08-23
62108,465,2025-07-02
62109,761,2025-05-12
62110,753,2025-09-30
62111,834,2025-10-11
62112,120,2025-09-27
62113,454,2025-02-08
62114,692,2025-08-11
62115,419,2025-03-18
62116,668,2025-04-10
62117,636,2025-12-24
62118,371,2025-06-01
62119,101,2025-10-15
62120,971,2025-03-31
62121,826,2025-12-21
62122,895,2025-04-12
62123,300,2025-03-08
62124,317,2025-04-28
62125,324,2025-03-05
62126,32,2025-08-07
62127,170,2025-02-22
62128,309,2025-03-17
62129,988,2025-09-14
62130,205,2025-01-16
62131,508,2025-06-10
62132,548,2025-09-10
62133,360,2025-06-12
62134,919,2025-01-08
62135,94,2025-02-27
62136,871,2025-12-21
62137,744,2025-10-09
62138,306,2025-05-08
62139,768,2025-11-15
62140,429,2025-01-03
62141,971,2025-01-18
62142,37,2025-11-19
62143,30,2025-09-04
62144,545,2025-08-07
62145,932,2025-05-06
62146,64,2025-10-26
62147,778,2025-08-10
62148,939,2025-06-08
62149,487,2025-05-19
62150,867,2025-05-10
62151,757,2025-07-29
62152,215,2025-08-28
62153,855,2025-10-21
62154,700,2025-05-29
62155,13,2025-04-03
62156,569,2025-07-23
62157,655,2025-08-01
62158,802,2025-04-12
62159,772,2025-01-27
62160,476,2025-05-02
62161,299,2025-01-26
62162,192,2025-01-30
62163,90,2025-12-19
62164,640,2025-10-13
62165,960,2025-01-13
62166,81,2025-05-08
62167,703,2025-04-03
62168,585,2025-12-22
62169,172,2025-06-09
62170,213,2025-04-05
62171,285,2025-08-20
62172,685,2025-06-23
62173,299,2025-03-10
62174,829,2025-04-22
62175,370,2025-02-16
62176,110,2025-09-11
62177,96,2025-12-21
62178,401,2025-10-23
62179,408,2025-05-18
62180,734,2025-06-27
62181,479,2025-01-23
62182,164,2025-05-14
62183,214,2025-01-12
62184,567,2025-09-29
62185,335,2025-11-28
62186,672,2025-03-11
62187,924,2025-09-04
62188,355,2025-08-07
62189,552,2025-06-02
62190,832,2025-09-25
62191,211,2025-09-06
62192,511,2025-04-09
62193,306,2025-10-19
62194,627,2025-08-28
62195,744,2025-04-25
62196,141,2025-09-26
62197,188,2025-08-22
62198,24,2025-02-12
62199,13,2025-03-02
62200,51,2025-04-29
62201,707,2025-01-17
62202,904,2025-05-29
62203,410,2025-06-18
62204,883,2025-10-11
62205,730,2025-03-04
62206,808,2025-07-27
62207,740,2025-08-31
62208,200,2025-06-14
62209,524,2025-11-28
62210,526,2025-04-27
62211,642,2025-05-29
62212,797,2025-01-02
62213,113,2025-05-30
62214,675,2025-01-08
62215,834,2025-12-26
62216,116,2025-03-29
62217,415,2025-10-24
62218,896,2025-02-12
62219,25,2025-04-11
62220,161,2025-02-13
62221,804,2025-05-15
62222,172,2025-08-08
62223,702,2025-06-03
62224,902,2025-08-09
62225,499,2025-10-22
62226,485,2025-01-17
62227,429,2025-06-04
62228,373,2025-08-05
62229,381,2025-07-11
62230,554,2025-02-23
62231,896,2025-03-17
62232,982,2025-05-18
62233,866,2025-08-26
62234,120,2025-12-28
62235,307,2025-05-15
62236,757,2025-07-10
62237,546,2025-04-22
62238,335,2025-01-13
62239,312,2025-05-26
62240,118,2025-05-07
62241,333,2025-02-24
62242,422,2025-09-02
62243,416,2025-04-05
62244,549,2025-03-23
62245,273,2025-05-23
62246,206,2025-12-19
62247,888,2025-08-21
62248,406,2025-06-05
62249,255,2025-10-27
62250,636,2025-01-08
62251,543,2025-05-03
62252,577,2025-07-17
62253,222,2025-06-28
62254,724,2025-09-04
62255,193,2025-09-14
62256,837,2025-06-16
62257,425,2025-12-06
62258,410,2025-12-05
62259,389,2025-06-23
62260,423,2025-11-26
62261,666,2025-08-22
62262,497,2025-02-20
62263,127,2025-02-13
62264,567,2025-01-30
62265,268,2025-03-19
62266,109,2025-04-24
62267,840,2025-01-26
62268,313,2025-08-10
62269,596,2025-05-31
62270,172,2025-08-08
62271,340,2025-07-03
62272,386,2025-04-10
62273,134,2025-08-13
62274,974,2025-12-14
62275,312,2025-04-26
62276,583,2025-04-23
62277,566,2025-07-08
62278,430,2025-10-21
62279,586,2025-07-13
62280,566,2025-10-31
62281,81,2025-01-28
62282,670,2025-02-05
62283,115,2025-05-29
62284,435,2025-03-26
62285,365,2025-01-09
62286,448,2025-03-20
62287,72,2025-04-09
62288,702,2025-12-02
62289,419,2025-10-13
62290,61,2025-05-09
62291,4,2025-12-16
62292,541,2025-11-02
62293,667,2025-04-02
62294,548,2025-06-24
62295,721,2025-12-03
62296,757,2025-06-16
62297,872,2025-05-16
62298,983,2025-11-26
62299,885,2025-08-30
62300,796,2025-06-10
62301,431,2025-11-14
62302,504,2025-09-29
62303,617,2025-05-07
62304,170,2025-06-04
62305,678,2025-01-18
62306,589,2025-02-07
62307,521,2025-12-15
62308,835,2025-01-20
62309,688,2025-11-02
62310,933,2025-03-18
62311,977,2025-07-17
62312,826,2025-09-21
62313,298,2025-12-28
62314,189,2025-05-17
62315,300,2025-12-04
62316,713,2025-06-15
62317,865,2025-11-13
62318,881,2025-02-07
62319,684,2025-04-08
62320,682,2025-08-16
62321,952,2025-09-15
62322,686,2025-10-21
62323,141,2025-05-11
62324,501,2025-08-17
62325,359,2025-08-15
62326,637,2025-12-26
62327,636,2025-02-12
62328,295,2025-01-06
62329,300,2025-07-29
62330,89,2025-01-06
62331,294,2025-03-13
62332,828,2025-07-02
62333,656,2025-04-08
62334,944,2025-04-08
62335,927,2025-05-07
62336,857,2025-09-08
62337,180,2025-05-14
62338,334,2025-10-17
62339,58,2025-02-28
62340,94,2025-02-07
62341,232,2025-03-02
62342,281,2025-12-01
62343,16,2025-04-12
62344,843,2025-01-11
62345,528,2025-04-26
62346,656,2025-09-09
62347,654,2025-05-13
62348,967,2025-05-21
62349,148,2025-02-01
62350,343,2025-09-01
62351,309,2025-03-22
62352,552,2025-02-05
62353,527,2025-09-18
62354,791,2025-12-09
62355,561,2025-08-11
62356,234,2025-12-09
62357,565,2025-05-27
62358,965,2025-07-09
62359,579,2025-05-11
62360,593,2025-07-05
62361,176,2025-11-22
62362,8,2025-08-20
62363,210,2025-01-10
62364,26,2025-07-31
62365,453,2025-05-18
62366,883,2025-07-18
62367,447,2025-07-23
62368,646,2025-08-04
62369,856,2025-11-13
62370,764,2025-11-10
62371,651,2025-12-21
62372,785,2025-08-12
62373,281,2025-04-15
62374,421,2025-03-13
62375,399,2025-11-07
62376,799,2025-11-30
62377,409,2025-01-14
62378,938,2025-03-20
62379,187,2025-09-05
62380,173,2025-03-02
62381,717,2025-01-19
62382,765,2025-12-30
62383,680,2025-02-05
62384,308,2025-03-19
62385,10,2025-12-27
62386,322,2025-02-06
62387,467,2025-10-19
62388,413,2025-07-25
62389,923,2025-07-17
62390,864,2025-10-29
62391,776,2025-01-08
62392,23,2025-01-23
62393,128,2025-03-13
62394,434,2025-06-28
62395,622,2025-12-18
62396,681,2025-01-26
62397,297,2025-06-03
62398,111,2025-06-06
62399,329,2025-03-13
62400,793,2025-05-06
62401,987,2025-03-15
62402,942,2025-02-20
62403,594,2025-07-10
62404,91,2025-12-06
62405,968,2025-05-28
62406,153,2025-08-20
62407,269,2025-09-02
62408,975,2025-11-04
62409,504,2025-10-29
62410,198,2025-11-27
62411,503,2025-10-25
62412,79,2025-12-06
62413,316,2025-12-19
62414,953,2025-10-01
62415,299,2025-06-30
62416,893,2025-04-23
62417,543,2025-07-28
62418,656,2025-10-30
62419,703,2025-10-03
62420,552,2025-07-09
62421,35,2025-01-28
62422,920,2025-04-10
62423,476,2025-07-30
62424,656,2025-05-21
62425,554,2025-06-16
62426,659,2025-04-20
62427,355,2025-01-28
62428,844,2025-06-20
62429,225,2025-06-12
62430,654,2025-10-13
62431,578,2025-02-10
62432,504,2025-06-26
62433,22,2025-11-08
62434,390,2025-04-08
62435,48,2025-04-26
62436,504,2025-02-01
62437,688,2025-07-29
62438,523,2025-11-09
62439,758,2025-06-25
62440,361,2025-06-02
62441,307,2025-10-01
62442,449,2025-06-11
62443,230,2025-05-26
62444,802,2025-10-06
62445,810,2025-04-14
62446,417,2025-11-07
62447,793,2025-04-08
62448,26,2025-07-06
62449,155,2025-04-02
62450,284,2025-08-19
62451,388,2025-06-08
62452,232,2025-03-29
62453,513,2025-09-29
62454,794,2025-12-08
62455,457,2025-01-11
62456,450,2025-07-27
62457,60,2025-09-20
62458,281,2025-09-20
62459,808,2025-03-22
62460,811,2025-02-11
62461,105,2025-07-07
62462,20,2025-08-21
62463,832,2025-04-16
62464,175,2025-05-15
62465,575,2025-07-14
62466,827,2025-06-14
62467,788,2025-06-26
62468,551,2025-09-06
62469,377,2025-12-26
62470,774,2025-10-18
62471,695,2025-01-03
62472,839,2025-05-08
62473,514,2025-01-04
62474,942,2025-11-15
62475,770,2025-08-24
62476,64,2025-03-21
62477,294,2025-11-03
62478,800,2025-07-25
62479,117,2025-01-19
62480,709,2025-02-25
62481,341,2025-10-23
62482,208,2025-04-16
62483,540,2025-07-11
62484,932,2025-11-23
62485,898,2025-04-16
62486,405,2025-01-05
62487,4,2025-01-31
62488,888,2025-12-01
62489,898,2025-08-07
62490,606,2025-04-30
62491,629,2025-01-29
62492,527,2025-09-11
62493,13,2025-01-15
62494,160,2025-02-03
62495,144,2025-08-05
62496,915,2025-08-23
62497,50,2025-07-27
62498,557,2025-11-28
62499,363,2025-04-09
62500,7,2025-07-22
62501,920,2025-04-22
62502,19,2025-05-13
62503,856,2025-02-24
62504,778,2025-10-17
62505,794,2025-09-14
62506,162,2025-09-18
62507,882,2025-02-21
62508,599,2025-02-12
62509,402,2025-10-13
62510,682,2025-08-31
62511,342,2025-01-11
62512,280,2025-08-31
62513,289,2025-12-24
62514,570,2025-10-02
62515,602,2025-04-12
62516,241,2025-04-26
62517,246,2025-10-02
62518,947,2025-05-27
62519,515,2025-09-26
62520,861,2025-12-17
62521,331,2025-05-29
62522,289,2025-07-29
62523,283,2025-06-28
62524,529,2025-07-05
62525,780,2025-01-28
62526,501,2025-12-27
62527,295,2025-07-17
62528,961,2025-03-25
62529,573,2025-07-29
62530,395,2025-05-26
62531,10,2025-10-27
62532,563,2025-10-05
62533,622,2025-05-20
62534,929,2025-09-18
62535,231,2025-01-13
62536,163,2025-12-19
62537,1000,2025-07-06
62538,551,2025-08-27
62539,27,2025-08-24
62540,106,2025-04-25
62541,476,2025-09-09
62542,618,2025-05-26
62543,244,2025-09-06
62544,366,2025-02-02
62545,737,2025-02-23
62546,968,2025-12-04
62547,492,2025-09-26
62548,416,2025-02-16
62549,362,2025-03-20
62550,137,2025-07-19
62551,53,2025-01-03
62552,834,2025-05-27
62553,38,2025-04-30
62554,821,2025-02-18
62555,248,2025-04-20
62556,695,2025-04-17
62557,952,2025-01-25
62558,749,2025-08-20
62559,730,2025-04-10
62560,265,2025-01-12
62561,599,2025-01-09
62562,643,2025-12-19
62563,426,2025-02-13
62564,39,2025-11-28
62565,913,2025-03-02
62566,197,2025-01-31
62567,974,2025-07-19
62568,933,2025-11-13
62569,19,2025-01-27
62570,740,2025-04-30
62571,635,2025-10-02
62572,231,2025-01-25
62573,813,2025-03-03
62574,112,2025-04-22
62575,249,2025-10-22
62576,949,2025-10-23
62577,743,2025-09-16
62578,113,2025-09-01
62579,145,2025-01-10
62580,258,2025-03-29
62581,71,2025-12-03
62582,183,2025-09-20
62583,572,2025-03-29
62584,8,2025-09-16
62585,288,2025-09-22
62586,315,2025-09-29
62587,971,2025-12-24
62588,975,2025-07-17
62589,846,2025-01-22
62590,342,2025-10-26
62591,528,2025-01-06
62592,505,2025-08-23
62593,861,2025-10-18
62594,746,2025-02-15
62595,907,2025-10-19
62596,552,2025-10-23
62597,920,2025-08-27
62598,744,2025-04-29
62599,739,2025-03-15
62600,662,2025-09-15
62601,336,2025-02-27
62602,609,2025-09-04
62603,357,2025-03-03
62604,650,2025-05-03
62605,255,2025-07-04
62606,800,2025-03-01
62607,572,2025-10-18
62608,711,2025-09-11
62609,222,2025-01-06
62610,792,2025-11-06
62611,803,2025-09-19
62612,146,2025-11-02
62613,351,2025-08-08
62614,678,2025-08-17
62615,874,2025-05-20
62616,738,2025-03-25
62617,472,2025-03-27
62618,300,2025-04-26
62619,910,2025-04-17
62620,875,2025-10-03
62621,897,2025-07-11
62622,305,2025-05-30
62623,437,2025-09-22
62624,244,2025-09-25
62625,955,2025-12-08
62626,868,2025-04-23
62627,174,2025-03-30
62628,248,2025-01-03
62629,553,2025-02-28
62630,416,2025-08-09
62631,460,2025-10-23
62632,368,2025-08-08
62633,674,2025-12-28
62634,899,2025-08-18
62635,918,2025-11-19
62636,456,2025-04-08
62637,828,2025-04-29
62638,695,2025-10-24
62639,197,2025-08-30
62640,795,2025-06-27
62641,351,2025-12-15
62642,628,2025-10-06
62643,721,2025-04-18
62644,944,2025-08-12
62645,949,2025-05-25
62646,803,2025-06-01
62647,506,2025-10-21
62648,401,2025-09-06
62649,442,2025-01-05
62650,951,2025-07-29
62651,206,2025-08-25
62652,525,2025-07-06
62653,680,2025-04-20
62654,23,2025-08-25
62655,635,2025-12-12
62656,261,2025-02-01
62657,281,2025-08-09
62658,622,2025-11-29
62659,9,2025-05-27
62660,157,2025-05-03
62661,455,2025-04-01
62662,585,2025-03-24
62663,110,2025-05-23
62664,362,2025-10-09
62665,308,2025-03-08
62666,535,2025-03-26
62667,301,2025-12-31
62668,2,2025-12-30
62669,531,2025-03-24
62670,849,2025-06-03
62671,585,2025-05-28
62672,362,2025-04-19
62673,483,2025-02-25
62674,141,2025-01-23
62675,237,2025-08-13
62676,438,2025-01-16
62677,593,2025-08-15
62678,487,2025-02-04
62679,963,2025-02-26
62680,638,2025-01-02
62681,23,2025-05-26
62682,525,2025-04-30
62683,583,2025-05-02
62684,44,2025-04-24
62685,386,2025-12-09
62686,872,2025-06-06
62687,357,2025-10-23
62688,457,2025-03-27
62689,222,2025-06-26
62690,77,2025-01-23
62691,319,2025-04-05
62692,773,2025-01-26
62693,984,2025-01-08
62694,661,2025-03-08
62695,831,2025-02-28
62696,650,2025-04-26
62697,659,2025-09-29
62698,427,2025-02-24
62699,62,2025-08-11
62700,411,2025-05-14
62701,865,2025-05-28
62702,537,2025-12-03
62703,762,2025-06-19
62704,51,2025-04-06
62705,202,2025-03-28
62706,299,2025-03-03
62707,360,2025-10-20
62708,988,2025-08-31
62709,462,2025-04-08
62710,663,2025-06-29
62711,645,2025-07-04
62712,419,2025-01-18
62713,967,2025-11-28
62714,223,2025-10-15
62715,35,2025-07-15
62716,746,2025-09-19
62717,654,2025-02-09
62718,261,2025-12-23
62719,868,2025-08-22
62720,163,2025-12-09
62721,251,2025-11-12
62722,155,2025-08-02
62723,187,2025-04-16
62724,730,2025-09-08
62725,704,2025-07-06
62726,643,2025-05-30
62727,861,2025-09-17
62728,70,2025-11-21
62729,621,2025-03-04
62730,116,2025-07-21
62731,956,2025-10-12
62732,634,2025-04-29
62733,760,2025-05-05
62734,572,2025-01-04
62735,384,2025-04-28
62736,686,2025-08-03
62737,836,2025-12-21
62738,179,2025-07-11
62739,872,2025-04-17
62740,727,2025-10-24
62741,86,2025-03-10
62742,937,2025-03-10
62743,181,2025-07-10
62744,602,2025-10-25
62745,130,2025-03-19
62746,197,2025-01-06
62747,643,2025-09-22
62748,680,2025-08-03
62749,687,2025-09-08
62750,344,2025-05-25
62751,821,2025-02-13
62752,50,2025-05-02
62753,855,2025-06-21
62754,303,2025-06-08
62755,621,2025-11-21
62756,906,2025-03-23
62757,256,2025-04-24
62758,412,2025-03-08
62759,829,2025-07-28
62760,865,2025-10-21
62761,236,2025-11-19
62762,509,2025-03-25
62763,334,2025-06-06
62764,517,2025-09-26
62765,380,2025-01-17
62766,6,2025-09-17
62767,925,2025-02-19
62768,638,2025-01-13
62769,462,2025-02-11
62770,108,2025-11-18
62771,72,2025-09-06
62772,479,2025-10-16
62773,650,2025-09-09
62774,261,2025-10-18
62775,745,2025-07-01
62776,393,2025-10-23
62777,12,2025-01-21
62778,538,2025-08-01
62779,182,2025-10-03
62780,15,2025-12-29
62781,131,2025-05-12
62782,285,2025-03-07
62783,515,2025-09-20
62784,990,2025-01-27
62785,219,2025-10-11
62786,58,2025-09-15
62787,192,2025-09-10
62788,320,2025-04-18
62789,206,2025-02-13
62790,322,2025-08-11
62791,970,2025-05-13
62792,380,2025-05-23
62793,635,2025-03-10
62794,685,2025-05-02
62795,131,2025-10-31
62796,248,2025-11-23
62797,416,2025-05-08
62798,461,2025-02-21
62799,14,2025-01-13
62800,645,2025-03-10
62801,301,2025-01-04
62802,323,2025-09-01
62803,604,2025-08-23
62804,949,2025-10-13
62805,865,2025-05-02
62806,980,2025-10-31
62807,414,2025-03-03
62808,120,2025-03-26
62809,216,2025-12-01
62810,344,2025-11-18
62811,301,2025-08-07
62812,208,2025-08-11
62813,151,2025-09-13
62814,187,2025-10-28
62815,659,2025-03-26
62816,491,2025-01-26
62817,38,2025-03-09
62818,564,2025-05-11
62819,843,2025-03-28
62820,426,2025-07-11
62821,319,2025-02-20
62822,273,2025-07-30
62823,380,2025-09-17
62824,279,2025-02-06
62825,925,2025-04-15
62826,993,2025-07-16
62827,344,2025-01-25
62828,924,2025-08-31
62829,854,2025-10-03
62830,76,2025-05-12
62831,491,2025-01-04
62832,657,2025-07-02
62833,423,2025-11-14
62834,457,2025-04-17
62835,495,2025-11-06
62836,689,2025-11-14
62837,294,2025-04-13
62838,597,2025-08-07
62839,244,2025-01-16
62840,890,2025-07-21
62841,85,2025-11-18
62842,67,2025-12-11
62843,38,2025-03-14
62844,350,2025-08-31
62845,607,2025-01-25
62846,986,2025-04-13
62847,455,2025-11-01
62848,183,2025-08-23
62849,369,2025-05-24
62850,128,2025-12-17
62851,472,2025-10-04
62852,729,2025-01-09
62853,36,2025-01-30
62854,778,2025-08-17
62855,229,2025-11-17
62856,673,2025-02-27
62857,816,2025-07-16
62858,777,2025-10-26
62859,670,2025-11-11
62860,694,2025-08-22
62861,188,2025-12-31
62862,136,2025-12-09
62863,382,2025-11-01
62864,609,2025-09-02
62865,619,2025-12-26
62866,777,2025-01-07
62867,309,2025-02-02
62868,866,2025-07-06
62869,450,2025-09-02
62870,247,2025-11-26
62871,736,2025-09-05
62872,128,2025-03-26
62873,406,2025-11-28
62874,782,2025-01-31
62875,772,2025-02-04
62876,257,2025-09-20
62877,167,2025-12-18
62878,32,2025-07-03
62879,90,2025-02-19
62880,826,2025-01-18
62881,784,2025-12-24
62882,506,2025-04-13
62883,571,2025-08-22
62884,327,2025-04-30
62885,193,2025-03-20
62886,12,2025-09-01
62887,672,2025-09-27
62888,36,2025-06-22
62889,106,2025-07-05
62890,793,2025-06-27
62891,583,2025-08-04
62892,490,2025-10-22
62893,219,2025-09-17
62894,150,2025-04-12
62895,467,2025-04-01
62896,359,2025-09-03
62897,535,2025-08-24
62898,166,2025-05-15
62899,232,2025-11-03
62900,113,2025-06-02
62901,425,2025-05-03
62902,277,2025-07-22
62903,224,2025-03-12
62904,550,2025-09-11
62905,498,2025-11-24
62906,211,2025-12-11
62907,700,2025-06-13
62908,344,2025-04-09
62909,342,2025-06-24
62910,478,2025-02-07
62911,140,2025-09-01
62912,421,2025-06-06
62913,583,2025-02-14
62914,129,2025-07-19
62915,565,2025-09-20
62916,39,2025-03-25
62917,604,2025-05-28
62918,36,2025-11-22
62919,176,2025-09-17
62920,351,2025-10-19
62921,615,2025-06-14
62922,719,2025-06-30
62923,469,2025-07-01
62924,132,2025-06-14
62925,388,2025-02-22
62926,787,2025-01-15
62927,91,2025-10-31
62928,716,2025-07-15
62929,386,2025-07-14
62930,4,2025-08-06
62931,695,2025-05-31
62932,27,2025-11-22
62933,370,2025-06-21
62934,196,2025-07-02
62935,584,2025-07-13
62936,57,2025-02-27
62937,92,2025-03-05
62938,532,2025-03-07
62939,994,2025-04-03
62940,40,2025-02-28
62941,461,2025-03-23
62942,803,2025-12-09
62943,291,2025-05-12
62944,493,2025-10-17
62945,839,2025-05-24
62946,728,2025-10-29
62947,294,2025-10-02
62948,751,2025-11-03
62949,676,2025-04-16
62950,507,2025-02-04
62951,442,2025-04-23
62952,926,2025-09-14
62953,875,2025-08-27
62954,991,2025-09-15
62955,676,2025-12-29
62956,360,2025-03-24
62957,110,2025-06-12
62958,126,2025-06-29
62959,952,2025-02-24
62960,364,2025-08-30
62961,111,2025-01-18
62962,224,2025-11-24
62963,21,2025-02-02
62964,532,2025-02-10
62965,591,2025-03-05
62966,379,2025-11-22
62967,745,2025-11-11
62968,481,2025-12-03
62969,960,2025-11-01
62970,764,2025-12-04
62971,76,2025-06-22
62972,275,2025-01-02
62973,755,2025-06-09
62974,538,2025-03-22
62975,754,2025-03-31
62976,336,2025-09-10
62977,39,2025-03-02
62978,785,2025-04-28
62979,786,2025-05-24
62980,640,2025-01-23
62981,405,2025-09-13
62982,9,2025-10-06
62983,728,2025-07-23
62984,661,2025-01-11
62985,668,2025-10-15
62986,171,2025-06-12
62987,732,2025-04-08
62988,725,2025-12-12
62989,858,2025-11-10
62990,568,2025-06-10
62991,732,2025-06-11
62992,402,2025-11-29
62993,697,2025-03-11
62994,695,2025-05-30
62995,780,2025-07-28
62996,857,2025-05-07
62997,4,2025-04-26
62998,779,2025-02-09
62999,793,2025-04-08
63000,546,2025-05-11
63001,520,2025-11-02
63002,723,2025-05-04
63003,456,2025-02-28
63004,414,2025-11-05
63005,804,2025-05-09
63006,790,2025-12-02
63007,207,2025-02-09
63008,830,2025-01-09
63009,327,2025-12-03
63010,138,2025-02-05
63011,879,2025-01-04
63012,239,2025-08-23
63013,203,2025-04-26
63014,270,2025-06-26
63015,492,2025-05-30
63016,167,2025-04-19
63017,160,2025-06-25
63018,393,2025-04-05
63019,218,2025-03-24
63020,194,2025-03-24
63021,913,2025-02-13
63022,596,2025-07-11
63023,14,2025-07-20
63024,102,2025-01-07
63025,814,2025-06-17
63026,270,2025-09-27
63027,153,2025-01-01
63028,666,2025-04-20
63029,839,2025-12-17
63030,399,2025-06-05
63031,743,2025-01-07
63032,422,2025-07-12
63033,109,2025-05-30
63034,798,2025-03-19
63035,919,2025-01-27
63036,985,2025-11-19
63037,101,2025-10-24
63038,566,2025-09-06
63039,624,2025-01-07
63040,80,2025-11-14
63041,952,2025-06-22
63042,103,2025-06-23
63043,269,2025-11-17
63044,969,2025-06-07
63045,557,2025-03-28
63046,680,2025-03-28
63047,494,2025-12-05
63048,753,2025-07-18
63049,82,2025-07-31
63050,676,2025-08-05
63051,67,2025-03-22
63052,180,2025-06-03
63053,507,2025-12-14
63054,449,2025-02-23
63055,153,2025-12-14
63056,799,2025-04-10
63057,302,2025-04-18
63058,867,2025-01-06
63059,15,2025-08-31
63060,238,2025-04-27
63061,297,2025-06-17
63062,596,2025-07-31
63063,402,2025-08-20
63064,158,2025-12-15
63065,572,2025-07-22
63066,959,2025-03-06
63067,134,2025-09-14
63068,253,2025-01-21
63069,479,2025-11-04
63070,727,2025-04-19
63071,137,2025-09-21
63072,232,2025-02-27
63073,236,2025-05-29
63074,617,2025-09-11
63075,83,2025-08-15
63076,660,2025-01-03
63077,426,2025-01-13
63078,329,2025-12-25
63079,863,2025-07-13
63080,819,2025-11-09
63081,803,2025-01-27
63082,886,2025-06-29
63083,234,2025-07-30
63084,856,2025-12-03
63085,176,2025-09-17
63086,331,2025-08-18
63087,556,2025-04-18
63088,745,2025-12-29
63089,578,2025-04-30
63090,560,2025-04-12
63091,377,2025-09-22
63092,593,2025-12-30
63093,476,2025-11-09
63094,478,2025-03-07
63095,586,2025-10-25
63096,601,2025-05-09
63097,330,2025-03-23
63098,136,2025-12-08
63099,300,2025-12-13
63100,409,2025-05-16
63101,161,2025-01-10
63102,178,2025-03-18
63103,951,2025-07-17
63104,281,2025-01-22
63105,739,2025-03-24
63106,128,2025-02-24
63107,973,2025-12-14
63108,213,2025-05-10
63109,394,2025-05-19
63110,782,2025-06-03
63111,202,2025-01-05
63112,550,2025-07-17
63113,786,2025-11-30
63114,24,2025-10-24
63115,26,2025-04-02
63116,789,2025-01-05
63117,263,2025-10-10
63118,910,2025-11-04
63119,928,2025-12-03
63120,881,2025-07-30
63121,997,2025-06-22
63122,824,2025-10-04
63123,384,2025-09-09
63124,993,2025-10-04
63125,346,2025-04-14
63126,587,2025-11-26
63127,6,2025-01-14
63128,963,2025-02-04
63129,592,2025-08-27
63130,949,2025-07-28
63131,353,2025-07-22
63132,314,2025-11-28
63133,523,2025-11-14
63134,864,2025-09-20
63135,549,2025-03-02
63136,793,2025-02-05
63137,215,2025-02-21
63138,776,2025-08-13
63139,733,2025-09-18
63140,897,2025-10-19
63141,58,2025-02-07
63142,385,2025-04-11
63143,89,2025-05-04
63144,401,2025-08-19
63145,759,2025-01-17
63146,641,2025-11-03
63147,753,2025-01-30
63148,738,2025-07-11
63149,993,2025-12-07
63150,880,2025-03-12
63151,587,2025-09-08
63152,876,2025-07-20
63153,48,2025-10-27
63154,722,2025-08-03
63155,523,2025-11-06
63156,957,2025-05-28
63157,504,2025-03-01
63158,179,2025-09-06
63159,725,2025-12-20
63160,951,2025-06-08
63161,17,2025-10-27
63162,65,2025-11-17
63163,662,2025-08-24
63164,556,2025-10-16
63165,549,2025-07-25
63166,91,2025-10-21
63167,573,2025-05-03
63168,569,2025-07-12
63169,850,2025-01-29
63170,391,2025-03-13
63171,348,2025-07-31
63172,82,2025-09-22
63173,567,2025-01-11
63174,649,2025-01-26
63175,281,2025-01-03
63176,732,2025-07-08
63177,939,2025-05-03
63178,175,2025-01-20
63179,573,2025-10-17
63180,695,2025-07-12
63181,19,2025-01-04
63182,180,2025-09-08
63183,396,2025-11-29
63184,138,2025-06-03
63185,356,2025-12-13
63186,148,2025-06-02
63187,897,2025-01-29
63188,600,2025-02-14
63189,330,2025-01-25
63190,779,2025-04-21
63191,19,2025-05-21
63192,597,2025-06-12
63193,684,2025-06-25
63194,810,2025-11-12
63195,223,2025-01-05
63196,592,2025-11-24
63197,768,2025-03-29
63198,798,2025-12-15
63199,176,2025-02-19
63200,977,2025-02-06
63201,274,2025-02-14
63202,391,2025-04-19
63203,193,2025-12-10
63204,150,2025-06-18
63205,256,2025-03-02
63206,136,2025-08-23
63207,733,2025-07-05
63208,598,2025-09-14
63209,391,2025-09-28
63210,548,2025-10-14
63211,605,2025-02-25
63212,185,2025-06-30
63213,297,2025-08-19
63214,883,2025-07-23
63215,13,2025-12-21
63216,957,2025-12-17
63217,965,2025-10-24
63218,254,2025-03-29
63219,321,2025-07-13
63220,207,2025-10-21
63221,561,2025-04-08
63222,214,2025-09-17
63223,791,2025-04-01
63224,388,2025-02-21
63225,968,2025-03-29
63226,854,2025-12-05
63227,402,2025-12-30
63228,596,2025-11-09
63229,25,2025-04-10
63230,68,2025-10-12
63231,507,2025-03-21
63232,473,2025-02-16
63233,399,2025-04-05
63234,91,2025-02-20
63235,840,2025-08-22
63236,407,2025-09-07
63237,471,2025-01-14
63238,404,2025-02-09
63239,498,2025-06-24
63240,649,2025-02-11
63241,764,2025-10-30
63242,550,2025-05-27
63243,166,2025-05-31
63244,875,2025-01-02
63245,285,2025-09-14
63246,17,2025-09-21
63247,40,2025-10-04
63248,774,2025-07-17
63249,387,2025-04-09
63250,23,2025-01-29
63251,812,2025-04-26
63252,305,2025-07-18
63253,978,2025-02-12
63254,880,2025-01-20
63255,49,2025-03-21
63256,691,2025-01-26
63257,604,2025-01-06
63258,172,2025-06-27
63259,344,2025-09-29
63260,491,2025-07-02
63261,147,2025-02-03
63262,722,2025-05-04
63263,278,2025-01-13
63264,938,2025-08-15
63265,802,2025-03-27
63266,635,2025-05-22
63267,120,2025-11-26
63268,25,2025-08-03
63269,146,2025-10-07
63270,500,2025-05-08
63271,782,2025-12-06
63272,153,2025-09-18
63273,708,2025-07-08
63274,48,2025-07-31
63275,266,2025-08-16
63276,599,2025-02-28
63277,829,2025-04-02
63278,777,2025-09-08
63279,533,2025-06-10
63280,37,2025-10-14
63281,294,2025-07-11
63282,784,2025-01-25
63283,82,2025-08-31
63284,707,2025-08-11
63285,704,2025-05-14
63286,752,2025-10-16
63287,218,2025-05-09
63288,245,2025-02-11
63289,199,2025-02-14
63290,394,2025-11-26
63291,524,2025-05-18
63292,120,2025-06-01
63293,568,2025-04-22
63294,239,2025-09-27
63295,563,2025-08-10
63296,303,2025-11-25
63297,955,2025-11-23
63298,320,2025-12-28
63299,872,2025-05-01
63300,176,2025-08-02
63301,85,2025-05-07
63302,189,2025-09-15
63303,420,2025-10-01
63304,902,2025-04-02
63305,177,2025-11-10
63306,784,2025-04-16
63307,697,2025-12-25
63308,345,2025-11-07
63309,337,2025-01-07
63310,948,2025-05-26
63311,715,2025-05-22
63312,239,2025-10-28
63313,912,2025-09-22
63314,407,2025-01-19
63315,80,2025-11-03
63316,814,2025-03-21
63317,869,2025-05-15
63318,443,2025-03-04
63319,704,2025-02-27
63320,235,2025-07-12
63321,851,2025-01-31
63322,369,2025-01-30
63323,268,2025-10-14
63324,501,2025-05-06
63325,268,2025-08-25
63326,621,2025-12-26
63327,748,2025-01-19
63328,406,2025-10-17
63329,784,2025-02-10
63330,432,2025-10-05
63331,971,2025-04-22
63332,264,2025-02-19
63333,705,2025-03-25
63334,536,2025-05-14
63335,944,2025-09-24
63336,220,2025-09-06
63337,197,2025-09-23
63338,868,2025-01-08
63339,902,2025-12-22
63340,748,2025-06-08
63341,475,2025-02-10
63342,411,2025-12-05
63343,667,2025-10-17
63344,748,2025-01-31
63345,276,2025-06-09
63346,7,2025-11-27
63347,74,2025-09-07
63348,345,2025-03-13
63349,682,2025-09-13
63350,441,2025-03-11
63351,619,2025-05-09
63352,470,2025-03-13
63353,252,2025-09-11
63354,749,2025-12-06
63355,724,2025-01-17
63356,963,2025-08-09
63357,826,2025-04-01
63358,380,2025-10-02
63359,705,2025-02-20
63360,351,2025-05-14
63361,873,2025-03-17
63362,611,2025-11-15
63363,835,2025-01-31
63364,282,2025-08-01
63365,15,2025-02-13
63366,142,2025-08-07
63367,532,2025-10-08
63368,962,2025-10-02
63369,628,2025-01-13
63370,810,2025-10-10
63371,470,2025-04-19
63372,959,2025-09-06
63373,941,2025-12-18
63374,218,2025-02-13
63375,863,2025-05-13
63376,18,2025-11-13
63377,593,2025-02-21
63378,438,2025-04-06
63379,302,2025-07-20
63380,934,2025-12-30
63381,663,2025-04-18
63382,139,2025-05-21
63383,140,2025-10-18
63384,118,2025-02-13
63385,305,2025-04-30
63386,69,2025-04-26
63387,265,2025-05-27
63388,766,2025-07-29
63389,874,2025-03-22
63390,786,2025-05-23
63391,497,2025-12-01
63392,696,2025-10-30
63393,944,2025-12-16
63394,54,2025-09-07
63395,905,2025-08-01
63396,724,2025-03-19
63397,387,2025-02-27
63398,449,2025-07-16
63399,439,2025-05-28
63400,158,2025-10-15
63401,231,2025-01-04
63402,296,2025-11-22
63403,6,2025-03-04
63404,502,2025-05-25
63405,477,2025-05-11
63406,330,2025-12-04
63407,177,2025-09-20
63408,970,2025-01-14
63409,679,2025-11-08
63410,475,2025-09-04
63411,723,2025-01-25
63412,373,2025-10-13
63413,216,2025-01-13
63414,674,2025-06-05
63415,771,2025-03-01
63416,651,2025-01-05
63417,567,2025-07-24
63418,3,2025-09-08
63419,638,2025-06-25
63420,619,2025-05-06
63421,413,2025-07-07
63422,244,2025-02-25
63423,980,2025-01-19
63424,376,2025-02-27
63425,273,2025-01-20
63426,707,2025-10-08
63427,482,2025-08-11
63428,558,2025-03-10
63429,649,2025-07-28
63430,369,2025-06-26
63431,153,2025-02-10
63432,168,2025-12-21
63433,940,2025-12-09
63434,506,2025-10-04
63435,418,2025-10-23
63436,320,2025-07-19
63437,722,2025-10-21
63438,913,2025-07-12
63439,769,2025-03-02
63440,535,2025-03-03
63441,476,2025-11-08
63442,866,2025-06-12
63443,857,2025-09-24
63444,391,2025-02-22
63445,965,2025-06-13
63446,828,2025-01-31
63447,847,2025-03-22
63448,57,2025-02-09
63449,131,2025-03-17
63450,299,2025-08-10
63451,762,2025-01-02
63452,79,2025-03-12
63453,83,2025-09-10
63454,32,2025-02-24
63455,192,2025-07-22
63456,919,2025-11-13
63457,722,2025-10-12
63458,717,2025-02-14
63459,293,2025-02-23
63460,626,2025-09-15
63461,779,2025-05-07
63462,533,2025-06-02
63463,857,2025-06-24
63464,570,2025-07-31
63465,325,2025-06-13
63466,639,2025-01-09
63467,944,2025-02-04
63468,827,2025-01-01
63469,499,2025-04-07
63470,597,2025-10-26
63471,976,2025-12-21
63472,749,2025-06-23
63473,503,2025-01-10
63474,281,2025-01-27
63475,906,2025-10-25
63476,977,2025-05-06
63477,71,2025-11-18
63478,32,2025-07-04
63479,116,2025-11-17
63480,387,2025-02-19
63481,160,2025-11-10
63482,883,2025-07-19
63483,915,2025-06-09
63484,181,2025-07-12
63485,830,2025-04-30
63486,142,2025-08-09
63487,788,2025-10-09
63488,366,2025-10-23
63489,41,2025-12-24
63490,429,2025-05-31
63491,823,2025-10-08
63492,934,2025-11-21
63493,122,2025-01-07
63494,837,2025-06-23
63495,294,2025-09-13
63496,465,2025-06-16
63497,109,2025-02-06
63498,973,2025-08-28
63499,791,2025-05-29
63500,643,2025-08-14
63501,728,2025-01-01
63502,874,2025-01-05
63503,144,2025-08-09
63504,247,2025-12-25
63505,38,2025-08-22
63506,489,2025-12-11
63507,495,2025-11-06
63508,30,2025-04-13
63509,662,2025-02-07
63510,9,2025-07-23
63511,793,2025-08-15
63512,706,2025-10-09
63513,816,2025-07-10
63514,119,2025-12-02
63515,871,2025-11-05
63516,548,2025-08-02
63517,864,2025-07-21
63518,697,2025-01-07
63519,657,2025-10-13
63520,33,2025-09-06
63521,692,2025-11-24
63522,449,2025-02-03
63523,850,2025-02-23
63524,685,2025-09-02
63525,75,2025-06-28
63526,890,2025-08-03
63527,63,2025-06-08
63528,300,2025-08-22
63529,217,2025-08-29
63530,975,2025-03-11
63531,154,2025-10-05
63532,845,2025-06-30
63533,223,2025-07-30
63534,651,2025-08-14
63535,91,2025-09-29
63536,392,2025-04-20
63537,624,2025-01-03
63538,712,2025-03-08
63539,873,2025-12-19
63540,817,2025-03-23
63541,519,2025-04-02
63542,304,2025-11-10
63543,262,2025-03-28
63544,993,2025-06-19
63545,609,2025-05-16
63546,909,2025-08-30
63547,434,2025-08-06
63548,486,2025-07-07
63549,826,2025-07-03
63550,723,2025-11-01
63551,201,2025-08-01
63552,525,2025-07-05
63553,214,2025-11-20
63554,761,2025-02-04
63555,30,2025-11-01
63556,827,2025-03-14
63557,930,2025-05-02
63558,24,2025-01-05
63559,631,2025-07-28
63560,80,2025-10-31
63561,361,2025-05-20
63562,337,2025-08-31
63563,520,2025-05-24
63564,918,2025-10-05
63565,462,2025-12-31
63566,399,2025-09-18
63567,93,2025-05-05
63568,888,2025-10-28
63569,315,2025-01-14
63570,463,2025-12-27
63571,93,2025-11-03
63572,289,2025-08-27
63573,554,2025-08-15
63574,901,2025-04-03
63575,329,2025-06-07
63576,561,2025-02-07
63577,876,2025-05-04
63578,361,2025-08-04
63579,295,2025-05-13
63580,45,2025-10-09
63581,908,2025-11-08
63582,111,2025-07-24
63583,216,2025-05-05
63584,140,2025-04-21
63585,708,2025-07-19
63586,365,2025-09-20
63587,705,2025-02-16
63588,608,2025-06-13
63589,16,2025-06-10
63590,308,2025-04-15
63591,5,2025-03-28
63592,66,2025-11-03
63593,474,2025-06-07
63594,265,2025-07-30
63595,90,2025-01-14
63596,409,2025-04-14
63597,452,2025-03-23
63598,993,2025-04-30
63599,662,2025-11-04
63600,393,2025-07-28
63601,474,2025-11-26
63602,90,2025-06-04
63603,387,2025-10-09
63604,582,2025-02-28
63605,21,2025-10-25
63606,920,2025-08-11
63607,516,2025-01-15
63608,787,2025-09-09
63609,276,2025-06-24
63610,837,2025-01-01
63611,367,2025-11-06
63612,929,2025-07-15
63613,523,2025-08-10
63614,637,2025-07-30
63615,204,2025-02-03
63616,995,2025-05-02
63617,193,2025-09-14
63618,34,2025-05-04
63619,440,2025-11-21
63620,835,2025-04-26
63621,922,2025-06-17
63622,858,2025-06-12
63623,554,2025-01-07
63624,917,2025-10-24
63625,493,2025-02-19
63626,479,2025-06-21
63627,181,2025-11-28
63628,788,2025-12-29
63629,317,2025-03-26
63630,196,2025-05-18
63631,370,2025-07-26
63632,604,2025-09-13
63633,271,2025-04-02
63634,359,2025-07-20
63635,331,2025-11-01
63636,597,2025-10-06
63637,715,2025-10-28
63638,676,2025-11-21
63639,142,2025-11-11
63640,348,2025-07-06
63641,649,2025-12-22
63642,217,2025-06-30
63643,70,2025-09-16
63644,322,2025-12-11
63645,679,2025-01-16
63646,664,2025-12-07
63647,130,2025-10-27
63648,677,2025-12-30
63649,195,2025-10-10
63650,742,2025-02-27
63651,567,2025-04-21
63652,127,2025-01-02
63653,351,2025-08-10
63654,819,2025-06-09
63655,433,2025-06-23
63656,689,2025-09-25
63657,749,2025-10-27
63658,31,2025-01-27
63659,932,2025-12-01
63660,336,2025-05-17
63661,794,2025-10-02
63662,467,2025-08-01
63663,577,2025-06-11
63664,361,2025-03-19
63665,854,2025-03-11
63666,118,2025-09-24
63667,897,2025-04-28
63668,208,2025-03-25
63669,884,2025-01-03
63670,25,2025-11-03
63671,14,2025-05-25
63672,94,2025-05-08
63673,548,2025-05-16
63674,267,2025-08-07
63675,598,2025-06-25
63676,820,2025-07-18
63677,28,2025-04-12
63678,527,2025-04-19
63679,740,2025-11-11
63680,425,2025-06-10
63681,926,2025-12-22
63682,663,2025-11-05
63683,35,2025-09-17
63684,542,2025-07-20
63685,384,2025-11-02
63686,132,2025-01-21
63687,951,2025-07-02
63688,223,2025-09-18
63689,84,2025-02-09
63690,223,2025-03-08
63691,824,2025-01-24
63692,600,2025-06-27
63693,820,2025-07-17
63694,462,2025-06-21
63695,117,2025-01-21
63696,388,2025-06-27
63697,200,2025-11-21
63698,557,2025-01-12
63699,270,2025-10-11
63700,971,2025-04-10
63701,378,2025-01-28
63702,315,2025-01-19
63703,985,2025-01-05
63704,521,2025-06-01
63705,171,2025-07-01
63706,481,2025-08-15
63707,255,2025-01-30
63708,717,2025-08-27
63709,574,2025-09-28
63710,731,2025-01-24
63711,941,2025-09-04
63712,730,2025-02-13
63713,341,2025-06-10
63714,202,2025-08-30
63715,530,2025-11-14
63716,450,2025-07-13
63717,314,2025-06-08
63718,812,2025-11-01
63719,910,2025-03-20
63720,382,2025-03-16
63721,681,2025-06-20
63722,985,2025-02-13
63723,12,2025-01-09
63724,365,2025-05-13
63725,738,2025-02-25
63726,498,2025-08-21
63727,792,2025-07-20
63728,475,2025-06-27
63729,65,2025-07-01
63730,434,2025-02-05
63731,405,2025-05-27
63732,846,2025-01-27
63733,148,2025-05-10
63734,156,2025-09-05
63735,142,2025-12-27
63736,568,2025-04-19
63737,996,2025-04-07
63738,619,2025-09-02
63739,817,2025-12-02
63740,852,2025-04-18
63741,601,2025-11-02
63742,610,2025-04-25
63743,244,2025-08-22
63744,961,2025-03-18
63745,788,2025-04-06
63746,873,2025-12-26
63747,984,2025-05-23
63748,349,2025-01-06
63749,144,2025-10-09
63750,860,2025-02-16
63751,473,2025-02-10
63752,959,2025-11-02
63753,695,2025-05-08
63754,258,2025-02-20
63755,355,2025-12-23
63756,611,2025-04-13
63757,395,2025-08-20
63758,282,2025-04-06
63759,210,2025-08-01
63760,650,2025-09-12
63761,36,2025-10-04
63762,94,2025-05-31
63763,43,2025-08-13
63764,735,2025-11-03
63765,30,2025-11-03
63766,420,2025-09-30
63767,122,2025-05-26
63768,588,2025-07-13
63769,35,2025-12-20
63770,26,2025-04-01
63771,412,2025-09-10
63772,696,2025-10-17
63773,110,2025-06-25
63774,496,2025-11-13
63775,811,2025-06-06
63776,626,2025-11-02
63777,751,2025-08-24
63778,316,2025-01-19
63779,943,2025-10-28
63780,146,2025-09-12
63781,606,2025-03-23
63782,436,2025-09-14
63783,32,2025-07-06
63784,944,2025-12-11
63785,703,2025-04-22
63786,228,2025-04-07
63787,53,2025-01-22
63788,676,2025-10-15
63789,546,2025-12-26
63790,50,2025-09-09
63791,987,2025-05-15
63792,719,2025-11-17
63793,463,2025-04-03
63794,239,2025-09-11
63795,272,2025-08-06
63796,452,2025-11-08
63797,58,2025-12-21
63798,368,2025-05-12
63799,218,2025-02-04
63800,113,2025-02-27
63801,126,2025-09-27
63802,346,2025-05-13
63803,383,2025-02-21
63804,351,2025-10-25
63805,690,2025-08-25
63806,523,2025-02-18
63807,193,2025-09-18
63808,973,2025-08-21
63809,731,2025-12-26
63810,471,2025-12-27
63811,50,2025-12-23
63812,915,2025-11-23
63813,745,2025-10-17
63814,462,2025-09-02
63815,162,2025-07-18
63816,108,2025-10-17
63817,290,2025-12-19
63818,231,2025-02-12
63819,210,2025-02-19
63820,408,2025-07-02
63821,47,2025-04-18
63822,326,2025-07-14
63823,872,2025-04-24
63824,866,2025-10-13
63825,9,2025-11-24
63826,679,2025-04-14
63827,992,2025-10-09
63828,579,2025-02-08
63829,391,2025-10-18
63830,492,2025-09-12
63831,214,2025-09-17
63832,398,2025-06-29
63833,937,2025-02-09
63834,613,2025-11-04
63835,431,2025-02-10
63836,125,2025-06-25
63837,907,2025-03-05
63838,163,2025-11-05
63839,722,2025-07-29
63840,304,2025-07-05
63841,279,2025-04-26
63842,172,2025-10-13
63843,376,2025-03-18
63844,678,2025-09-21
63845,417,2025-12-20
63846,25,2025-04-08
63847,265,2025-09-08
63848,161,2025-04-23
63849,402,2025-12-06
63850,903,2025-11-25
63851,963,2025-04-25
63852,998,2025-03-26
63853,113,2025-01-31
63854,488,2025-09-12
63855,46,2025-12-02
63856,496,2025-02-22
63857,577,2025-10-25
63858,774,2025-10-03
63859,337,2025-06-22
63860,37,2025-03-23
63861,455,2025-08-27
63862,428,2025-08-05
63863,625,2025-10-24
63864,100,2025-07-25
63865,614,2025-01-18
63866,401,2025-03-16
63867,740,2025-05-19
63868,984,2025-06-29
63869,228,2025-05-08
63870,754,2025-11-17
63871,128,2025-04-13
63872,986,2025-09-06
63873,481,2025-05-12
63874,747,2025-12-29
63875,778,2025-12-01
63876,609,2025-10-14
63877,385,2025-10-07
63878,755,2025-08-23
63879,477,2025-08-03
63880,660,2025-07-25
63881,614,2025-01-10
63882,465,2025-12-09
63883,118,2025-12-25
63884,293,2025-07-12
63885,938,2025-11-14
63886,521,2025-05-27
63887,637,2025-02-10
63888,259,2025-11-01
63889,706,2025-07-05
63890,487,2025-12-10
63891,219,2025-03-19
63892,147,2025-06-24
63893,396,2025-09-01
63894,566,2025-02-20
63895,281,2025-12-30
63896,246,2025-08-11
63897,270,2025-03-04
63898,294,2025-09-28
63899,740,2025-11-17
63900,500,2025-05-17
63901,470,2025-08-11
63902,163,2025-09-30
63903,545,2025-02-23
63904,963,2025-07-13
63905,746,2025-07-24
63906,447,2025-04-20
63907,307,2025-04-20
63908,353,2025-08-18
63909,27,2025-10-02
63910,30,2025-05-22
63911,777,2025-02-23
63912,844,2025-10-15
63913,969,2025-03-05
63914,626,2025-01-02
63915,930,2025-04-28
63916,417,2025-10-26
63917,255,2025-10-04
63918,246,2025-04-22
63919,237,2025-07-09
63920,746,2025-12-17
63921,10,2025-09-20
63922,946,2025-10-05
63923,775,2025-02-01
63924,381,2025-03-29
63925,702,2025-02-07
63926,135,2025-12-24
63927,432,2025-05-05
63928,110,2025-07-02
63929,113,2025-07-21
63930,7,2025-07-10
63931,796,2025-01-20
63932,744,2025-11-28
63933,893,2025-05-19
63934,982,2025-12-02
63935,965,2025-10-07
63936,993,2025-09-12
63937,16,2025-09-14
63938,785,2025-12-24
63939,724,2025-04-21
63940,163,2025-05-01
63941,137,2025-09-02
63942,978,2025-03-26
63943,883,2025-10-21
63944,328,2025-01-11
63945,75,2025-11-24
63946,334,2025-05-07
63947,6,2025-01-02
63948,688,2025-08-08
63949,381,2025-04-11
63950,50,2025-04-22
63951,980,2025-06-25
63952,826,2025-07-31
63953,905,2025-02-19
63954,998,2025-01-18
63955,15,2025-06-18
63956,776,2025-05-10
63957,788,2025-08-01
63958,782,2025-10-01
63959,266,2025-08-13
63960,391,2025-02-08
63961,930,2025-12-30
63962,66,2025-09-18
63963,642,2025-01-18
63964,793,2025-10-06
63965,799,2025-11-18
63966,598,2025-07-27
63967,767,2025-10-31
63968,910,2025-11-20
63969,766,2025-12-18
63970,116,2025-12-15
63971,245,2025-03-12
63972,306,2025-01-13
63973,344,2025-08-26
63974,361,2025-09-05
63975,220,2025-07-27
63976,684,2025-03-28
63977,111,2025-12-13
63978,788,2025-05-29
63979,659,2025-09-28
63980,962,2025-08-16
63981,7,2025-11-23
63982,296,2025-09-17
63983,899,2025-08-20
63984,494,2025-11-03
63985,561,2025-01-20
63986,29,2025-09-15
63987,763,2025-08-02
63988,253,2025-10-11
63989,964,2025-03-23
63990,375,2025-08-07
63991,189,2025-04-14
63992,594,2025-02-12
63993,478,2025-07-29
63994,471,2025-01-08
63995,950,2025-02-03
63996,365,2025-07-13
63997,398,2025-11-24
63998,625,2025-09-19
63999,171,2025-01-06
64000,829,2025-02-09
64001,230,2025-06-07
64002,242,2025-06-06
64003,11,2025-01-15
64004,343,2025-04-04
64005,583,2025-02-16
64006,705,2025-07-26
64007,899,2025-08-29
64008,778,2025-05-23
64009,322,2025-07-28
64010,826,2025-03-15
64011,195,2025-11-07
64012,210,2025-01-02
64013,359,2025-07-04
64014,540,2025-04-28
64015,204,2025-06-14
64016,901,2025-07-08
64017,271,2025-08-24
64018,392,2025-12-06
64019,605,2025-07-24
64020,430,2025-03-25
64021,404,2025-07-11
64022,985,2025-07-06
64023,436,2025-11-12
64024,114,2025-07-26
64025,731,2025-11-13
64026,706,2025-08-25
64027,219,2025-07-28
64028,851,2025-04-30
64029,392,2025-04-04
64030,151,2025-02-06
64031,173,2025-07-20
64032,715,2025-12-03
64033,217,2025-01-05
64034,470,2025-12-14
64035,735,2025-11-10
64036,853,2025-06-09
64037,490,2025-04-25
64038,908,2025-07-31
64039,303,2025-11-09
64040,873,2025-01-11
64041,251,2025-06-14
64042,65,2025-01-18
64043,726,2025-08-24
64044,757,2025-01-28
64045,927,2025-04-26
64046,922,2025-09-27
64047,103,2025-10-02
64048,622,2025-03-24
64049,705,2025-07-07
64050,601,2025-03-09
64051,19,2025-08-04
64052,46,2025-01-04
64053,671,2025-10-25
64054,857,2025-01-09
64055,180,2025-08-11
64056,47,2025-05-28
64057,405,2025-03-23
64058,314,2025-07-17
64059,983,2025-02-21
64060,926,2025-07-31
64061,559,2025-08-24
64062,950,2025-06-17
64063,229,2025-05-13
64064,992,2025-06-17
64065,447,2025-12-16
64066,477,2025-10-02
64067,51,2025-01-03
64068,178,2025-04-16
64069,195,2025-01-10
64070,488,2025-03-28
64071,190,2025-10-12
64072,103,2025-11-08
64073,606,2025-06-16
64074,873,2025-09-09
64075,70,2025-05-16
64076,561,2025-06-24
64077,961,2025-10-30
64078,405,2025-04-11
64079,183,2025-04-27
64080,80,2025-02-19
64081,937,2025-03-21
64082,406,2025-01-14
64083,106,2025-10-25
64084,867,2025-11-08
64085,803,2025-06-03
64086,704,2025-08-05
64087,85,2025-04-01
64088,83,2025-01-17
64089,219,2025-07-08
64090,160,2025-02-27
64091,532,2025-11-06
64092,393,2025-04-13
64093,766,2025-09-27
64094,102,2025-04-07
64095,728,2025-02-16
64096,935,2025-07-20
64097,131,2025-03-08
64098,653,2025-05-26
64099,510,2025-04-18
64100,95,2025-11-19
64101,293,2025-07-03
64102,789,2025-09-20
64103,870,2025-08-03
64104,369,2025-11-29
64105,107,2025-06-10
64106,245,2025-11-11
64107,844,2025-11-24
64108,570,2025-12-03
64109,431,2025-09-11
64110,14,2025-12-24
64111,783,2025-09-29
64112,466,2025-04-24
64113,546,2025-02-27
64114,844,2025-03-18
64115,563,2025-07-29
64116,929,2025-03-02
64117,560,2025-03-28
64118,343,2025-08-18
64119,923,2025-05-02
64120,643,2025-09-06
64121,761,2025-12-31
64122,227,2025-02-02
64123,672,2025-08-23
64124,561,2025-10-27
64125,106,2025-02-21
64126,255,2025-10-13
64127,912,2025-07-05
64128,572,2025-08-18
64129,775,2025-01-19
64130,172,2025-06-08
64131,218,2025-05-14
64132,942,2025-02-26
64133,421,2025-10-06
64134,887,2025-07-04
64135,809,2025-11-17
64136,337,2025-02-28
64137,950,2025-09-24
64138,777,2025-08-09
64139,128,2025-08-26
64140,96,2025-04-24
64141,127,2025-09-10
64142,741,2025-04-01
64143,144,2025-10-06
64144,283,2025-06-10
64145,435,2025-06-25
64146,136,2025-07-31
64147,331,2025-01-31
64148,679,2025-05-15
64149,973,2025-03-16
64150,470,2025-12-18
64151,747,2025-06-03
64152,531,2025-01-03
64153,467,2025-01-10
64154,521,2025-11-30
64155,959,2025-02-27
64156,60,2025-01-01
64157,514,2025-03-19
64158,52,2025-03-21
64159,876,2025-01-30
64160,602,2025-12-30
64161,48,2025-01-22
64162,624,2025-09-23
64163,436,2025-11-02
64164,48,2025-08-24
64165,979,2025-02-18
64166,379,2025-09-23
64167,24,2025-05-01
64168,613,2025-05-30
64169,376,2025-04-02
64170,657,2025-10-14
64171,163,2025-07-31
64172,829,2025-02-26
64173,421,2025-05-29
64174,421,2025-10-17
64175,804,2025-12-09
64176,549,2025-12-09
64177,2,2025-02-19
64178,579,2025-11-10
64179,646,2025-07-26
64180,313,2025-09-27
64181,181,2025-05-21
64182,54,2025-08-26
64183,847,2025-04-05
64184,5,2025-07-10
64185,584,2025-03-24
64186,837,2025-05-25
64187,353,2025-05-29
64188,201,2025-11-12
64189,715,2025-08-18
64190,631,2025-08-25
64191,15,2025-04-14
64192,578,2025-06-08
64193,1,2025-06-22
64194,400,2025-10-14
64195,305,2025-03-09
64196,834,2025-01-20
64197,978,2025-07-04
64198,699,2025-10-24
64199,735,2025-09-25
64200,23,2025-10-23
64201,64,2025-05-24
64202,777,2025-03-25
64203,429,2025-08-29
64204,507,2025-01-14
64205,692,2025-11-23
64206,348,2025-09-18
64207,682,2025-07-03
64208,727,2025-03-14
64209,241,2025-04-02
64210,687,2025-12-30
64211,170,2025-01-06
64212,311,2025-01-04
64213,781,2025-05-07
64214,984,2025-03-25
64215,65,2025-09-05
64216,649,2025-01-16
64217,570,2025-10-14
64218,606,2025-10-13
64219,787,2025-03-25
64220,70,2025-07-31
64221,740,2025-09-03
64222,280,2025-11-06
64223,155,2025-09-25
64224,447,2025-12-18
64225,28,2025-02-12
64226,631,2025-08-11
64227,566,2025-10-10
64228,513,2025-03-26
64229,31,2025-03-21
64230,764,2025-02-03
64231,36,2025-12-26
64232,263,2025-11-13
64233,396,2025-02-14
64234,703,2025-03-31
64235,408,2025-06-17
64236,817,2025-11-23
64237,935,2025-10-29
64238,766,2025-11-17
64239,39,2025-10-30
64240,771,2025-08-18
64241,207,2025-04-17
64242,889,2025-08-09
64243,979,2025-06-30
64244,85,2025-12-14
64245,99,2025-06-13
64246,698,2025-10-03
64247,144,2025-03-05
64248,969,2025-09-07
64249,541,2025-06-15
64250,574,2025-06-09
64251,861,2025-10-03
64252,218,2025-06-26
64253,556,2025-01-22
64254,999,2025-05-22
64255,23,2025-12-18
64256,175,2025-12-12
64257,147,2025-08-13
64258,336,2025-08-21
64259,130,2025-04-06
64260,173,2025-10-12
64261,853,2025-08-07
64262,465,2025-01-14
64263,359,2025-12-13
64264,419,2025-11-08
64265,971,2025-01-30
64266,492,2025-06-02
64267,469,2025-09-29
64268,928,2025-09-27
64269,38,2025-03-03
64270,479,2025-01-15
64271,749,2025-12-26
64272,515,2025-11-23
64273,869,2025-09-27
64274,887,2025-08-29
64275,337,2025-09-08
64276,818,2025-06-16
64277,244,2025-09-07
64278,240,2025-04-21
64279,978,2025-01-31
64280,13,2025-04-24
64281,354,2025-04-18
64282,630,2025-04-21
64283,414,2025-06-21
64284,845,2025-02-17
64285,252,2025-05-29
64286,553,2025-06-19
64287,126,2025-03-10
64288,212,2025-06-15
64289,174,2025-09-04
64290,742,2025-05-31
64291,203,2025-01-01
64292,670,2025-09-14
64293,346,2025-07-31
64294,566,2025-06-03
64295,874,2025-01-09
64296,864,2025-02-02
64297,12,2025-01-29
64298,785,2025-11-08
64299,956,2025-04-23
64300,668,2025-06-05
64301,188,2025-09-12
64302,665,2025-08-28
64303,637,2025-01-24
64304,663,2025-12-06
64305,429,2025-04-07
64306,526,2025-10-08
64307,652,2025-10-31
64308,464,2025-07-16
64309,774,2025-03-01
64310,710,2025-07-18
64311,304,2025-03-31
64312,611,2025-11-07
64313,757,2025-10-03
64314,490,2025-10-28
64315,716,2025-10-30
64316,127,2025-03-07
64317,387,2025-01-12
64318,702,2025-08-17
64319,896,2025-08-13
64320,646,2025-11-12
64321,664,2025-08-21
64322,343,2025-10-21
64323,701,2025-05-08
64324,357,2025-02-15
64325,53,2025-01-14
64326,247,2025-06-09
64327,612,2025-01-01
64328,962,2025-07-09
64329,496,2025-05-27
64330,861,2025-04-05
64331,779,2025-08-04
64332,562,2025-09-06
64333,805,2025-01-15
64334,402,2025-06-23
64335,443,2025-12-09
64336,737,2025-04-19
64337,639,2025-10-13
64338,528,2025-05-03
64339,434,2025-04-10
64340,976,2025-11-09
64341,66,2025-05-11
64342,56,2025-11-13
64343,480,2025-08-27
64344,35,2025-10-24
64345,341,2025-10-25
64346,569,2025-11-30
64347,406,2025-07-22
64348,204,2025-12-14
64349,285,2025-01-22
64350,605,2025-06-29
64351,952,2025-05-25
64352,782,2025-02-05
64353,548,2025-11-15
64354,139,2025-10-20
64355,243,2025-10-01
64356,441,2025-08-20
64357,247,2025-08-08
64358,689,2025-05-19
64359,367,2025-09-07
64360,834,2025-12-23
64361,270,2025-04-02
64362,497,2025-05-04
64363,715,2025-02-09
64364,207,2025-11-28
64365,762,2025-07-13
64366,586,2025-08-05
64367,648,2025-04-08
64368,455,2025-01-14
64369,936,2025-10-21
64370,772,2025-11-11
64371,193,2025-05-05
64372,556,2025-10-06
64373,904,2025-07-28
64374,280,2025-08-23
64375,537,2025-03-05
64376,755,2025-08-13
64377,274,2025-02-28
64378,518,2025-03-21
64379,553,2025-05-11
64380,178,2025-03-20
64381,178,2025-11-28
64382,564,2025-01-11
64383,179,2025-11-26
64384,949,2025-02-26
64385,524,2025-11-14
64386,706,2025-05-03
64387,397,2025-12-03
64388,299,2025-07-17
64389,487,2025-06-28
64390,711,2025-02-17
64391,398,2025-06-08
64392,283,2025-07-23
64393,144,2025-12-25
64394,543,2025-04-07
64395,680,2025-01-31
64396,527,2025-04-03
64397,255,2025-03-30
64398,248,2025-12-12
64399,378,2025-02-24
64400,348,2025-12-29
64401,204,2025-02-11
64402,943,2025-10-24
64403,330,2025-06-01
64404,251,2025-01-20
64405,607,2025-08-13
64406,802,2025-09-23
64407,465,2025-11-03
64408,668,2025-03-07
64409,96,2025-08-14
64410,533,2025-07-27
64411,67,2025-06-11
64412,138,2025-11-23
64413,592,2025-06-04
64414,205,2025-05-19
64415,37,2025-07-11
64416,179,2025-12-06
64417,773,2025-11-13
64418,587,2025-09-16
64419,382,2025-01-30
64420,974,2025-04-20
64421,386,2025-01-06
64422,878,2025-02-04
64423,345,2025-10-31
64424,26,2025-10-25
64425,111,2025-02-07
64426,274,2025-06-17
64427,187,2025-04-12
64428,158,2025-01-27
64429,384,2025-05-20
64430,976,2025-02-07
64431,201,2025-09-26
64432,236,2025-12-19
64433,996,2025-06-04
64434,202,2025-03-30
64435,831,2025-07-02
64436,621,2025-12-19
64437,928,2025-02-28
64438,557,2025-09-06
64439,594,2025-02-03
64440,226,2025-04-20
64441,575,2025-06-10
64442,671,2025-05-21
64443,987,2025-03-07
64444,98,2025-10-11
64445,157,2025-09-03
64446,20,2025-06-08
64447,791,2025-06-02
64448,83,2025-01-28
64449,916,2025-08-30
64450,365,2025-03-25
64451,289,2025-04-20
64452,976,2025-11-11
64453,721,2025-08-23
64454,548,2025-09-12
64455,889,2025-04-07
64456,755,2025-07-02
64457,638,2025-01-06
64458,322,2025-03-31
64459,987,2025-10-20
64460,720,2025-06-23
64461,946,2025-08-20
64462,967,2025-10-15
64463,550,2025-12-08
64464,358,2025-01-30
64465,948,2025-08-01
64466,1000,2025-12-30
64467,122,2025-03-14
64468,639,2025-11-10
64469,603,2025-07-31
64470,749,2025-04-27
64471,976,2025-10-13
64472,253,2025-11-14
64473,976,2025-02-22
64474,644,2025-09-06
64475,83,2025-12-08
64476,512,2025-09-01
64477,134,2025-07-19
64478,957,2025-02-20
64479,764,2025-06-14
64480,905,2025-11-27
64481,603,2025-10-19
64482,397,2025-06-14
64483,429,2025-04-23
64484,947,2025-10-21
64485,152,2025-12-20
64486,885,2025-04-20
64487,423,2025-10-23
64488,591,2025-04-23
64489,667,2025-10-29
64490,83,2025-12-19
64491,149,2025-08-31
64492,161,2025-07-01
64493,779,2025-04-25
64494,77,2025-01-22
64495,611,2025-01-20
64496,108,2025-11-02
64497,768,2025-08-30
64498,977,2025-03-24
64499,415,2025-07-21
64500,213,2025-11-17
64501,445,2025-08-25
64502,691,2025-12-01
64503,728,2025-02-12
64504,637,2025-01-27
64505,582,2025-09-01
64506,632,2025-08-01
64507,218,2025-09-09
64508,207,2025-12-25
64509,931,2025-02-09
64510,580,2025-12-06
64511,862,2025-01-23
64512,626,2025-07-11
64513,456,2025-10-31
64514,571,2025-09-06
64515,692,2025-03-23
64516,187,2025-08-09
64517,463,2025-11-26
64518,724,2025-03-16
64519,88,2025-12-09
64520,74,2025-08-27
64521,161,2025-02-01
64522,592,2025-05-02
64523,239,2025-11-11
64524,437,2025-05-04
64525,134,2025-12-12
64526,251,2025-06-03
64527,18,2025-05-06
64528,808,2025-11-08
64529,467,2025-10-14
64530,176,2025-03-28
64531,527,2025-10-13
64532,933,2025-04-02
64533,825,2025-11-23
64534,885,2025-01-03
64535,407,2025-08-30
64536,361,2025-02-26
64537,317,2025-09-05
64538,306,2025-12-24
64539,920,2025-09-01
64540,138,2025-06-08
64541,852,2025-10-28
64542,917,2025-03-13
64543,845,2025-07-18
64544,628,2025-12-19
64545,856,2025-05-10
64546,32,2025-01-10
64547,818,2025-06-11
64548,511,2025-06-26
64549,959,2025-10-24
64550,86,2025-10-21
64551,931,2025-05-05
64552,574,2025-10-10
64553,104,2025-02-22
64554,509,2025-03-11
64555,38,2025-08-09
64556,83,2025-09-16
64557,532,2025-10-22
64558,816,2025-08-16
64559,109,2025-02-16
64560,263,2025-09-04
64561,392,2025-06-06
64562,542,2025-04-08
64563,1,2025-05-04
64564,640,2025-10-23
64565,498,2025-03-06
64566,963,2025-07-24
64567,302,2025-01-31
64568,494,2025-09-22
64569,82,2025-02-24
64570,918,2025-12-09
64571,834,2025-11-18
64572,355,2025-11-09
64573,461,2025-05-08
64574,858,2025-10-13
64575,296,2025-02-19
64576,236,2025-04-16
64577,242,2025-02-18
64578,708,2025-01-20
64579,212,2025-05-14
64580,89,2025-07-29
64581,166,2025-11-11
64582,987,2025-01-13
64583,873,2025-05-29
64584,954,2025-09-18
64585,278,2025-03-15
64586,443,2025-09-26
64587,491,2025-07-28
64588,524,2025-07-25
64589,27,2025-02-15
64590,598,2025-03-03
64591,39,2025-11-17
64592,276,2025-11-16
64593,293,2025-06-15
64594,675,2025-08-06
64595,897,2025-07-17
64596,699,2025-07-07
64597,436,2025-09-17
64598,526,2025-07-27
64599,513,2025-02-15
64600,148,2025-01-31
64601,958,2025-11-07
64602,920,2025-09-28
64603,241,2025-03-14
64604,116,2025-01-23
64605,166,2025-03-22
64606,630,2025-07-31
64607,30,2025-08-02
64608,104,2025-03-03
64609,649,2025-03-06
64610,147,2025-03-17
64611,69,2025-06-11
64612,21,2025-03-27
64613,706,2025-06-16
64614,364,2025-01-06
64615,285,2025-12-08
64616,640,2025-11-22
64617,171,2025-05-04
64618,522,2025-10-21
64619,484,2025-07-15
64620,675,2025-01-12
64621,624,2025-04-14
64622,676,2025-01-21
64623,214,2025-09-16
64624,141,2025-10-13
64625,534,2025-08-14
64626,58,2025-01-03
64627,455,2025-03-28
64628,626,2025-06-21
64629,821,2025-02-22
64630,654,2025-02-09
64631,995,2025-04-22
64632,557,2025-08-04
64633,447,2025-02-02
64634,246,2025-12-31
64635,674,2025-06-17
64636,811,2025-03-04
64637,321,2025-01-08
64638,76,2025-12-16
64639,11,2025-08-06
64640,633,2025-11-12
64641,664,2025-10-11
64642,121,2025-12-26
64643,23,2025-11-21
64644,655,2025-10-07
64645,398,2025-11-07
64646,418,2025-11-09
64647,263,2025-04-04
64648,719,2025-08-06
64649,745,2025-12-26
64650,53,2025-11-13
64651,90,2025-02-08
64652,556,2025-02-10
64653,604,2025-03-15
64654,145,2025-09-28
64655,159,2025-05-24
64656,683,2025-08-18
64657,455,2025-02-21
64658,120,2025-01-22
64659,610,2025-10-09
64660,74,2025-04-17
64661,231,2025-01-16
64662,714,2025-03-20
64663,223,2025-04-28
64664,64,2025-05-28
64665,960,2025-11-24
64666,225,2025-03-14
64667,515,2025-08-09
64668,825,2025-04-11
64669,990,2025-07-01
64670,810,2025-04-19
64671,340,2025-05-06
64672,855,2025-08-07
64673,13,2025-08-04
64674,327,2025-02-19
64675,200,2025-02-27
64676,529,2025-03-30
64677,892,2025-11-25
64678,774,2025-04-26
64679,999,2025-07-30
64680,137,2025-06-13
64681,753,2025-05-10
64682,725,2025-01-14
64683,457,2025-06-11
64684,98,2025-12-31
64685,105,2025-12-10
64686,914,2025-04-20
64687,296,2025-07-14
64688,638,2025-04-15
64689,946,2025-12-03
64690,494,2025-07-22
64691,210,2025-12-02
64692,485,2025-11-08
64693,230,2025-04-30
64694,182,2025-06-16
64695,811,2025-07-27
64696,346,2025-04-01
64697,685,2025-10-31
64698,728,2025-07-26
64699,550,2025-03-17
64700,541,2025-06-26
64701,181,2025-10-27
64702,530,2025-06-04
64703,752,2025-09-17
64704,196,2025-12-26
64705,233,2025-05-03
64706,691,2025-12-30
64707,982,2025-06-01
64708,393,2025-07-25
64709,829,2025-10-10
64710,183,2025-01-25
64711,570,2025-09-14
64712,944,2025-07-26
64713,442,2025-08-28
64714,507,2025-12-14
64715,156,2025-06-27
64716,529,2025-12-04
64717,586,2025-07-27
64718,982,2025-03-20
64719,201,2025-08-27
64720,367,2025-03-11
64721,648,2025-11-25
64722,944,2025-02-25
64723,238,2025-07-02
64724,695,2025-10-27
64725,880,2025-01-04
64726,634,2025-06-28
64727,427,2025-07-04
64728,235,2025-05-04
64729,289,2025-09-03
64730,52,2025-04-29
64731,153,2025-05-17
64732,438,2025-04-11
64733,141,2025-08-16
64734,11,2025-11-19
64735,693,2025-03-06
64736,72,2025-05-30
64737,142,2025-03-24
64738,596,2025-03-31
64739,922,2025-12-21
64740,725,2025-09-17
64741,33,2025-12-11
64742,168,2025-08-20
64743,741,2025-09-01
64744,733,2025-09-19
64745,392,2025-08-27
64746,950,2025-10-28
64747,889,2025-04-30
64748,744,2025-02-06
64749,749,2025-06-28
64750,785,2025-01-01
64751,149,2025-01-18
64752,701,2025-01-19
64753,940,2025-01-29
64754,225,2025-09-15
64755,15,2025-08-07
64756,361,2025-12-08
64757,270,2025-04-16
64758,950,2025-05-01
64759,446,2025-06-28
64760,662,2025-10-13
64761,982,2025-12-06
64762,790,2025-09-24
64763,750,2025-07-05
64764,969,2025-12-23
64765,689,2025-03-08
64766,232,2025-06-21
64767,727,2025-04-01
64768,322,2025-03-02
64769,331,2025-05-25
64770,645,2025-10-07
64771,316,2025-04-27
64772,25,2025-10-26
64773,1000,2025-08-11
64774,572,2025-09-16
64775,671,2025-03-30
64776,809,2025-11-12
64777,635,2025-03-16
64778,611,2025-05-16
64779,792,2025-10-13
64780,296,2025-09-09
64781,829,2025-04-20
64782,725,2025-04-07
64783,183,2025-06-08
64784,147,2025-06-12
64785,880,2025-01-22
64786,895,2025-03-30
64787,994,2025-02-26
64788,101,2025-02-26
64789,896,2025-05-10
64790,864,2025-01-14
64791,768,2025-09-05
64792,498,2025-09-03
64793,509,2025-03-22
64794,429,2025-11-16
64795,30,2025-08-05
64796,501,2025-04-25
64797,238,2025-03-12
64798,201,2025-06-06
64799,56,2025-12-17
64800,458,2025-01-02
64801,48,2025-01-08
64802,850,2025-05-31
64803,890,2025-12-02
64804,801,2025-04-13
64805,301,2025-09-30
64806,164,2025-07-29
64807,505,2025-03-14
64808,674,2025-11-28
64809,21,2025-03-01
64810,857,2025-07-04
64811,439,2025-08-30
64812,820,2025-09-04
64813,78,2025-11-08
64814,426,2025-09-15
64815,459,2025-08-28
64816,49,2025-02-25
64817,708,2025-04-22
64818,932,2025-05-07
64819,541,2025-05-16
64820,396,2025-02-11
64821,637,2025-02-04
64822,361,2025-06-10
64823,360,2025-09-21
64824,760,2025-11-20
64825,591,2025-12-10
64826,264,2025-06-25
64827,408,2025-11-24
64828,835,2025-06-16
64829,529,2025-06-22
64830,77,2025-03-18
64831,858,2025-08-18
64832,741,2025-04-24
64833,267,2025-06-27
64834,966,2025-12-08
64835,952,2025-07-19
64836,996,2025-04-21
64837,378,2025-09-02
64838,924,2025-09-24
64839,807,2025-08-10
64840,871,2025-01-16
64841,548,2025-03-24
64842,279,2025-02-16
64843,227,2025-12-15
64844,967,2025-04-24
64845,503,2025-06-23
64846,928,2025-11-26
64847,555,2025-12-28
64848,535,2025-03-22
64849,74,2025-11-10
64850,403,2025-09-23
64851,557,2025-08-13
64852,110,2025-03-03
64853,163,2025-09-10
64854,591,2025-08-12
64855,249,2025-06-12
64856,701,2025-08-03
64857,461,2025-03-18
64858,404,2025-08-16
64859,118,2025-02-25
64860,407,2025-04-15
64861,543,2025-06-30
64862,574,2025-03-01
64863,271,2025-11-30
64864,28,2025-11-20
64865,935,2025-06-23
64866,958,2025-07-27
64867,905,2025-04-17
64868,290,2025-03-19
64869,603,2025-12-17
64870,141,2025-05-31
64871,906,2025-12-15
64872,6,2025-01-25
64873,471,2025-02-08
64874,857,2025-06-23
64875,726,2025-10-13
64876,864,2025-06-04
64877,497,2025-11-03
64878,96,2025-02-18
64879,8,2025-11-09
64880,153,2025-06-12
64881,58,2025-04-15
64882,448,2025-08-22
64883,51,2025-10-12
64884,186,2025-12-05
64885,420,2025-02-01
64886,736,2025-09-14
64887,675,2025-04-25
64888,59,2025-07-03
64889,904,2025-06-18
64890,550,2025-10-09
64891,349,2025-05-26
64892,383,2025-04-13
64893,849,2025-06-27
64894,465,2025-09-02
64895,246,2025-11-05
64896,425,2025-01-02
64897,69,2025-07-27
64898,154,2025-01-27
64899,315,2025-08-15
64900,221,2025-08-16
64901,350,2025-11-09
64902,65,2025-03-12
64903,611,2025-10-18
64904,116,2025-09-09
64905,217,2025-08-31
64906,978,2025-08-21
64907,6,2025-07-20
64908,280,2025-01-24
64909,501,2025-10-24
64910,308,2025-05-24
64911,321,2025-02-08
64912,128,2025-08-12
64913,424,2025-12-12
64914,756,2025-09-18
64915,588,2025-03-31
64916,925,2025-10-25
64917,700,2025-11-06
64918,790,2025-05-01
64919,432,2025-07-10
64920,613,2025-11-02
64921,579,2025-02-27
64922,814,2025-05-10
64923,502,2025-06-16
64924,405,2025-01-03
64925,71,2025-03-02
64926,860,2025-08-11
64927,436,2025-04-07
64928,799,2025-03-30
64929,679,2025-04-19
64930,2,2025-02-15
64931,652,2025-08-21
64932,488,2025-04-05
64933,240,2025-08-26
64934,265,2025-10-30
64935,638,2025-06-24
64936,87,2025-11-30
64937,607,2025-03-13
64938,847,2025-12-18
64939,87,2025-04-28
64940,8,2025-04-21
64941,61,2025-12-24
64942,731,2025-06-16
64943,848,2025-09-30
64944,989,2025-10-20
64945,29,2025-06-13
64946,483,2025-04-27
64947,49,2025-06-29
64948,372,2025-05-21
64949,308,2025-06-01
64950,606,2025-03-28
64951,909,2025-11-30
64952,805,2025-07-28
64953,64,2025-10-18
64954,241,2025-08-29
64955,275,2025-05-09
64956,251,2025-04-27
64957,354,2025-12-25
64958,608,2025-01-09
64959,740,2025-04-18
64960,940,2025-09-26
64961,703,2025-07-19
64962,299,2025-08-14
64963,185,2025-01-08
64964,377,2025-03-21
64965,800,2025-08-07
64966,994,2025-04-25
64967,393,2025-06-21
64968,177,2025-12-16
64969,5,2025-08-21
64970,77,2025-08-19
64971,637,2025-03-13
64972,590,2025-08-06
64973,644,2025-12-17
64974,25,2025-08-22
64975,437,2025-10-14
64976,181,2025-12-15
64977,337,2025-11-25
64978,623,2025-05-05
64979,276,2025-04-18
64980,660,2025-04-13
64981,290,2025-10-09
64982,511,2025-05-18
64983,460,2025-10-28
64984,384,2025-10-20
64985,127,2025-09-01
64986,577,2025-02-14
64987,991,2025-09-17
64988,644,2025-03-17
64989,746,2025-07-21
64990,804,2025-03-25
64991,39,2025-01-23
64992,793,2025-08-21
64993,243,2025-06-14
64994,665,2025-08-23
64995,984,2025-06-29
64996,895,2025-05-16
64997,415,2025-01-06
64998,839,2025-04-11
64999,619,2025-11-18
65000,134,2025-10-03
65001,240,2025-06-19
65002,957,2025-01-12
65003,916,2025-12-26
65004,892,2025-09-27
65005,385,2025-01-09
65006,321,2025-03-18
65007,807,2025-03-04
65008,21,2025-11-26
65009,898,2025-12-15
65010,604,2025-05-31
65011,633,2025-03-06
65012,439,2025-08-23
65013,980,2025-04-10
65014,750,2025-02-14
65015,54,2025-04-05
65016,525,2025-04-03
65017,860,2025-01-20
65018,77,2025-09-13
65019,737,2025-05-09
65020,245,2025-07-20
65021,507,2025-07-20
65022,883,2025-10-09
65023,493,2025-10-06
65024,38,2025-07-25
65025,21,2025-11-02
65026,737,2025-07-27
65027,931,2025-01-10
65028,292,2025-11-10
65029,936,2025-10-08
65030,453,2025-06-05
65031,59,2025-05-22
65032,532,2025-11-23
65033,974,2025-06-05
65034,251,2025-05-16
65035,961,2025-09-25
65036,652,2025-04-30
65037,397,2025-05-28
65038,694,2025-10-12
65039,401,2025-03-23
65040,86,2025-01-05
65041,871,2025-05-03
65042,374,2025-03-04
65043,566,2025-05-13
65044,745,2025-01-27
65045,83,2025-08-04
65046,722,2025-07-06
65047,366,2025-04-10
65048,545,2025-08-18
65049,458,2025-02-22
65050,778,2025-01-04
65051,188,2025-06-24
65052,108,2025-02-28
65053,411,2025-11-09
65054,119,2025-04-21
65055,243,2025-06-06
65056,658,2025-04-18
65057,819,2025-06-08
65058,694,2025-02-05
65059,318,2025-12-07
65060,815,2025-03-05
65061,407,2025-05-25
65062,182,2025-11-06
65063,757,2025-06-05
65064,517,2025-09-13
65065,371,2025-01-25
65066,661,2025-04-19
65067,725,2025-10-05
65068,224,2025-04-07
65069,118,2025-06-01
65070,517,2025-01-30
65071,52,2025-07-04
65072,639,2025-05-08
65073,440,2025-11-11
65074,215,2025-05-26
65075,599,2025-10-29
65076,376,2025-11-27
65077,389,2025-11-03
65078,217,2025-09-29
65079,677,2025-08-02
65080,903,2025-06-24
65081,619,2025-01-30
65082,237,2025-02-19
65083,834,2025-05-19
65084,121,2025-08-28
65085,290,2025-01-02
65086,36,2025-12-08
65087,849,2025-12-29
65088,45,2025-01-29
65089,547,2025-02-05
65090,192,2025-11-06
65091,213,2025-03-14
65092,609,2025-03-07
65093,804,2025-03-10
65094,18,2025-09-13
65095,159,2025-02-18
65096,287,2025-03-09
65097,944,2025-05-26
65098,59,2025-08-08
65099,179,2025-12-28
65100,404,2025-03-28
65101,326,2025-04-04
65102,49,2025-07-17
65103,541,2025-06-02
65104,608,2025-08-08
65105,177,2025-03-31
65106,689,2025-08-14
65107,57,2025-12-04
65108,732,2025-09-07
65109,260,2025-09-26
65110,225,2025-01-26
65111,197,2025-11-26
65112,869,2025-09-14
65113,503,2025-08-17
65114,691,2025-02-26
65115,204,2025-07-22
65116,57,2025-09-05
65117,39,2025-08-16
65118,441,2025-02-15
65119,327,2025-01-15
65120,768,2025-06-24
65121,789,2025-09-19
65122,311,2025-05-22
65123,434,2025-09-08
65124,382,2025-12-20
65125,676,2025-11-21
65126,630,2025-08-19
65127,652,2025-09-23
65128,56,2025-02-02
65129,338,2025-02-01
65130,967,2025-09-13
65131,342,2025-10-20
65132,175,2025-03-12
65133,200,2025-08-05
65134,27,2025-04-15
65135,781,2025-02-09
65136,6,2025-05-19
65137,597,2025-06-13
65138,400,2025-10-11
65139,95,2025-11-12
65140,885,2025-12-11
65141,742,2025-02-08
65142,820,2025-12-04
65143,937,2025-07-08
65144,913,2025-03-04
65145,701,2025-08-25
65146,534,2025-01-23
65147,697,2025-06-18
65148,449,2025-10-30
65149,182,2025-12-21
65150,386,2025-04-16
65151,467,2025-03-05
65152,47,2025-08-01
65153,848,2025-02-27
65154,910,2025-12-24
65155,420,2025-04-30
65156,497,2025-03-10
65157,841,2025-03-28
65158,456,2025-05-17
65159,689,2025-09-28
65160,516,2025-11-13
65161,272,2025-09-26
65162,795,2025-08-26
65163,193,2025-04-09
65164,225,2025-12-09
65165,692,2025-12-31
65166,710,2025-08-19
65167,955,2025-10-13
65168,711,2025-04-21
65169,25,2025-06-13
65170,850,2025-10-21
65171,414,2025-06-04
65172,9,2025-10-05
65173,580,2025-11-10
65174,171,2025-12-07
65175,416,2025-04-17
65176,472,2025-06-23
65177,75,2025-05-21
65178,851,2025-07-03
65179,511,2025-09-29
65180,966,2025-04-29
65181,465,2025-03-27
65182,595,2025-04-09
65183,813,2025-10-07
65184,213,2025-12-30
65185,909,2025-02-07
65186,185,2025-12-23
65187,996,2025-01-12
65188,640,2025-07-13
65189,519,2025-02-18
65190,211,2025-12-15
65191,570,2025-10-06
65192,554,2025-05-10
65193,984,2025-09-08
65194,835,2025-11-07
65195,483,2025-03-21
65196,390,2025-08-20
65197,388,2025-04-20
65198,379,2025-09-19
65199,14,2025-07-27
65200,37,2025-09-20
65201,752,2025-08-21
65202,255,2025-08-21
65203,412,2025-01-31
65204,699,2025-11-08
65205,608,2025-03-04
65206,361,2025-05-24
65207,753,2025-07-06
65208,159,2025-11-06
65209,473,2025-08-18
65210,106,2025-03-08
65211,532,2025-04-15
65212,96,2025-03-14
65213,942,2025-08-04
65214,660,2025-09-19
65215,246,2025-09-16
65216,613,2025-10-01
65217,350,2025-09-14
65218,519,2025-11-26
65219,168,2025-11-27
65220,501,2025-04-11
65221,107,2025-04-22
65222,154,2025-01-21
65223,585,2025-04-08
65224,501,2025-07-05
65225,294,2025-08-29
65226,60,2025-11-16
65227,424,2025-08-05
65228,926,2025-12-21
65229,709,2025-07-21
65230,59,2025-11-10
65231,938,2025-10-22
65232,424,2025-06-28
65233,576,2025-11-15
65234,1,2025-11-12
65235,311,2025-04-25
65236,787,2025-03-20
65237,331,2025-02-14
65238,167,2025-12-03
65239,91,2025-06-11
65240,925,2025-07-26
65241,813,2025-04-10
65242,44,2025-05-23
65243,926,2025-05-27
65244,821,2025-08-01
65245,360,2025-03-05
65246,657,2025-10-14
65247,258,2025-05-23
65248,250,2025-03-29
65249,715,2025-01-06
65250,203,2025-02-07
65251,356,2025-04-09
65252,358,2025-09-25
65253,151,2025-11-09
65254,829,2025-12-14
65255,674,2025-04-19
65256,862,2025-08-21
65257,524,2025-04-08
65258,176,2025-02-22
65259,280,2025-07-18
65260,354,2025-08-23
65261,942,2025-10-05
65262,238,2025-02-12
65263,694,2025-09-30
65264,123,2025-04-21
65265,956,2025-04-12
65266,647,2025-01-12
65267,431,2025-03-16
65268,346,2025-06-27
65269,355,2025-03-11
65270,226,2025-04-28
65271,600,2025-07-13
65272,866,2025-02-05
65273,242,2025-11-16
65274,749,2025-04-23
65275,567,2025-10-05
65276,774,2025-08-25
65277,770,2025-10-02
65278,40,2025-04-16
65279,22,2025-03-04
65280,916,2025-02-22
65281,156,2025-03-25
65282,575,2025-07-18
65283,754,2025-08-16
65284,504,2025-10-02
65285,7,2025-12-18
65286,11,2025-10-31
65287,670,2025-05-11
65288,898,2025-06-22
65289,344,2025-12-15
65290,544,2025-09-17
65291,934,2025-06-02
65292,826,2025-11-01
65293,541,2025-02-19
65294,656,2025-09-03
65295,962,2025-12-13
65296,797,2025-07-12
65297,416,2025-08-12
65298,693,2025-01-22
65299,329,2025-08-09
65300,921,2025-04-16
65301,94,2025-12-29
65302,226,2025-04-27
65303,347,2025-04-25
65304,203,2025-05-25
65305,596,2025-09-12
65306,713,2025-12-14
65307,891,2025-05-07
65308,502,2025-03-18
65309,622,2025-10-07
65310,600,2025-07-17
65311,4,2025-06-15
65312,709,2025-12-28
65313,24,2025-06-30
65314,548,2025-08-14
65315,1000,2025-12-25
65316,788,2025-03-18
65317,507,2025-11-26
65318,319,2025-12-17
65319,838,2025-06-21
65320,859,2025-05-03
65321,369,2025-03-01
65322,108,2025-01-18
65323,583,2025-12-26
65324,635,2025-06-07
65325,935,2025-09-01
65326,891,2025-03-29
65327,230,2025-04-29
65328,253,2025-10-26
65329,997,2025-08-28
65330,327,2025-03-22
65331,459,2025-01-02
65332,306,2025-10-27
65333,394,2025-01-30
65334,565,2025-01-14
65335,293,2025-04-20
65336,413,2025-12-06
65337,353,2025-08-24
65338,108,2025-01-16
65339,787,2025-12-01
65340,892,2025-12-09
65341,493,2025-09-12
65342,205,2025-01-27
65343,644,2025-01-06
65344,535,2025-11-15
65345,552,2025-10-28
65346,595,2025-10-31
65347,718,2025-06-27
65348,41,2025-08-05
65349,100,2025-03-05
65350,96,2025-01-14
65351,155,2025-03-22
65352,972,2025-08-15
65353,731,2025-05-27
65354,665,2025-08-14
65355,699,2025-06-10
65356,34,2025-07-23
65357,214,2025-12-14
65358,795,2025-08-19
65359,463,2025-12-15
65360,509,2025-12-20
65361,751,2025-08-14
65362,76,2025-12-30
65363,799,2025-04-01
65364,681,2025-07-09
65365,404,2025-01-28
65366,500,2025-02-03
65367,75,2025-02-18
65368,205,2025-02-18
65369,247,2025-05-30
65370,878,2025-09-20
65371,113,2025-12-26
65372,292,2025-12-25
65373,132,2025-03-07
65374,285,2025-06-09
65375,11,2025-06-07
65376,273,2025-02-05
65377,724,2025-01-15
65378,768,2025-05-09
65379,380,2025-11-09
65380,707,2025-05-21
65381,619,2025-05-20
65382,904,2025-12-30
65383,805,2025-05-18
65384,230,2025-09-08
65385,589,2025-12-25
65386,787,2025-02-13
65387,306,2025-07-06
65388,574,2025-05-04
65389,401,2025-02-13
65390,309,2025-01-18
65391,200,2025-08-25
65392,36,2025-08-27
65393,750,2025-07-25
65394,819,2025-09-03
65395,652,2025-09-20
65396,242,2025-01-21
65397,19,2025-01-13
65398,632,2025-05-03
65399,200,2025-07-27
65400,549,2025-11-26
65401,971,2025-12-24
65402,5,2025-10-29
65403,578,2025-04-17
65404,995,2025-07-29
65405,335,2025-02-12
65406,815,2025-06-26
65407,829,2025-02-06
65408,487,2025-12-29
65409,307,2025-06-14
65410,681,2025-09-21
65411,620,2025-02-07
65412,477,2025-12-14
65413,193,2025-07-11
65414,745,2025-01-27
65415,212,2025-05-15
65416,135,2025-03-19
65417,68,2025-01-26
65418,447,2025-01-12
65419,121,2025-09-18
65420,336,2025-11-13
65421,242,2025-08-29
65422,460,2025-09-11
65423,778,2025-01-14
65424,451,2025-03-06
65425,558,2025-01-13
65426,144,2025-12-22
65427,114,2025-09-27
65428,977,2025-12-15
65429,620,2025-11-27
65430,16,2025-03-23
65431,566,2025-07-06
65432,11,2025-08-25
65433,78,2025-09-28
65434,374,2025-09-01
65435,657,2025-06-15
65436,621,2025-01-02
65437,791,2025-12-09
65438,180,2025-09-09
65439,192,2025-11-02
65440,534,2025-03-22
65441,869,2025-02-08
65442,723,2025-11-25
65443,670,2025-10-22
65444,95,2025-11-03
65445,879,2025-06-10
65446,985,2025-11-27
65447,583,2025-03-23
65448,337,2025-10-04
65449,663,2025-06-30
65450,643,2025-03-02
65451,930,2025-09-19
65452,111,2025-05-12
65453,516,2025-02-27
65454,710,2025-09-16
65455,350,2025-10-09
65456,841,2025-04-29
65457,65,2025-12-19
65458,106,2025-09-17
65459,791,2025-01-09
65460,126,2025-05-03
65461,419,2025-12-22
65462,282,2025-03-06
65463,689,2025-12-15
65464,12,2025-07-09
65465,357,2025-09-04
65466,987,2025-09-08
65467,369,2025-07-06
65468,599,2025-07-08
65469,989,2025-07-27
65470,608,2025-08-23
65471,755,2025-09-27
65472,959,2025-06-09
65473,618,2025-06-09
65474,833,2025-10-12
65475,509,2025-10-04
65476,815,2025-08-26
65477,642,2025-06-18
65478,340,2025-07-29
65479,559,2025-07-28
65480,335,2025-06-08
65481,398,2025-03-07
65482,292,2025-07-15
65483,492,2025-06-11
65484,347,2025-01-19
65485,627,2025-12-15
65486,370,2025-09-01
65487,492,2025-02-11
65488,141,2025-03-16
65489,387,2025-07-28
65490,356,2025-11-10
65491,962,2025-06-27
65492,447,2025-10-24
65493,22,2025-02-16
65494,310,2025-07-12
65495,730,2025-10-29
65496,166,2025-11-06
65497,163,2025-03-29
65498,374,2025-09-02
65499,357,2025-01-15
65500,481,2025-02-21
65501,35,2025-11-25
65502,721,2025-09-28
65503,214,2025-03-17
65504,712,2025-12-30
65505,565,2025-12-29
65506,203,2025-01-15
65507,470,2025-01-10
65508,37,2025-03-31
65509,702,2025-10-17
65510,304,2025-08-07
65511,384,2025-07-07
65512,158,2025-06-01
65513,365,2025-06-25
65514,396,2025-08-21
65515,225,2025-01-24
65516,980,2025-08-03
65517,280,2025-03-22
65518,182,2025-10-15
65519,549,2025-03-13
65520,319,2025-01-26
65521,454,2025-06-08
65522,726,2025-06-10
65523,79,2025-07-09
65524,510,2025-11-10
65525,22,2025-09-13
65526,44,2025-05-13
65527,93,2025-09-23
65528,162,2025-07-03
65529,350,2025-03-23
65530,936,2025-01-08
65531,907,2025-01-02
65532,104,2025-03-23
65533,992,2025-10-26
65534,636,2025-06-19
65535,554,2025-06-14
65536,793,2025-05-26
65537,485,2025-04-04
65538,266,2025-09-18
65539,530,2025-01-05
65540,726,2025-08-12
65541,683,2025-12-08
65542,170,2025-11-18
65543,939,2025-05-15
65544,285,2025-11-08
65545,820,2025-03-28
65546,312,2025-03-30
65547,64,2025-05-06
65548,997,2025-01-07
65549,589,2025-04-07
65550,215,2025-11-08
65551,1,2025-10-06
65552,130,2025-05-01
65553,170,2025-04-25
65554,926,2025-05-07
65555,178,2025-02-13
65556,162,2025-02-27
65557,838,2025-12-29
65558,880,2025-09-10
65559,209,2025-09-05
65560,651,2025-04-13
65561,535,2025-11-09
65562,577,2025-03-06
65563,312,2025-12-20
65564,752,2025-07-03
65565,881,2025-05-01
65566,726,2025-10-01
65567,904,2025-06-02
65568,111,2025-04-09
65569,658,2025-09-07
65570,1000,2025-09-21
65571,536,2025-08-09
65572,942,2025-06-18
65573,349,2025-05-01
65574,897,2025-05-28
65575,939,2025-11-16
65576,623,2025-05-12
65577,705,2025-12-20
65578,523,2025-02-23
65579,317,2025-03-01
65580,537,2025-05-02
65581,963,2025-01-02
65582,15,2025-11-17
65583,206,2025-05-05
65584,500,2025-02-07
65585,340,2025-08-14
65586,624,2025-12-16
65587,361,2025-12-29
65588,659,2025-02-09
65589,107,2025-10-17
65590,333,2025-05-13
65591,693,2025-11-02
65592,472,2025-08-10
65593,714,2025-09-25
65594,637,2025-11-02
65595,329,2025-11-23
65596,429,2025-02-22
65597,965,2025-09-22
65598,963,2025-02-21
65599,36,2025-12-11
65600,706,2025-08-18
65601,491,2025-03-12
65602,2,2025-04-17
65603,635,2025-11-23
65604,24,2025-08-24
65605,319,2025-03-25
65606,691,2025-10-27
65607,813,2025-09-20
65608,413,2025-01-29
65609,809,2025-04-14
65610,840,2025-11-05
65611,448,2025-05-09
65612,174,2025-01-14
65613,660,2025-08-09
65614,14,2025-11-25
65615,894,2025-07-23
65616,389,2025-12-23
65617,761,2025-02-11
65618,737,2025-09-01
65619,473,2025-08-26
65620,972,2025-12-26
65621,797,2025-07-10
65622,884,2025-10-28
65623,94,2025-02-23
65624,485,2025-01-17
65625,952,2025-09-19
65626,813,2025-01-02
65627,455,2025-11-16
65628,71,2025-01-08
65629,283,2025-09-09
65630,573,2025-06-14
65631,642,2025-08-24
65632,925,2025-08-16
65633,93,2025-06-12
65634,397,2025-06-25
65635,273,2025-07-03
65636,961,2025-09-05
65637,167,2025-09-17
65638,221,2025-06-14
65639,298,2025-05-09
65640,106,2025-01-16
65641,644,2025-10-12
65642,525,2025-03-24
65643,558,2025-06-08
65644,908,2025-12-29
65645,434,2025-10-14
65646,312,2025-05-07
65647,376,2025-06-23
65648,801,2025-04-29
65649,529,2025-08-17
65650,170,2025-02-25
65651,690,2025-12-14
65652,746,2025-12-27
65653,250,2025-04-19
65654,558,2025-03-26
65655,564,2025-07-16
65656,176,2025-08-25
65657,10,2025-08-23
65658,719,2025-01-16
65659,616,2025-09-17
65660,714,2025-01-25
65661,378,2025-05-05
65662,516,2025-09-19
65663,982,2025-11-20
65664,226,2025-08-20
65665,653,2025-02-28
65666,133,2025-09-06
65667,66,2025-01-14
65668,958,2025-03-26
65669,130,2025-02-15
65670,656,2025-12-26
65671,515,2025-05-15
65672,810,2025-07-23
65673,547,2025-10-16
65674,697,2025-12-20
65675,895,2025-12-30
65676,830,2025-03-01
65677,722,2025-05-24
65678,163,2025-05-28
65679,170,2025-10-18
65680,497,2025-05-03
65681,659,2025-03-26
65682,668,2025-10-03
65683,787,2025-06-30
65684,104,2025-09-30
65685,174,2025-05-19
65686,150,2025-06-27
65687,542,2025-01-04
65688,634,2025-01-06
65689,116,2025-01-01
65690,869,2025-03-05
65691,304,2025-05-07
65692,661,2025-01-19
65693,752,2025-02-28
65694,37,2025-11-06
65695,865,2025-11-08
65696,971,2025-04-16
65697,959,2025-12-12
65698,140,2025-02-13
65699,393,2025-01-12
65700,233,2025-05-10
65701,451,2025-04-07
65702,975,2025-01-29
65703,764,2025-11-06
65704,772,2025-12-24
65705,422,2025-04-09
65706,937,2025-04-25
65707,921,2025-09-20
65708,807,2025-12-07
65709,815,2025-04-15
65710,652,2025-09-07
65711,96,2025-01-09
65712,285,2025-07-26
65713,769,2025-12-27
65714,327,2025-06-23
65715,173,2025-08-23
65716,948,2025-09-08
65717,489,2025-08-19
65718,861,2025-09-08
65719,285,2025-11-20
65720,360,2025-01-04
65721,344,2025-11-19
65722,374,2025-11-28
65723,438,2025-11-26
65724,298,2025-05-15
65725,815,2025-08-01
65726,327,2025-05-09
65727,442,2025-11-03
65728,861,2025-05-29
65729,438,2025-04-25
65730,11,2025-09-08
65731,1,2025-01-19
65732,437,2025-05-18
65733,649,2025-03-17
65734,943,2025-05-17
65735,131,2025-06-13
65736,543,2025-01-24
65737,289,2025-11-12
65738,451,2025-06-02
65739,443,2025-05-11
65740,313,2025-02-24
65741,19,2025-12-30
65742,74,2025-11-09
65743,523,2025-06-25
65744,225,2025-05-03
65745,328,2025-06-20
65746,91,2025-12-17
65747,50,2025-03-22
65748,127,2025-09-07
65749,378,2025-11-26
65750,164,2025-10-03
65751,232,2025-11-14
65752,303,2025-12-12
65753,292,2025-01-22
65754,12,2025-03-29
65755,118,2025-02-22
65756,951,2025-07-27
65757,668,2025-05-29
65758,124,2025-01-15
65759,284,2025-07-23
65760,384,2025-02-06
65761,906,2025-05-29
65762,880,2025-05-14
65763,771,2025-11-23
65764,107,2025-09-07
65765,491,2025-08-16
65766,484,2025-10-31
65767,638,2025-03-07
65768,845,2025-04-04
65769,321,2025-10-02
65770,557,2025-10-01
65771,264,2025-01-08
65772,211,2025-03-23
65773,314,2025-03-24
65774,736,2025-01-03
65775,438,2025-08-30
65776,682,2025-01-20
65777,692,2025-11-04
65778,363,2025-08-02
65779,956,2025-10-06
65780,47,2025-07-01
65781,897,2025-12-21
65782,8,2025-04-09
65783,383,2025-07-23
65784,826,2025-01-03
65785,685,2025-11-01
65786,322,2025-07-27
65787,886,2025-03-06
65788,138,2025-10-26
65789,671,2025-12-28
65790,519,2025-01-26
65791,208,2025-11-05
65792,921,2025-09-26
65793,766,2025-05-10
65794,9,2025-08-20
65795,87,2025-10-14
65796,57,2025-06-24
65797,416,2025-09-01
65798,418,2025-01-18
65799,724,2025-12-04
65800,676,2025-12-04
65801,16,2025-03-18
65802,477,2025-06-24
65803,785,2025-03-29
65804,898,2025-05-26
65805,293,2025-04-11
65806,45,2025-11-11
65807,153,2025-09-11
65808,341,2025-11-05
65809,444,2025-10-17
65810,352,2025-09-23
65811,91,2025-03-02
65812,341,2025-10-30
65813,290,2025-10-13
65814,488,2025-02-15
65815,80,2025-02-02
65816,791,2025-10-05
65817,418,2025-05-23
65818,318,2025-04-30
65819,907,2025-05-25
65820,745,2025-11-13
65821,137,2025-05-13
65822,147,2025-05-16
65823,3,2025-05-26
65824,561,2025-01-20
65825,355,2025-01-14
65826,376,2025-06-01
65827,510,2025-01-07
65828,540,2025-10-04
65829,1,2025-06-04
65830,108,2025-07-02
65831,790,2025-05-03
65832,954,2025-10-06
65833,838,2025-06-06
65834,907,2025-01-13
65835,464,2025-06-28
65836,827,2025-03-06
65837,883,2025-08-06
65838,893,2025-07-25
65839,150,2025-06-23
65840,147,2025-05-21
65841,403,2025-08-06
65842,504,2025-09-06
65843,959,2025-11-17
65844,318,2025-12-18
65845,832,2025-01-31
65846,888,2025-08-29
65847,966,2025-01-31
65848,190,2025-06-02
65849,242,2025-09-28
65850,220,2025-07-17
65851,736,2025-10-22
65852,687,2025-11-30
65853,408,2025-12-22
65854,89,2025-09-03
65855,521,2025-09-03
65856,733,2025-10-21
65857,475,2025-03-27
65858,269,2025-04-21
65859,593,2025-05-05
65860,661,2025-09-29
65861,592,2025-05-09
65862,874,2025-02-20
65863,314,2025-10-19
65864,610,2025-10-01
65865,856,2025-08-05
65866,213,2025-11-18
65867,282,2025-10-17
65868,50,2025-11-25
65869,375,2025-04-05
65870,45,2025-02-12
65871,747,2025-05-05
65872,89,2025-10-30
65873,693,2025-12-04
65874,580,2025-02-10
65875,988,2025-11-09
65876,349,2025-06-24
65877,345,2025-10-26
65878,244,2025-09-07
65879,538,2025-01-22
65880,220,2025-06-26
65881,114,2025-02-02
65882,949,2025-05-05
65883,680,2025-10-04
65884,119,2025-09-07
65885,619,2025-09-15
65886,305,2025-08-30
65887,181,2025-01-06
65888,472,2025-08-01
65889,788,2025-06-27
65890,1,2025-07-12
65891,356,2025-03-19
65892,921,2025-09-15
65893,395,2025-08-10
65894,100,2025-05-28
65895,429,2025-01-21
65896,683,2025-01-26
65897,997,2025-05-12
65898,629,2025-07-16
65899,51,2025-12-30
65900,810,2025-09-22
65901,781,2025-06-27
65902,652,2025-04-20
65903,897,2025-03-03
65904,770,2025-02-21
65905,233,2025-01-27
65906,422,2025-11-29
65907,508,2025-01-06
65908,489,2025-11-12
65909,639,2025-08-01
65910,702,2025-08-14
65911,104,2025-12-16
65912,569,2025-10-15
65913,39,2025-02-23
65914,512,2025-12-20
65915,423,2025-03-06
65916,206,2025-07-27
65917,991,2025-08-22
65918,259,2025-03-31
65919,57,2025-08-19
65920,359,2025-08-22
65921,758,2025-12-24
65922,10,2025-11-30
65923,493,2025-05-26
65924,418,2025-09-09
65925,866,2025-10-27
65926,3,2025-01-10
65927,18,2025-09-07
65928,566,2025-12-01
65929,180,2025-02-13
65930,705,2025-10-03
65931,279,2025-01-23
65932,563,2025-05-27
65933,38,2025-10-27
65934,694,2025-12-27
65935,519,2025-09-23
65936,1,2025-09-21
65937,266,2025-04-05
65938,60,2025-10-29
65939,45,2025-08-29
65940,699,2025-12-11
65941,428,2025-08-09
65942,803,2025-01-15
65943,258,2025-07-06
65944,718,2025-10-10
65945,616,2025-10-15
65946,664,2025-05-22
65947,829,2025-03-04
65948,708,2025-11-14
65949,746,2025-10-28
65950,740,2025-11-17
65951,448,2025-09-02
65952,725,2025-10-30
65953,843,2025-05-28
65954,739,2025-10-12
65955,608,2025-06-28
65956,75,2025-10-17
65957,437,2025-02-23
65958,64,2025-04-19
65959,104,2025-03-20
65960,362,2025-05-29
65961,465,2025-10-25
65962,528,2025-02-11
65963,901,2025-09-24
65964,763,2025-10-31
65965,423,2025-09-02
65966,335,2025-08-24
65967,713,2025-02-20
65968,276,2025-08-12
65969,884,2025-03-24
65970,782,2025-03-31
65971,683,2025-11-11
65972,250,2025-08-13
65973,622,2025-12-29
65974,821,2025-06-15
65975,72,2025-05-11
65976,178,2025-12-30
65977,516,2025-08-16
65978,360,2025-11-12
65979,710,2025-01-17
65980,402,2025-07-11
65981,997,2025-10-26
65982,300,2025-10-23
65983,361,2025-09-18
65984,4,2025-03-02
65985,248,2025-07-19
65986,236,2025-02-07
65987,763,2025-10-20
65988,338,2025-08-19
65989,204,2025-03-12
65990,314,2025-09-23
65991,563,2025-09-20
65992,786,2025-01-20
65993,979,2025-02-02
65994,48,2025-03-15
65995,841,2025-01-26
65996,389,2025-07-16
65997,809,2025-11-18
65998,38,2025-01-23
65999,627,2025-08-13
66000,931,2025-06-04
66001,40,2025-11-02
66002,791,2025-06-25
66003,115,2025-09-02
66004,983,2025-12-03
66005,745,2025-02-19
66006,911,2025-04-26
66007,898,2025-04-09
66008,316,2025-03-03
66009,416,2025-08-25
66010,692,2025-01-03
66011,175,2025-05-21
66012,307,2025-02-14
66013,100,2025-08-13
66014,889,2025-10-02
66015,248,2025-06-20
66016,411,2025-06-12
66017,453,2025-06-14
66018,376,2025-03-14
66019,778,2025-05-18
66020,915,2025-12-07
66021,573,2025-01-16
66022,837,2025-10-15
66023,111,2025-03-02
66024,967,2025-02-11
66025,116,2025-04-15
66026,67,2025-04-09
66027,23,2025-04-26
66028,244,2025-11-07
66029,838,2025-11-27
66030,301,2025-09-10
66031,791,2025-02-23
66032,425,2025-12-12
66033,104,2025-11-06
66034,474,2025-01-28
66035,233,2025-05-22
66036,292,2025-10-11
66037,518,2025-02-02
66038,791,2025-01-28
66039,587,2025-08-10
66040,224,2025-05-03
66041,718,2025-06-11
66042,697,2025-10-01
66043,238,2025-07-18
66044,852,2025-09-17
66045,844,2025-02-16
66046,604,2025-01-01
66047,297,2025-04-02
66048,355,2025-03-15
66049,440,2025-04-29
66050,188,2025-10-12
66051,306,2025-02-25
66052,135,2025-02-16
66053,155,2025-03-15
66054,745,2025-04-30
66055,129,2025-03-14
66056,470,2025-03-09
66057,430,2025-07-31
66058,47,2025-02-10
66059,832,2025-02-26
66060,984,2025-11-02
66061,639,2025-01-07
66062,672,2025-01-23
66063,233,2025-01-26
66064,845,2025-07-15
66065,785,2025-09-11
66066,439,2025-09-10
66067,706,2025-09-09
66068,956,2025-01-22
66069,603,2025-05-06
66070,200,2025-08-20
66071,331,2025-09-06
66072,186,2025-05-02
66073,332,2025-11-06
66074,891,2025-11-01
66075,190,2025-10-07
66076,892,2025-10-19
66077,286,2025-12-22
66078,500,2025-10-17
66079,529,2025-08-02
66080,126,2025-05-26
66081,185,2025-05-13
66082,306,2025-10-28
66083,60,2025-04-19
66084,755,2025-08-18
66085,547,2025-07-03
66086,846,2025-05-19
66087,864,2025-06-14
66088,348,2025-01-30
66089,818,2025-09-16
66090,62,2025-01-25
66091,430,2025-01-27
66092,666,2025-04-02
66093,467,2025-07-13
66094,740,2025-04-20
66095,859,2025-11-18
66096,425,2025-12-05
66097,275,2025-05-24
66098,584,2025-12-31
66099,869,2025-02-02
66100,988,2025-02-22
66101,816,2025-05-07
66102,245,2025-12-11
66103,206,2025-07-03
66104,573,2025-09-15
66105,403,2025-08-27
66106,611,2025-07-01
66107,924,2025-12-07
66108,550,2025-12-15
66109,356,2025-06-13
66110,870,2025-09-18
66111,440,2025-08-16
66112,606,2025-08-05
66113,136,2025-02-07
66114,508,2025-03-18
66115,427,2025-12-28
66116,124,2025-03-31
66117,212,2025-08-26
66118,704,2025-11-29
66119,181,2025-08-08
66120,133,2025-03-20
66121,58,2025-11-10
66122,27,2025-01-12
66123,435,2025-09-21
66124,489,2025-04-08
66125,625,2025-08-22
66126,573,2025-06-25
66127,537,2025-07-27
66128,1000,2025-05-20
66129,250,2025-07-13
66130,713,2025-12-08
66131,80,2025-10-29
66132,849,2025-06-02
66133,363,2025-12-10
66134,347,2025-11-21
66135,136,2025-08-17
66136,509,2025-08-06
66137,400,2025-01-14
66138,975,2025-07-11
66139,179,2025-03-19
66140,418,2025-02-28
66141,901,2025-11-10
66142,808,2025-04-09
66143,765,2025-08-13
66144,526,2025-11-13
66145,874,2025-08-07
66146,224,2025-10-12
66147,810,2025-10-10
66148,581,2025-06-13
66149,350,2025-12-03
66150,219,2025-11-28
66151,522,2025-05-04
66152,4,2025-10-27
66153,715,2025-03-08
66154,236,2025-02-10
66155,390,2025-07-13
66156,194,2025-08-10
66157,466,2025-08-01
66158,371,2025-10-19
66159,188,2025-05-23
66160,889,2025-10-23
66161,760,2025-11-26
66162,388,2025-02-03
66163,58,2025-06-13
66164,846,2025-03-23
66165,697,2025-08-28
66166,556,2025-05-31
66167,605,2025-04-13
66168,8,2025-04-02
66169,474,2025-05-10
66170,189,2025-02-09
66171,652,2025-02-08
66172,932,2025-08-18
66173,531,2025-12-11
66174,605,2025-07-05
66175,668,2025-12-05
66176,930,2025-02-26
66177,39,2025-12-22
66178,311,2025-08-03
66179,269,2025-09-29
66180,717,2025-01-23
66181,448,2025-08-09
66182,773,2025-05-20
66183,473,2025-11-24
66184,976,2025-10-17
66185,767,2025-11-12
66186,19,2025-11-21
66187,989,2025-09-21
66188,953,2025-03-31
66189,44,2025-04-14
66190,392,2025-11-10
66191,971,2025-08-08
66192,838,2025-11-22
66193,469,2025-10-18
66194,545,2025-08-10
66195,30,2025-02-25
66196,565,2025-12-25
66197,667,2025-03-30
66198,360,2025-03-31
66199,307,2025-02-23
66200,829,2025-01-26
66201,449,2025-05-17
66202,265,2025-11-04
66203,375,2025-11-13
66204,493,2025-06-29
66205,260,2025-04-25
66206,561,2025-05-07
66207,862,2025-12-02
66208,743,2025-01-21
66209,232,2025-01-21
66210,472,2025-01-24
66211,544,2025-11-21
66212,681,2025-02-03
66213,757,2025-12-10
66214,486,2025-03-09
66215,316,2025-07-20
66216,660,2025-12-21
66217,126,2025-02-12
66218,675,2025-04-13
66219,897,2025-09-23
66220,710,2025-10-26
66221,434,2025-11-28
66222,824,2025-01-08
66223,533,2025-10-11
66224,541,2025-04-28
66225,853,2025-07-23
66226,194,2025-11-27
66227,780,2025-11-26
66228,680,2025-03-09
66229,530,2025-06-21
66230,78,2025-04-14
66231,766,2025-08-13
66232,219,2025-10-29
66233,896,2025-04-27
66234,793,2025-02-14
66235,364,2025-01-24
66236,436,2025-01-20
66237,26,2025-05-14
66238,499,2025-12-19
66239,58,2025-04-02
66240,988,2025-05-28
66241,641,2025-09-04
66242,236,2025-08-29
66243,804,2025-04-09
66244,20,2025-02-16
66245,550,2025-02-27
66246,112,2025-03-22
66247,55,2025-02-01
66248,245,2025-06-17
66249,295,2025-08-24
66250,726,2025-09-04
66251,891,2025-11-28
66252,776,2025-04-18
66253,740,2025-08-27
66254,566,2025-11-19
66255,372,2025-01-11
66256,256,2025-10-13
66257,946,2025-02-02
66258,522,2025-07-21
66259,565,2025-10-31
66260,15,2025-06-17
66261,458,2025-07-24
66262,682,2025-08-15
66263,496,2025-07-30
66264,615,2025-09-25
66265,810,2025-11-10
66266,22,2025-02-19
66267,905,2025-06-01
66268,818,2025-11-08
66269,420,2025-05-20
66270,764,2025-06-28
66271,67,2025-09-28
66272,309,2025-12-08
66273,108,2025-04-02
66274,636,2025-12-15
66275,857,2025-09-17
66276,602,2025-01-12
66277,712,2025-11-11
66278,144,2025-05-21
66279,935,2025-04-14
66280,194,2025-07-12
66281,527,2025-07-30
66282,684,2025-07-16
66283,857,2025-01-21
66284,934,2025-10-28
66285,599,2025-05-05
66286,577,2025-02-21
66287,418,2025-07-26
66288,568,2025-08-16
66289,675,2025-02-07
66290,647,2025-12-11
66291,593,2025-08-08
66292,441,2025-12-30
66293,196,2025-09-02
66294,55,2025-01-04
66295,421,2025-03-18
66296,397,2025-12-21
66297,609,2025-07-24
66298,901,2025-02-14
66299,702,2025-01-28
66300,805,2025-07-15
66301,579,2025-08-05
66302,928,2025-03-31
66303,940,2025-03-13
66304,153,2025-08-10
66305,640,2025-06-08
66306,506,2025-01-14
66307,973,2025-01-22
66308,585,2025-03-28
66309,16,2025-07-25
66310,210,2025-04-20
66311,130,2025-01-06
66312,201,2025-12-01
66313,96,2025-09-11
66314,783,2025-08-02
66315,495,2025-03-31
66316,672,2025-09-16
66317,1000,2025-12-12
66318,648,2025-09-04
66319,480,2025-04-18
66320,267,2025-05-24
66321,755,2025-12-06
66322,507,2025-01-06
66323,757,2025-03-22
66324,24,2025-02-09
66325,164,2025-08-23
66326,130,2025-06-17
66327,682,2025-02-18
66328,519,2025-12-10
66329,317,2025-07-21
66330,310,2025-04-01
66331,607,2025-12-12
66332,966,2025-09-12
66333,996,2025-02-17
66334,472,2025-10-29
66335,671,2025-01-22
66336,84,2025-11-27
66337,946,2025-05-24
66338,18,2025-04-18
66339,343,2025-01-20
66340,726,2025-12-06
66341,970,2025-07-24
66342,172,2025-08-10
66343,662,2025-11-07
66344,188,2025-07-05
66345,51,2025-04-16
66346,424,2025-10-12
66347,577,2025-07-13
66348,265,2025-03-29
66349,974,2025-11-05
66350,617,2025-10-24
66351,439,2025-04-01
66352,486,2025-08-26
66353,465,2025-12-03
66354,112,2025-10-19
66355,607,2025-03-14
66356,785,2025-11-09
66357,422,2025-01-21
66358,426,2025-08-14
66359,911,2025-07-06
66360,611,2025-01-14
66361,298,2025-09-22
66362,4,2025-04-19
66363,824,2025-11-08
66364,627,2025-11-17
66365,627,2025-08-04
66366,283,2025-08-17
66367,187,2025-01-20
66368,495,2025-11-21
66369,758,2025-09-06
66370,298,2025-05-21
66371,528,2025-02-01
66372,997,2025-07-04
66373,220,2025-11-25
66374,231,2025-11-11
66375,236,2025-02-06
66376,913,2025-10-06
66377,529,2025-01-30
66378,918,2025-05-18
66379,948,2025-06-13
66380,422,2025-01-09
66381,55,2025-02-20
66382,305,2025-11-18
66383,544,2025-08-18
66384,382,2025-10-15
66385,3,2025-07-28
66386,990,2025-06-13
66387,304,2025-01-07
66388,619,2025-07-19
66389,947,2025-10-09
66390,545,2025-03-16
66391,695,2025-06-29
66392,36,2025-05-31
66393,697,2025-11-14
66394,848,2025-03-01
66395,919,2025-02-08
66396,84,2025-03-18
66397,229,2025-02-27
66398,47,2025-11-05
66399,918,2025-04-06
66400,275,2025-05-13
66401,532,2025-04-04
66402,476,2025-10-25
66403,689,2025-08-31
66404,896,2025-06-22
66405,324,2025-10-19
66406,791,2025-01-26
66407,291,2025-09-05
66408,198,2025-05-12
66409,107,2025-05-19
66410,373,2025-02-27
66411,561,2025-02-05
66412,781,2025-09-11
66413,849,2025-11-07
66414,528,2025-11-29
66415,409,2025-03-30
66416,175,2025-10-06
66417,915,2025-02-10
66418,397,2025-10-12
66419,765,2025-07-26
66420,626,2025-11-11
66421,932,2025-01-25
66422,974,2025-10-11
66423,707,2025-06-20
66424,662,2025-07-27
66425,138,2025-07-16
66426,17,2025-09-18
66427,547,2025-08-07
66428,706,2025-06-01
66429,747,2025-06-08
66430,251,2025-01-26
66431,504,2025-09-22
66432,863,2025-09-15
66433,96,2025-07-26
66434,384,2025-09-21
66435,945,2025-04-09
66436,200,2025-03-23
66437,317,2025-12-04
66438,468,2025-12-15
66439,689,2025-11-08
66440,256,2025-01-20
66441,793,2025-07-20
66442,236,2025-09-26
66443,369,2025-01-14
66444,574,2025-12-20
66445,13,2025-10-15
66446,768,2025-04-23
66447,669,2025-07-04
66448,835,2025-11-30
66449,275,2025-11-08
66450,398,2025-10-29
66451,899,2025-12-26
66452,67,2025-09-29
66453,492,2025-12-08
66454,484,2025-12-15
66455,448,2025-01-08
66456,434,2025-08-27
66457,748,2025-05-02
66458,197,2025-06-30
66459,892,2025-03-03
66460,897,2025-09-04
66461,180,2025-11-01
66462,975,2025-05-31
66463,263,2025-09-12
66464,52,2025-04-29
66465,399,2025-10-01
66466,796,2025-01-31
66467,845,2025-11-18
66468,646,2025-05-18
66469,812,2025-07-04
66470,262,2025-10-21
66471,879,2025-01-11
66472,636,2025-12-12
66473,134,2025-08-13
66474,129,2025-12-22
66475,268,2025-07-21
66476,70,2025-03-17
66477,283,2025-08-01
66478,994,2025-07-28
66479,241,2025-12-03
66480,637,2025-07-30
66481,978,2025-05-29
66482,254,2025-03-06
66483,697,2025-04-29
66484,451,2025-08-01
66485,286,2025-05-15
66486,951,2025-05-13
66487,657,2025-01-06
66488,439,2025-12-10
66489,813,2025-11-02
66490,901,2025-04-04
66491,782,2025-02-20
66492,869,2025-11-01
66493,323,2025-11-02
66494,345,2025-11-24
66495,233,2025-07-19
66496,697,2025-09-26
66497,804,2025-09-24
66498,661,2025-03-20
66499,600,2025-07-11
66500,772,2025-04-06
66501,182,2025-10-03
66502,366,2025-12-21
66503,708,2025-01-28
66504,53,2025-01-28
66505,911,2025-04-07
66506,172,2025-02-12
66507,787,2025-01-04
66508,617,2025-12-24
66509,848,2025-08-01
66510,776,2025-10-11
66511,516,2025-07-26
66512,757,2025-09-30
66513,347,2025-09-08
66514,584,2025-02-28
66515,916,2025-02-24
66516,85,2025-06-28
66517,356,2025-05-16
66518,18,2025-11-03
66519,535,2025-04-22
66520,783,2025-05-01
66521,39,2025-07-13
66522,550,2025-03-12
66523,416,2025-11-10
66524,783,2025-01-04
66525,221,2025-11-06
66526,163,2025-08-16
66527,95,2025-11-21
66528,408,2025-04-18
66529,488,2025-11-25
66530,920,2025-11-12
66531,466,2025-06-16
66532,172,2025-04-14
66533,700,2025-03-13
66534,62,2025-02-25
66535,346,2025-08-01
66536,654,2025-12-17
66537,254,2025-07-26
66538,595,2025-12-19
66539,454,2025-10-03
66540,953,2025-09-08
66541,288,2025-09-22
66542,907,2025-12-05
66543,626,2025-11-10
66544,750,2025-03-01
66545,169,2025-08-02
66546,20,2025-06-18
66547,731,2025-11-17
66548,481,2025-03-16
66549,309,2025-10-27
66550,897,2025-06-24
66551,327,2025-12-07
66552,434,2025-10-16
66553,725,2025-05-06
66554,963,2025-11-05
66555,899,2025-03-10
66556,653,2025-01-02
66557,111,2025-07-04
66558,110,2025-05-23
66559,693,2025-02-15
66560,510,2025-12-29
66561,134,2025-01-15
66562,696,2025-08-04
66563,943,2025-04-06
66564,66,2025-04-19
66565,826,2025-03-19
66566,345,2025-05-22
66567,398,2025-09-01
66568,718,2025-04-28
66569,247,2025-09-21
66570,158,2025-06-13
66571,964,2025-10-14
66572,349,2025-06-12
66573,170,2025-05-14
66574,690,2025-07-05
66575,217,2025-09-08
66576,776,2025-06-19
66577,71,2025-11-27
66578,519,2025-07-08
66579,403,2025-04-19
66580,957,2025-01-11
66581,522,2025-05-24
66582,926,2025-01-20
66583,249,2025-01-14
66584,474,2025-05-16
66585,814,2025-04-16
66586,161,2025-11-20
66587,928,2025-09-24
66588,773,2025-10-16
66589,677,2025-07-19
66590,244,2025-02-10
66591,819,2025-11-07
66592,843,2025-06-30
66593,293,2025-06-06
66594,588,2025-08-09
66595,61,2025-03-01
66596,395,2025-06-25
66597,151,2025-08-10
66598,557,2025-09-12
66599,549,2025-07-02
66600,533,2025-12-31
66601,678,2025-12-28
66602,925,2025-02-05
66603,197,2025-01-31
66604,215,2025-07-08
66605,216,2025-10-30
66606,929,2025-07-07
66607,93,2025-03-21
66608,32,2025-07-25
66609,161,2025-12-11
66610,770,2025-03-02
66611,580,2025-06-12
66612,920,2025-08-22
66613,205,2025-05-24
66614,395,2025-01-17
66615,556,2025-09-02
66616,74,2025-09-28
66617,919,2025-08-28
66618,805,2025-08-31
66619,144,2025-08-28
66620,843,2025-05-01
66621,449,2025-01-07
66622,337,2025-12-27
66623,947,2025-03-16
66624,519,2025-10-30
66625,228,2025-07-17
66626,810,2025-07-16
66627,716,2025-01-08
66628,193,2025-12-28
66629,678,2025-07-12
66630,629,2025-10-30
66631,276,2025-10-11
66632,431,2025-02-20
66633,840,2025-12-12
66634,175,2025-08-04
66635,723,2025-03-09
66636,832,2025-08-01
66637,937,2025-08-13
66638,325,2025-08-27
66639,267,2025-04-28
66640,935,2025-12-10
66641,463,2025-03-28
66642,569,2025-06-29
66643,514,2025-11-03
66644,515,2025-01-29
66645,625,2025-05-28
66646,424,2025-06-24
66647,393,2025-10-10
66648,401,2025-10-15
66649,657,2025-10-18
66650,818,2025-05-11
66651,556,2025-06-29
66652,678,2025-01-10
66653,414,2025-10-28
66654,774,2025-04-21
66655,394,2025-06-20
66656,422,2025-09-06
66657,56,2025-10-11
66658,262,2025-02-01
66659,739,2025-10-08
66660,87,2025-05-18
66661,224,2025-06-02
66662,777,2025-02-18
66663,874,2025-09-19
66664,416,2025-06-23
66665,407,2025-02-07
66666,510,2025-02-21
66667,771,2025-09-21
66668,470,2025-02-09
66669,174,2025-07-10
66670,432,2025-09-12
66671,255,2025-11-29
66672,684,2025-02-27
66673,143,2025-04-18
66674,609,2025-02-26
66675,130,2025-11-18
66676,973,2025-08-05
66677,641,2025-12-25
66678,139,2025-01-16
66679,959,2025-09-15
66680,574,2025-01-13
66681,607,2025-02-09
66682,64,2025-06-07
66683,188,2025-05-14
66684,808,2025-05-14
66685,468,2025-01-25
66686,617,2025-07-18
66687,988,2025-05-05
66688,429,2025-12-29
66689,381,2025-10-16
66690,803,2025-06-08
66691,67,2025-10-07
66692,456,2025-07-30
66693,855,2025-06-30
66694,228,2025-12-02
66695,305,2025-08-03
66696,473,2025-06-26
66697,75,2025-07-26
66698,71,2025-10-13
66699,252,2025-09-28
66700,898,2025-07-20
66701,222,2025-03-06
66702,731,2025-08-21
66703,427,2025-06-07
66704,761,2025-12-07
66705,331,2025-11-28
66706,875,2025-01-01
66707,371,2025-12-31
66708,792,2025-11-25
66709,832,2025-11-28
66710,432,2025-07-01
66711,667,2025-04-09
66712,119,2025-08-10
66713,497,2025-11-19
66714,374,2025-06-14
66715,955,2025-12-26
66716,935,2025-04-06
66717,784,2025-11-08
66718,950,2025-01-25
66719,976,2025-11-03
66720,768,2025-12-11
66721,594,2025-09-14
66722,205,2025-08-16
66723,816,2025-05-31
66724,195,2025-11-15
66725,186,2025-02-16
66726,880,2025-04-17
66727,115,2025-02-17
66728,142,2025-04-12
66729,511,2025-07-11
66730,585,2025-05-03
66731,46,2025-06-03
66732,379,2025-03-26
66733,226,2025-05-09
66734,303,2025-07-01
66735,181,2025-03-20
66736,678,2025-12-08
66737,473,2025-11-24
66738,960,2025-11-16
66739,9,2025-01-01
66740,778,2025-06-30
66741,910,2025-10-18
66742,487,2025-05-08
66743,700,2025-03-26
66744,441,2025-08-12
66745,596,2025-01-01
66746,908,2025-08-12
66747,531,2025-06-14
66748,579,2025-09-07
66749,987,2025-09-07
66750,497,2025-07-15
66751,174,2025-08-02
66752,683,2025-01-10
66753,693,2025-12-25
66754,238,2025-01-28
66755,729,2025-12-23
66756,64,2025-12-22
66757,321,2025-09-20
66758,856,2025-09-30
66759,618,2025-01-11
66760,608,2025-12-13
66761,621,2025-07-12
66762,165,2025-05-04
66763,962,2025-09-02
66764,299,2025-07-15
66765,787,2025-05-12
66766,990,2025-04-28
66767,241,2025-02-13
66768,635,2025-11-28
66769,43,2025-09-01
66770,637,2025-04-16
66771,442,2025-09-21
66772,73,2025-09-11
66773,673,2025-02-21
66774,969,2025-03-05
66775,84,2025-03-26
66776,893,2025-02-08
66777,844,2025-10-28
66778,548,2025-02-26
66779,902,2025-10-24
66780,310,2025-07-13
66781,721,2025-02-12
66782,699,2025-11-05
66783,581,2025-03-05
66784,834,2025-12-31
66785,877,2025-01-06
66786,787,2025-08-16
66787,589,2025-04-25
66788,978,2025-07-14
66789,556,2025-11-03
66790,637,2025-10-15
66791,189,2025-04-13
66792,322,2025-01-24
66793,905,2025-04-14
66794,498,2025-10-23
66795,512,2025-07-08
66796,817,2025-10-04
66797,327,2025-06-30
66798,266,2025-07-13
66799,9,2025-01-24
66800,232,2025-01-09
66801,513,2025-09-14
66802,725,2025-03-15
66803,330,2025-05-12
66804,445,2025-05-15
66805,222,2025-08-20
66806,817,2025-12-10
66807,525,2025-10-04
66808,144,2025-08-22
66809,610,2025-11-01
66810,336,2025-07-06
66811,866,2025-02-23
66812,269,2025-06-28
66813,865,2025-12-23
66814,698,2025-10-12
66815,136,2025-05-08
66816,760,2025-04-29
66817,721,2025-12-02
66818,457,2025-02-04
66819,161,2025-12-07
66820,479,2025-09-05
66821,609,2025-10-22
66822,133,2025-05-01
66823,342,2025-08-25
66824,702,2025-04-29
66825,553,2025-01-07
66826,993,2025-06-15
66827,217,2025-12-24
66828,778,2025-03-30
66829,426,2025-03-01
66830,224,2025-12-03
66831,952,2025-11-29
66832,624,2025-11-06
66833,536,2025-12-23
66834,295,2025-12-28
66835,882,2025-12-02
66836,31,2025-12-19
66837,116,2025-09-29
66838,180,2025-04-25
66839,654,2025-06-17
66840,103,2025-05-19
66841,798,2025-07-05
66842,196,2025-09-12
66843,677,2025-03-30
66844,796,2025-01-06
66845,879,2025-08-08
66846,293,2025-12-29
66847,75,2025-11-11
66848,758,2025-01-04
66849,449,2025-08-07
66850,949,2025-07-13
66851,189,2025-06-05
66852,575,2025-09-02
66853,120,2025-06-05
66854,486,2025-11-30
66855,2,2025-11-28
66856,751,2025-08-24
66857,605,2025-06-17
66858,98,2025-08-06
66859,500,2025-11-25
66860,429,2025-04-20
66861,674,2025-11-14
66862,499,2025-08-04
66863,459,2025-01-24
66864,832,2025-10-01
66865,520,2025-03-15
66866,815,2025-07-08
66867,886,2025-12-13
66868,849,2025-10-12
66869,956,2025-09-13
66870,698,2025-01-26
66871,562,2025-11-10
66872,531,2025-05-03
66873,205,2025-01-19
66874,828,2025-12-17
66875,694,2025-03-11
66876,874,2025-04-29
66877,702,2025-02-21
66878,481,2025-08-15
66879,296,2025-11-13
66880,986,2025-07-09
66881,734,2025-11-14
66882,875,2025-12-08
66883,586,2025-11-15
66884,511,2025-03-01
66885,35,2025-03-17
66886,70,2025-04-20
66887,707,2025-08-21
66888,225,2025-11-11
66889,83,2025-04-25
66890,777,2025-09-01
66891,621,2025-03-10
66892,112,2025-07-18
66893,500,2025-10-12
66894,470,2025-05-25
66895,4,2025-03-01
66896,605,2025-05-31
66897,397,2025-10-06
66898,879,2025-12-08
66899,116,2025-08-13
66900,848,2025-09-02
66901,7,2025-06-03
66902,765,2025-12-06
66903,783,2025-11-14
66904,408,2025-12-21
66905,281,2025-11-12
66906,143,2025-07-19
66907,340,2025-12-17
66908,670,2025-08-11
66909,725,2025-08-08
66910,182,2025-08-28
66911,12,2025-03-09
66912,562,2025-11-03
66913,581,2025-05-13
66914,981,2025-08-29
66915,762,2025-11-05
66916,551,2025-02-11
66917,592,2025-04-20
66918,646,2025-12-10
66919,452,2025-05-12
66920,678,2025-08-30
66921,196,2025-07-24
66922,831,2025-11-14
66923,862,2025-07-06
66924,435,2025-06-05
66925,457,2025-01-06
66926,498,2025-06-23
66927,818,2025-08-02
66928,176,2025-09-09
66929,342,2025-10-12
66930,615,2025-10-11
66931,694,2025-06-17
66932,296,2025-01-29
66933,118,2025-04-03
66934,508,2025-05-29
66935,639,2025-12-24
66936,767,2025-10-08
66937,3,2025-11-23
66938,18,2025-12-29
66939,387,2025-02-18
66940,564,2025-01-05
66941,4,2025-07-29
66942,174,2025-04-07
66943,419,2025-11-14
66944,280,2025-06-19
66945,711,2025-01-04
66946,35,2025-03-23
66947,889,2025-05-05
66948,170,2025-01-10
66949,441,2025-04-26
66950,987,2025-07-16
66951,663,2025-11-23
66952,999,2025-08-26
66953,20,2025-02-04
66954,720,2025-06-01
66955,76,2025-10-08
66956,612,2025-05-16
66957,326,2025-07-25
66958,778,2025-12-26
66959,125,2025-02-20
66960,897,2025-06-24
66961,481,2025-08-11
66962,520,2025-10-19
66963,572,2025-11-02
66964,36,2025-04-15
66965,311,2025-06-20
66966,710,2025-10-31
66967,961,2025-11-03
66968,985,2025-10-28
66969,536,2025-09-01
66970,259,2025-04-08
66971,478,2025-05-15
66972,464,2025-08-28
66973,398,2025-04-03
66974,362,2025-09-06
66975,869,2025-07-07
66976,391,2025-06-11
66977,30,2025-05-10
66978,722,2025-10-10
66979,666,2025-06-19
66980,379,2025-04-23
66981,630,2025-05-21
66982,942,2025-06-26
66983,925,2025-08-14
66984,790,2025-12-28
66985,584,2025-05-05
66986,28,2025-03-07
66987,513,2025-12-23
66988,819,2025-02-23
66989,845,2025-11-26
66990,773,2025-02-21
66991,987,2025-05-13
66992,517,2025-12-31
66993,110,2025-03-02
66994,497,2025-02-28
66995,319,2025-08-11
66996,836,2025-03-11
66997,778,2025-01-09
66998,425,2025-09-11
66999,389,2025-12-17
67000,160,2025-10-05
67001,44,2025-12-18
67002,313,2025-07-12
67003,242,2025-08-13
67004,266,2025-12-25
67005,999,2025-07-03
67006,682,2025-01-15
67007,552,2025-03-29
67008,179,2025-08-15
67009,842,2025-11-09
67010,645,2025-08-10
67011,515,2025-05-29
67012,466,2025-04-28
67013,553,2025-09-07
67014,840,2025-11-25
67015,721,2025-04-12
67016,485,2025-07-21
67017,668,2025-06-06
67018,930,2025-03-31
67019,327,2025-05-28
67020,901,2025-02-02
67021,607,2025-07-13
67022,186,2025-02-09
67023,967,2025-06-23
67024,687,2025-11-24
67025,386,2025-02-23
67026,215,2025-04-02
67027,916,2025-09-21
67028,824,2025-11-28
67029,45,2025-12-15
67030,636,2025-02-13
67031,115,2025-03-29
67032,295,2025-12-26
67033,569,2025-07-04
67034,250,2025-11-01
67035,513,2025-01-06
67036,430,2025-02-12
67037,582,2025-03-16
67038,801,2025-02-01
67039,156,2025-11-22
67040,797,2025-10-21
67041,223,2025-05-23
67042,34,2025-01-29
67043,447,2025-02-08
67044,303,2025-04-06
67045,185,2025-09-23
67046,423,2025-10-20
67047,869,2025-07-16
67048,586,2025-11-28
67049,728,2025-12-05
67050,150,2025-10-08
67051,76,2025-01-29
67052,336,2025-11-21
67053,775,2025-11-28
67054,886,2025-07-24
67055,102,2025-08-07
67056,477,2025-10-12
67057,397,2025-08-05
67058,745,2025-05-06
67059,206,2025-09-12
67060,485,2025-10-14
67061,850,2025-02-21
67062,465,2025-09-06
67063,782,2025-03-05
67064,622,2025-07-29
67065,598,2025-02-09
67066,260,2025-12-29
67067,993,2025-09-01
67068,250,2025-06-21
67069,931,2025-07-03
67070,990,2025-08-15
67071,512,2025-02-15
67072,869,2025-07-06
67073,716,2025-09-19
67074,738,2025-04-06
67075,69,2025-06-24
67076,138,2025-05-01
67077,70,2025-02-28
67078,31,2025-12-24
67079,836,2025-08-05
67080,176,2025-05-24
67081,7,2025-05-04
67082,938,2025-09-05
67083,279,2025-02-09
67084,817,2025-07-26
67085,961,2025-03-26
67086,524,2025-11-21
67087,927,2025-10-14
67088,969,2025-10-04
67089,145,2025-02-23
67090,147,2025-01-30
67091,370,2025-06-17
67092,560,2025-05-10
67093,787,2025-09-22
67094,184,2025-09-17
67095,194,2025-05-25
67096,307,2025-02-28
67097,272,2025-04-29
67098,941,2025-07-03
67099,396,2025-04-03
67100,869,2025-04-26
67101,56,2025-03-29
67102,102,2025-01-24
67103,804,2025-08-08
67104,250,2025-12-30
67105,83,2025-12-14
67106,595,2025-12-06
67107,148,2025-08-29
67108,62,2025-09-30
67109,407,2025-01-24
67110,551,2025-03-15
67111,528,2025-09-15
67112,585,2025-12-27
67113,24,2025-11-28
67114,291,2025-08-19
67115,344,2025-02-09
67116,294,2025-12-19
67117,560,2025-04-27
67118,230,2025-01-16
67119,632,2025-10-08
67120,936,2025-03-05
67121,661,2025-04-21
67122,389,2025-09-05
67123,435,2025-12-19
67124,586,2025-11-28
67125,724,2025-03-01
67126,302,2025-03-06
67127,39,2025-10-23
67128,703,2025-04-26
67129,662,2025-01-29
67130,102,2025-08-03
67131,627,2025-08-28
67132,72,2025-12-31
67133,644,2025-06-27
67134,745,2025-10-19
67135,16,2025-07-15
67136,727,2025-12-04
67137,121,2025-06-27
67138,266,2025-09-04
67139,705,2025-12-18
67140,356,2025-11-17
67141,978,2025-05-27
67142,958,2025-07-05
67143,987,2025-08-05
67144,105,2025-02-15
67145,177,2025-03-27
67146,184,2025-09-16
67147,586,2025-01-27
67148,431,2025-08-08
67149,746,2025-06-26
67150,283,2025-06-27
67151,200,2025-11-05
67152,650,2025-04-11
67153,618,2025-10-16
67154,691,2025-10-14
67155,313,2025-12-29
67156,527,2025-10-27
67157,929,2025-07-05
67158,612,2025-05-13
67159,933,2025-10-13
67160,434,2025-12-05
67161,45,2025-04-13
67162,761,2025-05-15
67163,461,2025-07-01
67164,43,2025-02-09
67165,139,2025-04-25
67166,313,2025-03-02
67167,191,2025-10-09
67168,685,2025-06-30
67169,612,2025-08-09
67170,330,2025-01-30
67171,85,2025-07-29
67172,79,2025-09-20
67173,946,2025-09-09
67174,346,2025-10-18
67175,108,2025-02-11
67176,712,2025-07-20
67177,870,2025-06-26
67178,122,2025-11-23
67179,945,2025-09-10
67180,725,2025-12-15
67181,253,2025-01-10
67182,776,2025-06-13
67183,420,2025-09-14
67184,636,2025-02-02
67185,127,2025-08-26
67186,245,2025-03-26
67187,774,2025-01-28
67188,806,2025-08-29
67189,11,2025-06-05
67190,215,2025-05-29
67191,608,2025-04-29
67192,906,2025-09-08
67193,675,2025-08-14
67194,707,2025-09-01
67195,389,2025-10-15
67196,55,2025-08-09
67197,766,2025-01-28
67198,800,2025-02-27
67199,444,2025-12-28
67200,507,2025-04-15
67201,236,2025-06-06
67202,453,2025-05-18
67203,242,2025-12-28
67204,421,2025-10-28
67205,135,2025-06-26
67206,607,2025-09-07
67207,248,2025-07-21
67208,725,2025-08-24
67209,518,2025-12-15
67210,896,2025-09-03
67211,222,2025-02-11
67212,273,2025-07-03
67213,244,2025-10-27
67214,631,2025-01-15
67215,107,2025-05-11
67216,687,2025-03-15
67217,820,2025-09-21
67218,675,2025-02-21
67219,135,2025-08-16
67220,494,2025-01-24
67221,534,2025-12-04
67222,392,2025-04-27
67223,467,2025-05-29
67224,763,2025-10-15
67225,835,2025-05-19
67226,301,2025-02-12
67227,330,2025-11-27
67228,209,2025-02-10
67229,402,2025-07-01
67230,546,2025-02-15
67231,714,2025-09-12
67232,268,2025-04-09
67233,217,2025-12-07
67234,34,2025-03-15
67235,94,2025-09-02
67236,52,2025-01-06
67237,208,2025-02-11
67238,696,2025-04-11
67239,775,2025-11-19
67240,974,2025-12-30
67241,546,2025-08-12
67242,455,2025-05-03
67243,900,2025-04-24
67244,148,2025-03-19
67245,631,2025-05-05
67246,819,2025-06-30
67247,503,2025-09-08
67248,262,2025-03-25
67249,621,2025-01-14
67250,996,2025-07-24
67251,236,2025-03-30
67252,564,2025-05-27
67253,51,2025-09-17
67254,233,2025-11-24
67255,768,2025-07-15
67256,497,2025-12-05
67257,200,2025-04-09
67258,336,2025-09-18
67259,121,2025-12-24
67260,780,2025-03-20
67261,943,2025-09-27
67262,106,2025-06-22
67263,238,2025-11-18
67264,858,2025-04-22
67265,879,2025-12-17
67266,768,2025-10-19
67267,716,2025-09-15
67268,862,2025-01-11
67269,374,2025-01-31
67270,895,2025-08-30
67271,887,2025-06-24
67272,230,2025-04-28
67273,74,2025-11-04
67274,522,2025-06-25
67275,759,2025-06-17
67276,850,2025-04-28
67277,143,2025-12-25
67278,378,2025-05-14
67279,768,2025-04-05
67280,61,2025-09-04
67281,723,2025-01-13
67282,292,2025-08-06
67283,23,2025-07-26
67284,242,2025-03-31
67285,742,2025-10-08
67286,871,2025-01-16
67287,82,2025-12-25
67288,464,2025-11-09
67289,202,2025-03-06
67290,684,2025-06-29
67291,781,2025-03-13
67292,963,2025-08-14
67293,355,2025-05-09
67294,300,2025-06-28
67295,310,2025-12-16
67296,762,2025-08-14
67297,446,2025-11-13
67298,23,2025-08-17
67299,948,2025-06-23
67300,105,2025-01-06
67301,929,2025-02-02
67302,162,2025-07-14
67303,539,2025-07-03
67304,313,2025-07-03
67305,687,2025-11-05
67306,403,2025-02-04
67307,368,2025-08-29
67308,478,2025-09-30
67309,971,2025-08-24
67310,246,2025-03-28
67311,220,2025-05-29
67312,67,2025-01-20
67313,739,2025-03-06
67314,678,2025-10-21
67315,609,2025-08-14
67316,24,2025-11-12
67317,791,2025-09-10
67318,810,2025-03-29
67319,946,2025-10-24
67320,930,2025-09-08
67321,264,2025-03-11
67322,711,2025-01-02
67323,403,2025-10-06
67324,596,2025-09-21
67325,333,2025-02-02
67326,658,2025-06-19
67327,953,2025-11-30
67328,653,2025-10-17
67329,921,2025-10-26
67330,932,2025-05-24
67331,119,2025-02-14
67332,965,2025-05-09
67333,819,2025-09-08
67334,427,2025-11-03
67335,601,2025-08-24
67336,618,2025-01-15
67337,787,2025-08-04
67338,803,2025-03-10
67339,103,2025-08-11
67340,2,2025-05-31
67341,247,2025-07-14
67342,528,2025-08-06
67343,850,2025-08-21
67344,653,2025-01-02
67345,136,2025-12-19
67346,718,2025-07-29
67347,469,2025-07-05
67348,369,2025-05-19
67349,772,2025-02-08
67350,296,2025-08-18
67351,619,2025-05-13
67352,183,2025-11-28
67353,382,2025-08-29
67354,558,2025-06-10
67355,624,2025-01-12
67356,920,2025-07-22
67357,291,2025-11-05
67358,896,2025-06-18
67359,817,2025-08-26
67360,360,2025-02-13
67361,141,2025-05-29
67362,258,2025-10-17
67363,658,2025-06-04
67364,789,2025-11-20
67365,613,2025-05-30
67366,725,2025-10-24
67367,102,2025-08-23
67368,506,2025-12-12
67369,874,2025-07-14
67370,390,2025-06-20
67371,899,2025-05-10
67372,124,2025-08-27
67373,979,2025-12-24
67374,786,2025-03-03
67375,627,2025-12-08
67376,618,2025-12-23
67377,937,2025-10-08
67378,377,2025-07-31
67379,165,2025-11-11
67380,919,2025-04-06
67381,103,2025-08-20
67382,660,2025-10-21
67383,266,2025-10-21
67384,930,2025-08-03
67385,974,2025-05-21
67386,475,2025-12-13
67387,534,2025-09-03
67388,455,2025-10-09
67389,426,2025-08-16
67390,938,2025-11-17
67391,288,2025-06-24
67392,960,2025-07-19
67393,651,2025-10-21
67394,961,2025-07-08
67395,613,2025-03-31
67396,819,2025-10-04
67397,490,2025-05-18
67398,463,2025-02-08
67399,258,2025-05-17
67400,211,2025-01-20
67401,38,2025-11-17
67402,384,2025-12-26
67403,988,2025-04-08
67404,939,2025-12-01
67405,691,2025-09-17
67406,364,2025-12-15
67407,521,2025-03-01
67408,757,2025-01-23
67409,3,2025-12-02
67410,924,2025-04-09
67411,871,2025-08-06
67412,971,2025-11-26
67413,95,2025-05-06
67414,948,2025-02-02
67415,614,2025-10-16
67416,556,2025-06-14
67417,180,2025-01-09
67418,492,2025-05-05
67419,364,2025-07-13
67420,988,2025-11-18
67421,340,2025-03-24
67422,219,2025-07-09
67423,947,2025-03-08
67424,188,2025-04-16
67425,905,2025-04-07
67426,964,2025-07-11
67427,308,2025-08-31
67428,690,2025-02-11
67429,797,2025-01-28
67430,537,2025-09-24
67431,697,2025-04-18
67432,133,2025-08-14
67433,517,2025-01-29
67434,514,2025-08-08
67435,567,2025-11-28
67436,945,2025-06-09
67437,825,2025-07-30
67438,603,2025-04-18
67439,404,2025-04-15
67440,405,2025-01-24
67441,21,2025-06-24
67442,552,2025-12-12
67443,253,2025-02-12
67444,887,2025-06-02
67445,774,2025-11-02
67446,913,2025-07-01
67447,996,2025-10-05
67448,401,2025-05-18
67449,429,2025-08-08
67450,609,2025-12-27
67451,431,2025-08-07
67452,280,2025-10-18
67453,708,2025-09-11
67454,452,2025-02-04
67455,942,2025-02-28
67456,220,2025-08-10
67457,444,2025-05-08
67458,532,2025-06-26
67459,908,2025-06-26
67460,579,2025-10-17
67461,70,2025-12-28
67462,338,2025-12-31
67463,887,2025-01-30
67464,273,2025-09-29
67465,341,2025-09-22
67466,152,2025-11-12
67467,720,2025-06-05
67468,140,2025-07-03
67469,368,2025-06-14
67470,712,2025-05-17
67471,896,2025-04-01
67472,222,2025-08-23
67473,333,2025-01-07
67474,118,2025-10-01
67475,438,2025-11-04
67476,999,2025-03-25
67477,305,2025-03-19
67478,260,2025-07-03
67479,400,2025-11-05
67480,897,2025-02-11
67481,548,2025-06-07
67482,610,2025-03-20
67483,781,2025-11-07
67484,716,2025-11-18
67485,599,2025-01-31
67486,561,2025-02-22
67487,534,2025-02-27
67488,181,2025-10-24
67489,415,2025-11-25
67490,848,2025-05-16
67491,40,2025-02-27
67492,828,2025-08-31
67493,566,2025-11-22
67494,350,2025-11-29
67495,115,2025-06-12
67496,764,2025-10-13
67497,1,2025-12-15
67498,544,2025-10-29
67499,163,2025-06-23
67500,910,2025-04-06
67501,183,2025-05-16
67502,803,2025-05-13
67503,575,2025-12-27
67504,41,2025-09-25
67505,721,2025-11-10
67506,880,2025-10-11
67507,222,2025-06-23
67508,969,2025-10-16
67509,799,2025-08-22
67510,743,2025-09-28
67511,337,2025-04-20
67512,120,2025-03-26
67513,430,2025-03-07
67514,808,2025-04-16
67515,587,2025-12-24
67516,648,2025-12-10
67517,782,2025-02-23
67518,339,2025-07-22
67519,38,2025-12-10
67520,885,2025-10-03
67521,614,2025-08-12
67522,566,2025-08-07
67523,574,2025-04-30
67524,853,2025-12-04
67525,770,2025-01-31
67526,671,2025-11-14
67527,783,2025-11-14
67528,289,2025-04-06
67529,712,2025-07-06
67530,976,2025-11-19
67531,235,2025-06-23
67532,572,2025-04-20
67533,682,2025-01-26
67534,517,2025-06-10
67535,969,2025-04-12
67536,404,2025-11-07
67537,218,2025-11-11
67538,137,2025-04-29
67539,850,2025-03-18
67540,687,2025-04-17
67541,578,2025-05-27
67542,431,2025-09-02
67543,410,2025-02-25
67544,935,2025-12-31
67545,681,2025-09-13
67546,966,2025-02-17
67547,802,2025-04-25
67548,768,2025-09-13
67549,554,2025-07-03
67550,243,2025-07-12
67551,654,2025-01-16
67552,716,2025-05-30
67553,522,2025-08-13
67554,21,2025-10-01
67555,961,2025-06-13
67556,827,2025-07-22
67557,353,2025-03-23
67558,494,2025-10-19
67559,124,2025-09-12
67560,937,2025-09-29
67561,231,2025-09-01
67562,378,2025-12-26
67563,429,2025-11-18
67564,264,2025-10-23
67565,635,2025-05-03
67566,996,2025-01-25
67567,856,2025-01-01
67568,531,2025-10-12
67569,131,2025-11-25
67570,864,2025-08-26
67571,257,2025-09-21
67572,912,2025-02-02
67573,396,2025-07-26
67574,519,2025-08-10
67575,437,2025-02-27
67576,456,2025-10-02
67577,165,2025-05-03
67578,553,2025-03-13
67579,403,2025-09-12
67580,848,2025-06-08
67581,478,2025-07-15
67582,965,2025-07-18
67583,297,2025-08-16
67584,329,2025-05-31
67585,37,2025-10-25
67586,739,2025-11-16
67587,74,2025-06-26
67588,286,2025-03-03
67589,911,2025-04-12
67590,611,2025-10-09
67591,559,2025-04-04
67592,805,2025-10-12
67593,772,2025-08-30
67594,887,2025-06-13
67595,666,2025-02-16
67596,449,2025-07-16
67597,131,2025-09-10
67598,370,2025-02-26
67599,706,2025-10-29
67600,254,2025-03-13
67601,671,2025-05-31
67602,134,2025-07-14
67603,61,2025-09-27
67604,365,2025-03-24
67605,230,2025-05-03
67606,872,2025-10-22
67607,379,2025-05-01
67608,419,2025-08-13
67609,404,2025-05-26
67610,318,2025-01-21
67611,918,2025-07-07
67612,740,2025-05-11
67613,159,2025-04-07
67614,216,2025-11-10
67615,82,2025-10-10
67616,257,2025-04-12
67617,657,2025-07-11
67618,936,2025-09-20
67619,482,2025-01-20
67620,82,2025-02-04
67621,48,2025-07-17
67622,415,2025-12-06
67623,265,2025-12-05
67624,577,2025-06-14
67625,119,2025-09-14
67626,231,2025-06-29
67627,556,2025-11-27
67628,282,2025-07-27
67629,365,2025-11-22
67630,222,2025-05-13
67631,52,2025-12-06
67632,346,2025-09-22
67633,330,2025-10-08
67634,899,2025-01-06
67635,893,2025-10-22
67636,432,2025-03-01
67637,288,2025-12-08
67638,418,2025-03-10
67639,608,2025-10-29
67640,387,2025-08-20
67641,757,2025-05-24
67642,965,2025-11-22
67643,404,2025-05-22
67644,118,2025-01-24
67645,121,2025-01-28
67646,872,2025-11-08
67647,417,2025-05-21
67648,328,2025-10-27
67649,620,2025-01-08
67650,957,2025-01-28
67651,425,2025-12-27
67652,316,2025-02-22
67653,863,2025-09-08
67654,83,2025-05-08
67655,845,2025-07-02
67656,521,2025-02-11
67657,21,2025-04-08
67658,228,2025-10-04
67659,680,2025-07-15
67660,753,2025-07-03
67661,196,2025-12-11
67662,658,2025-05-30
67663,990,2025-10-21
67664,687,2025-09-22
67665,703,2025-06-18
67666,194,2025-04-17
67667,638,2025-05-10
67668,709,2025-11-15
67669,111,2025-04-22
67670,312,2025-08-27
67671,883,2025-02-15
67672,999,2025-05-07
67673,174,2025-12-08
67674,732,2025-07-17
67675,502,2025-10-28
67676,591,2025-04-05
67677,511,2025-10-05
67678,868,2025-12-26
67679,446,2025-12-04
67680,590,2025-06-08
67681,670,2025-09-06
67682,553,2025-11-24
67683,880,2025-10-24
67684,238,2025-12-23
67685,949,2025-01-12
67686,679,2025-07-15
67687,961,2025-10-16
67688,375,2025-09-24
67689,479,2025-02-26
67690,44,2025-07-28
67691,924,2025-03-02
67692,817,2025-02-03
67693,297,2025-02-10
67694,52,2025-12-14
67695,697,2025-04-10
67696,673,2025-06-16
67697,528,2025-04-04
67698,157,2025-11-23
67699,919,2025-11-21
67700,433,2025-08-28
67701,725,2025-10-30
67702,860,2025-02-08
67703,549,2025-12-31
67704,95,2025-06-02
67705,888,2025-05-27
67706,668,2025-03-13
67707,895,2025-11-17
67708,613,2025-03-03
67709,908,2025-11-10
67710,868,2025-09-19
67711,216,2025-10-09
67712,173,2025-01-11
67713,161,2025-09-27
67714,800,2025-12-19
67715,241,2025-05-24
67716,451,2025-06-14
67717,788,2025-02-10
67718,429,2025-06-28
67719,62,2025-09-03
67720,362,2025-04-20
67721,95,2025-09-28
67722,386,2025-02-01
67723,737,2025-09-04
67724,520,2025-08-03
67725,675,2025-03-25
67726,107,2025-05-06
67727,751,2025-03-29
67728,426,2025-08-16
67729,287,2025-08-21
67730,652,2025-07-22
67731,135,2025-03-12
67732,499,2025-03-21
67733,423,2025-10-23
67734,166,2025-06-18
67735,953,2025-06-08
67736,364,2025-04-23
67737,41,2025-12-06
67738,443,2025-03-29
67739,967,2025-10-08
67740,669,2025-10-08
67741,637,2025-03-30
67742,901,2025-01-05
67743,84,2025-04-02
67744,551,2025-04-09
67745,321,2025-09-29
67746,677,2025-07-13
67747,853,2025-06-07
67748,78,2025-06-23
67749,159,2025-12-14
67750,955,2025-12-10
67751,492,2025-01-10
67752,316,2025-11-04
67753,153,2025-05-12
67754,355,2025-10-02
67755,5,2025-12-26
67756,223,2025-07-07
67757,184,2025-08-16
67758,85,2025-06-06
67759,970,2025-01-28
67760,791,2025-01-14
67761,941,2025-05-12
67762,241,2025-10-27
67763,289,2025-05-05
67764,283,2025-06-07
67765,559,2025-07-13
67766,182,2025-04-28
67767,236,2025-06-28
67768,975,2025-08-10
67769,353,2025-11-07
67770,782,2025-10-03
67771,229,2025-10-26
67772,930,2025-07-10
67773,694,2025-09-13
67774,862,2025-02-24
67775,517,2025-02-23
67776,907,2025-12-03
67777,363,2025-08-09
67778,480,2025-02-11
67779,62,2025-05-29
67780,171,2025-12-20
67781,772,2025-01-08
67782,327,2025-06-11
67783,103,2025-11-02
67784,293,2025-12-12
67785,353,2025-05-15
67786,718,2025-11-30
67787,91,2025-09-19
67788,26,2025-05-29
67789,725,2025-10-12
67790,143,2025-10-20
67791,420,2025-04-11
67792,683,2025-02-02
67793,515,2025-10-13
67794,124,2025-01-31
67795,723,2025-10-12
67796,49,2025-05-10
67797,233,2025-09-14
67798,110,2025-08-11
67799,513,2025-01-15
67800,691,2025-01-04
67801,650,2025-08-18
67802,140,2025-07-08
67803,344,2025-01-16
67804,147,2025-12-23
67805,343,2025-03-29
67806,231,2025-11-10
67807,741,2025-02-12
67808,751,2025-03-26
67809,819,2025-07-13
67810,201,2025-07-12
67811,14,2025-08-09
67812,36,2025-03-04
67813,844,2025-04-07
67814,906,2025-04-07
67815,212,2025-06-10
67816,877,2025-12-03
67817,530,2025-06-18
67818,185,2025-12-31
67819,313,2025-04-02
67820,266,2025-03-30
67821,764,2025-02-06
67822,189,2025-03-19
67823,184,2025-04-24
67824,720,2025-05-21
67825,303,2025-09-18
67826,251,2025-06-12
67827,808,2025-09-08
67828,932,2025-02-02
67829,556,2025-12-12
67830,828,2025-02-23
67831,842,2025-01-13
67832,589,2025-06-05
67833,830,2025-08-26
67834,9,2025-03-27
67835,36,2025-03-01
67836,884,2025-11-05
67837,141,2025-10-28
67838,728,2025-10-02
67839,421,2025-03-22
67840,788,2025-07-15
67841,666,2025-09-09
67842,72,2025-06-07
67843,337,2025-03-07
67844,709,2025-10-31
67845,922,2025-12-09
67846,805,2025-03-02
67847,892,2025-09-14
67848,957,2025-11-20
67849,895,2025-07-17
67850,581,2025-01-18
67851,337,2025-09-10
67852,509,2025-12-04
67853,796,2025-04-06
67854,426,2025-02-20
67855,831,2025-04-03
67856,702,2025-10-24
67857,210,2025-07-23
67858,921,2025-01-07
67859,847,2025-08-03
67860,600,2025-10-25
67861,195,2025-03-09
67862,228,2025-08-02
67863,840,2025-03-25
67864,18,2025-01-07
67865,484,2025-05-27
67866,620,2025-10-10
67867,233,2025-09-02
67868,865,2025-02-07
67869,523,2025-03-09
67870,66,2025-07-17
67871,321,2025-04-28
67872,398,2025-05-02
67873,223,2025-06-09
67874,941,2025-10-05
67875,361,2025-07-30
67876,502,2025-11-08
67877,536,2025-02-07
67878,221,2025-06-19
67879,568,2025-07-20
67880,354,2025-10-04
67881,11,2025-07-08
67882,409,2025-12-01
67883,584,2025-11-02
67884,118,2025-09-09
67885,780,2025-05-26
67886,661,2025-04-28
67887,310,2025-07-14
67888,593,2025-06-19
67889,304,2025-01-11
67890,648,2025-03-25
67891,154,2025-11-01
67892,611,2025-06-17
67893,56,2025-12-13
67894,17,2025-03-31
67895,255,2025-12-20
67896,175,2025-10-22
67897,491,2025-05-11
67898,166,2025-08-11
67899,245,2025-12-27
67900,98,2025-08-20
67901,887,2025-12-07
67902,736,2025-02-10
67903,218,2025-03-01
67904,121,2025-01-01
67905,851,2025-04-29
67906,669,2025-10-16
67907,886,2025-12-18
67908,179,2025-07-17
67909,359,2025-06-04
67910,119,2025-12-07
67911,424,2025-08-03
67912,163,2025-07-16
67913,5,2025-01-31
67914,509,2025-03-20
67915,980,2025-09-12
67916,646,2025-09-12
67917,757,2025-07-01
67918,812,2025-09-13
67919,973,2025-09-10
67920,129,2025-01-24
67921,251,2025-11-01
67922,617,2025-09-11
67923,822,2025-03-22
67924,774,2025-03-19
67925,728,2025-12-16
67926,313,2025-04-03
67927,365,2025-01-12
67928,80,2025-01-12
67929,314,2025-03-25
67930,156,2025-08-17
67931,939,2025-06-16
67932,92,2025-09-25
67933,364,2025-03-26
67934,888,2025-03-26
67935,956,2025-05-28
67936,377,2025-10-17
67937,466,2025-07-03
67938,524,2025-10-06
67939,823,2025-02-04
67940,769,2025-05-30
67941,525,2025-06-09
67942,372,2025-01-25
67943,373,2025-04-25
67944,650,2025-04-13
67945,836,2025-06-16
67946,77,2025-03-02
67947,769,2025-04-09
67948,481,2025-12-16
67949,146,2025-02-22
67950,97,2025-10-26
67951,338,2025-07-18
67952,249,2025-01-29
67953,105,2025-05-27
67954,294,2025-07-07
67955,834,2025-04-12
67956,718,2025-04-08
67957,210,2025-09-17
67958,675,2025-01-12
67959,452,2025-12-05
67960,748,2025-04-28
67961,248,2025-05-20
67962,62,2025-02-16
67963,313,2025-11-18
67964,994,2025-03-23
67965,556,2025-10-21
67966,55,2025-04-30
67967,976,2025-01-12
67968,826,2025-05-30
67969,544,2025-07-10
67970,741,2025-06-20
67971,185,2025-12-27
67972,592,2025-07-09
67973,913,2025-10-12
67974,439,2025-05-16
67975,39,2025-02-22
67976,758,2025-07-01
67977,731,2025-07-24
67978,740,2025-06-02
67979,649,2025-10-07
67980,138,2025-12-19
67981,115,2025-01-30
67982,793,2025-01-25
67983,856,2025-04-10
67984,79,2025-08-02
67985,582,2025-01-16
67986,501,2025-03-12
67987,351,2025-05-30
67988,646,2025-05-18
67989,915,2025-11-05
67990,822,2025-07-19
67991,154,2025-11-15
67992,464,2025-10-05
67993,936,2025-06-01
67994,237,2025-12-23
67995,855,2025-11-04
67996,491,2025-06-30
67997,522,2025-11-07
67998,251,2025-04-04
67999,920,2025-03-17
68000,529,2025-10-16
68001,575,2025-10-16
68002,463,2025-03-22
68003,90,2025-10-03
68004,781,2025-07-05
68005,329,2025-07-23
68006,241,2025-11-06
68007,783,2025-02-28
68008,200,2025-05-28
68009,683,2025-04-16
68010,475,2025-07-23
68011,800,2025-02-27
68012,51,2025-02-13
68013,775,2025-09-12
68014,230,2025-01-21
68015,871,2025-06-02
68016,354,2025-12-26
68017,7,2025-12-31
68018,488,2025-03-07
68019,55,2025-12-05
68020,270,2025-05-03
68021,717,2025-03-14
68022,561,2025-07-04
68023,709,2025-06-28
68024,879,2025-05-17
68025,469,2025-06-05
68026,544,2025-02-05
68027,59,2025-04-07
68028,287,2025-03-13
68029,725,2025-12-07
68030,62,2025-06-30
68031,360,2025-07-19
68032,137,2025-06-10
68033,858,2025-11-19
68034,562,2025-10-19
68035,645,2025-09-09
68036,684,2025-04-24
68037,225,2025-04-23
68038,50,2025-12-10
68039,398,2025-12-06
68040,186,2025-04-14
68041,322,2025-05-03
68042,320,2025-05-01
68043,783,2025-10-14
68044,320,2025-12-13
68045,152,2025-11-20
68046,959,2025-11-03
68047,50,2025-05-08
68048,204,2025-04-26
68049,348,2025-11-21
68050,63,2025-05-25
68051,900,2025-03-20
68052,354,2025-11-04
68053,783,2025-06-25
68054,135,2025-02-01
68055,522,2025-11-24
68056,127,2025-04-18
68057,232,2025-04-23
68058,408,2025-07-14
68059,863,2025-04-09
68060,307,2025-10-30
68061,755,2025-09-10
68062,92,2025-07-26
68063,252,2025-03-15
68064,605,2025-06-28
68065,469,2025-04-10
68066,502,2025-12-18
68067,679,2025-10-17
68068,78,2025-02-12
68069,696,2025-07-12
68070,863,2025-10-12
68071,767,2025-07-11
68072,285,2025-02-16
68073,351,2025-02-21
68074,962,2025-09-25
68075,790,2025-07-11
68076,932,2025-07-18
68077,914,2025-04-09
68078,435,2025-04-07
68079,130,2025-05-29
68080,229,2025-07-18
68081,295,2025-06-21
68082,835,2025-11-17
68083,277,2025-03-10
68084,362,2025-06-22
68085,852,2025-03-27
68086,164,2025-01-03
68087,664,2025-06-01
68088,552,2025-01-21
68089,985,2025-05-16
68090,490,2025-08-19
68091,522,2025-05-18
68092,851,2025-09-05
68093,992,2025-04-18
68094,730,2025-05-27
68095,699,2025-11-16
68096,877,2025-03-30
68097,980,2025-07-02
68098,735,2025-09-19
68099,293,2025-05-13
68100,643,2025-04-22
68101,237,2025-09-12
68102,501,2025-01-28
68103,445,2025-04-07
68104,988,2025-05-30
68105,555,2025-03-21
68106,960,2025-07-16
68107,809,2025-08-15
68108,849,2025-12-19
68109,170,2025-08-08
68110,776,2025-08-05
68111,252,2025-09-22
68112,578,2025-03-18
68113,487,2025-06-21
68114,260,2025-10-31
68115,985,2025-03-06
68116,876,2025-04-17
68117,575,2025-03-22
68118,11,2025-12-17
68119,184,2025-05-10
68120,228,2025-04-29
68121,972,2025-10-25
68122,404,2025-11-28
68123,47,2025-01-02
68124,587,2025-11-17
68125,951,2025-09-16
68126,561,2025-11-12
68127,445,2025-02-01
68128,176,2025-01-15
68129,879,2025-05-03
68130,105,2025-11-07
68131,934,2025-07-01
68132,223,2025-09-21
68133,139,2025-03-31
68134,349,2025-05-03
68135,5,2025-11-17
68136,15,2025-06-28
68137,187,2025-10-12
68138,693,2025-08-22
68139,815,2025-03-06
68140,248,2025-12-11
68141,645,2025-12-12
68142,352,2025-10-12
68143,433,2025-06-21
68144,335,2025-06-06
68145,892,2025-04-19
68146,512,2025-08-24
68147,507,2025-04-24
68148,860,2025-03-09
68149,658,2025-01-23
68150,150,2025-06-04
68151,189,2025-10-25
68152,341,2025-10-16
68153,98,2025-11-07
68154,693,2025-08-10
68155,496,2025-11-13
68156,45,2025-10-13
68157,401,2025-10-22
68158,830,2025-07-06
68159,908,2025-02-01
68160,962,2025-05-19
68161,923,2025-11-06
68162,608,2025-09-29
68163,928,2025-01-05
68164,957,2025-02-04
68165,636,2025-08-29
68166,414,2025-12-24
68167,967,2025-09-24
68168,416,2025-12-13
68169,167,2025-01-25
68170,107,2025-11-18
68171,568,2025-02-16
68172,36,2025-11-19
68173,119,2025-12-22
68174,245,2025-07-06
68175,530,2025-07-14
68176,479,2025-07-01
68177,512,2025-07-21
68178,508,2025-10-27
68179,995,2025-04-13
68180,218,2025-04-14
68181,475,2025-12-20
68182,613,2025-11-07
68183,274,2025-07-17
68184,182,2025-03-15
68185,47,2025-12-15
68186,327,2025-11-17
68187,255,2025-04-30
68188,196,2025-07-17
68189,272,2025-06-03
68190,697,2025-11-04
68191,828,2025-09-08
68192,517,2025-06-29
68193,67,2025-12-20
68194,737,2025-08-11
68195,152,2025-06-26
68196,58,2025-12-05
68197,569,2025-06-14
68198,426,2025-06-02
68199,312,2025-05-22
68200,967,2025-03-22
68201,92,2025-04-12
68202,54,2025-02-03
68203,588,2025-09-23
68204,419,2025-08-04
68205,802,2025-12-07
68206,41,2025-08-12
68207,420,2025-01-30
68208,147,2025-08-15
68209,42,2025-03-05
68210,463,2025-01-14
68211,735,2025-08-30
68212,158,2025-01-11
68213,843,2025-05-30
68214,519,2025-11-23
68215,481,2025-04-04
68216,923,2025-09-11
68217,330,2025-05-18
68218,201,2025-02-11
68219,787,2025-03-13
68220,108,2025-01-28
68221,873,2025-02-25
68222,826,2025-03-01
68223,977,2025-11-19
68224,461,2025-10-22
68225,623,2025-05-09
68226,883,2025-09-21
68227,132,2025-03-16
68228,307,2025-08-22
68229,472,2025-03-15
68230,628,2025-08-22
68231,680,2025-05-11
68232,924,2025-11-10
68233,490,2025-11-01
68234,172,2025-05-02
68235,190,2025-01-16
68236,801,2025-04-28
68237,462,2025-04-13
68238,632,2025-06-05
68239,563,2025-07-29
68240,813,2025-12-28
68241,219,2025-01-23
68242,171,2025-07-22
68243,734,2025-03-04
68244,435,2025-07-19
68245,816,2025-08-21
68246,129,2025-10-23
68247,272,2025-07-24
68248,961,2025-03-06
68249,844,2025-11-30
68250,63,2025-05-28
68251,817,2025-06-25
68252,66,2025-08-23
68253,121,2025-04-07
68254,899,2025-12-27
68255,127,2025-01-17
68256,301,2025-02-26
68257,136,2025-12-28
68258,598,2025-06-14
68259,58,2025-11-23
68260,288,2025-11-27
68261,327,2025-12-28
68262,649,2025-09-22
68263,497,2025-09-07
68264,193,2025-08-13
68265,465,2025-09-07
68266,459,2025-04-04
68267,354,2025-10-25
68268,534,2025-03-10
68269,327,2025-06-25
68270,334,2025-05-17
68271,784,2025-10-05
68272,252,2025-04-04
68273,330,2025-03-17
68274,141,2025-10-23
68275,699,2025-06-27
68276,707,2025-09-21
68277,679,2025-11-17
68278,169,2025-11-01
68279,452,2025-05-26
68280,293,2025-03-04
68281,764,2025-12-17
68282,337,2025-04-24
68283,416,2025-10-08
68284,455,2025-10-08
68285,761,2025-06-11
68286,703,2025-03-01
68287,820,2025-06-22
68288,428,2025-02-23
68289,820,2025-05-09
68290,872,2025-05-20
68291,524,2025-07-09
68292,680,2025-03-10
68293,910,2025-11-05
68294,839,2025-01-29
68295,277,2025-12-26
68296,717,2025-04-25
68297,446,2025-06-28
68298,149,2025-11-16
68299,372,2025-08-27
68300,978,2025-01-21
68301,958,2025-08-09
68302,787,2025-07-26
68303,991,2025-12-07
68304,573,2025-07-25
68305,758,2025-12-29
68306,166,2025-07-13
68307,299,2025-03-12
68308,173,2025-07-04
68309,938,2025-12-01
68310,615,2025-01-07
68311,933,2025-05-26
68312,417,2025-01-18
68313,404,2025-11-04
68314,676,2025-07-06
68315,568,2025-09-19
68316,373,2025-12-20
68317,318,2025-10-31
68318,513,2025-05-29
68319,76,2025-12-08
68320,188,2025-06-22
68321,44,2025-12-24
68322,156,2025-12-25
68323,199,2025-03-22
68324,76,2025-10-12
68325,56,2025-09-12
68326,820,2025-10-09
68327,183,2025-03-03
68328,556,2025-07-04
68329,99,2025-02-25
68330,948,2025-11-24
68331,239,2025-11-15
68332,750,2025-08-01
68333,642,2025-02-17
68334,769,2025-08-28
68335,630,2025-06-10
68336,510,2025-10-15
68337,773,2025-02-06
68338,816,2025-05-29
68339,380,2025-05-12
68340,943,2025-12-14
68341,988,2025-04-19
68342,722,2025-12-27
68343,929,2025-12-03
68344,106,2025-08-03
68345,541,2025-03-05
68346,652,2025-03-23
68347,928,2025-01-07
68348,121,2025-10-10
68349,807,2025-09-22
68350,78,2025-04-28
68351,359,2025-09-24
68352,693,2025-07-30
68353,291,2025-10-26
68354,835,2025-02-01
68355,931,2025-03-14
68356,159,2025-10-22
68357,259,2025-05-15
68358,75,2025-12-17
68359,711,2025-11-18
68360,887,2025-02-04
68361,602,2025-05-28
68362,133,2025-09-25
68363,174,2025-02-19
68364,36,2025-11-11
68365,490,2025-02-05
68366,722,2025-02-09
68367,151,2025-07-18
68368,848,2025-04-01
68369,253,2025-08-22
68370,515,2025-05-24
68371,668,2025-04-09
68372,540,2025-11-02
68373,478,2025-02-28
68374,337,2025-06-30
68375,431,2025-03-03
68376,239,2025-02-19
68377,295,2025-03-16
68378,756,2025-04-04
68379,883,2025-05-31
68380,850,2025-06-20
68381,331,2025-02-20
68382,322,2025-01-15
68383,59,2025-02-04
68384,274,2025-08-19
68385,586,2025-12-22
68386,268,2025-01-10
68387,734,2025-01-13
68388,51,2025-10-13
68389,412,2025-09-22
68390,282,2025-09-25
68391,495,2025-03-05
68392,26,2025-11-12
68393,419,2025-08-16
68394,789,2025-02-27
68395,857,2025-02-12
68396,256,2025-08-08
68397,429,2025-10-12
68398,691,2025-10-13
68399,464,2025-08-03
68400,544,2025-07-08
68401,342,2025-09-11
68402,838,2025-02-17
68403,632,2025-05-14
68404,961,2025-02-06
68405,780,2025-11-03
68406,368,2025-08-10
68407,328,2025-10-11
68408,89,2025-07-01
68409,623,2025-12-06
68410,750,2025-12-06
68411,355,2025-08-13
68412,22,2025-11-01
68413,826,2025-08-29
68414,223,2025-09-22
68415,583,2025-04-01
68416,54,2025-12-25
68417,63,2025-03-09
68418,899,2025-09-11
68419,673,2025-08-10
68420,6,2025-02-03
68421,101,2025-10-10
68422,493,2025-01-29
68423,681,2025-07-05
68424,424,2025-10-25
68425,873,2025-02-15
68426,653,2025-05-12
68427,615,2025-07-05
68428,290,2025-12-04
68429,682,2025-05-20
68430,874,2025-02-13
68431,49,2025-02-17
68432,735,2025-03-14
68433,880,2025-11-13
68434,433,2025-10-10
68435,766,2025-06-02
68436,359,2025-11-06
68437,193,2025-12-02
68438,816,2025-11-13
68439,312,2025-01-02
68440,758,2025-02-06
68441,316,2025-09-22
68442,400,2025-05-20
68443,686,2025-02-27
68444,342,2025-08-24
68445,808,2025-05-10
68446,39,2025-12-02
68447,12,2025-07-30
68448,82,2025-03-29
68449,257,2025-12-08
68450,54,2025-08-08
68451,381,2025-04-19
68452,25,2025-02-22
68453,757,2025-07-22
68454,153,2025-09-30
68455,973,2025-11-02
68456,858,2025-02-16
68457,695,2025-06-07
68458,799,2025-12-31
68459,775,2025-08-30
68460,846,2025-02-03
68461,556,2025-12-01
68462,624,2025-09-08
68463,470,2025-06-17
68464,625,2025-10-11
68465,382,2025-08-25
68466,124,2025-04-05
68467,932,2025-10-18
68468,699,2025-04-04
68469,705,2025-03-25
68470,281,2025-08-06
68471,771,2025-01-07
68472,520,2025-08-19
68473,77,2025-07-20
68474,955,2025-09-20
68475,992,2025-02-28
68476,871,2025-07-31
68477,475,2025-06-11
68478,234,2025-03-05
68479,12,2025-06-14
68480,737,2025-12-04
68481,891,2025-10-28
68482,105,2025-03-02
68483,685,2025-11-06
68484,27,2025-07-26
68485,777,2025-01-18
68486,29,2025-12-02
68487,976,2025-07-11
68488,171,2025-11-30
68489,401,2025-02-05
68490,695,2025-03-03
68491,847,2025-11-26
68492,364,2025-03-29
68493,981,2025-07-20
68494,16,2025-08-08
68495,472,2025-12-13
68496,989,2025-05-04
68497,275,2025-10-03
68498,534,2025-09-24
68499,445,2025-09-13
68500,394,2025-07-10
68501,768,2025-01-26
68502,519,2025-04-08
68503,714,2025-07-24
68504,520,2025-05-31
68505,998,2025-03-09
68506,471,2025-09-10
68507,797,2025-06-18
68508,613,2025-10-14
68509,802,2025-07-20
68510,886,2025-05-15
68511,227,2025-02-09
68512,302,2025-02-08
68513,302,2025-07-05
68514,487,2025-05-09
68515,492,2025-09-20
68516,4,2025-08-19
68517,896,2025-04-14
68518,860,2025-10-05
68519,602,2025-07-26
68520,306,2025-11-18
68521,827,2025-12-14
68522,272,2025-12-18
68523,306,2025-02-16
68524,998,2025-07-13
68525,924,2025-01-11
68526,585,2025-11-18
68527,170,2025-09-14
68528,124,2025-04-06
68529,965,2025-08-10
68530,266,2025-07-24
68531,682,2025-07-18
68532,354,2025-07-16
68533,497,2025-12-26
68534,987,2025-10-08
68535,593,2025-05-27
68536,431,2025-10-10
68537,416,2025-02-21
68538,231,2025-04-15
68539,557,2025-02-12
68540,570,2025-11-20
68541,96,2025-01-09
68542,405,2025-11-22
68543,645,2025-10-31
68544,55,2025-12-13
68545,977,2025-10-07
68546,861,2025-06-17
68547,637,2025-10-24
68548,16,2025-12-27
68549,518,2025-11-22
68550,899,2025-10-14
68551,23,2025-10-07
68552,792,2025-08-27
68553,840,2025-11-22
68554,76,2025-06-07
68555,231,2025-07-02
68556,724,2025-11-04
68557,912,2025-04-06
68558,771,2025-10-06
68559,526,2025-02-10
68560,603,2025-08-02
68561,525,2025-01-13
68562,578,2025-12-30
68563,771,2025-11-04
68564,50,2025-04-02
68565,210,2025-02-24
68566,60,2025-08-23
68567,797,2025-11-26
68568,728,2025-04-28
68569,54,2025-12-17
68570,106,2025-06-17
68571,265,2025-06-11
68572,242,2025-05-04
68573,520,2025-04-09
68574,499,2025-05-03
68575,358,2025-03-05
68576,165,2025-05-18
68577,650,2025-04-16
68578,790,2025-01-21
68579,641,2025-05-13
68580,808,2025-01-15
68581,914,2025-03-08
68582,843,2025-09-22
68583,652,2025-01-10
68584,50,2025-04-24
68585,335,2025-09-07
68586,428,2025-01-08
68587,713,2025-09-27
68588,847,2025-01-30
68589,641,2025-01-21
68590,364,2025-03-13
68591,788,2025-11-11
68592,696,2025-01-18
68593,799,2025-02-06
68594,590,2025-12-12
68595,647,2025-08-11
68596,348,2025-07-27
68597,400,2025-01-15
68598,277,2025-05-24
68599,257,2025-07-30
68600,653,2025-07-14
68601,384,2025-07-10
68602,134,2025-02-11
68603,36,2025-12-27
68604,861,2025-09-14
68605,436,2025-03-30
68606,577,2025-12-20
68607,905,2025-04-21
68608,112,2025-02-17
68609,938,2025-11-22
68610,704,2025-02-25
68611,641,2025-01-23
68612,432,2025-08-18
68613,707,2025-04-07
68614,205,2025-02-25
68615,303,2025-02-07
68616,962,2025-02-16
68617,276,2025-12-17
68618,720,2025-09-02
68619,931,2025-11-04
68620,593,2025-08-14
68621,298,2025-07-18
68622,849,2025-03-21
68623,827,2025-12-20
68624,544,2025-10-28
68625,115,2025-07-12
68626,442,2025-02-08
68627,432,2025-10-05
68628,190,2025-05-02
68629,403,2025-03-18
68630,154,2025-09-27
68631,693,2025-11-02
68632,432,2025-08-13
68633,731,2025-01-27
68634,456,2025-08-08
68635,714,2025-12-02
68636,734,2025-09-08
68637,161,2025-04-07
68638,443,2025-08-24
68639,750,2025-04-01
68640,594,2025-11-16
68641,222,2025-11-05
68642,833,2025-07-27
68643,200,2025-02-19
68644,994,2025-05-27
68645,707,2025-02-14
68646,323,2025-10-07
68647,195,2025-09-06
68648,902,2025-04-05
68649,524,2025-11-09
68650,807,2025-10-05
68651,832,2025-12-08
68652,69,2025-04-13
68653,684,2025-03-05
68654,335,2025-06-25
68655,908,2025-04-07
68656,220,2025-09-27
68657,34,2025-06-05
68658,665,2025-08-18
68659,553,2025-03-04
68660,556,2025-02-01
68661,264,2025-12-09
68662,495,2025-06-12
68663,965,2025-02-20
68664,764,2025-10-24
68665,985,2025-02-18
68666,334,2025-12-30
68667,871,2025-05-21
68668,383,2025-06-20
68669,936,2025-04-05
68670,866,2025-02-01
68671,165,2025-05-30
68672,973,2025-05-14
68673,608,2025-06-13
68674,777,2025-06-28
68675,580,2025-08-19
68676,218,2025-01-27
68677,985,2025-05-13
68678,113,2025-11-12
68679,809,2025-12-14
68680,210,2025-07-16
68681,786,2025-05-14
68682,423,2025-06-01
68683,237,2025-10-13
68684,237,2025-05-25
68685,320,2025-12-11
68686,902,2025-01-11
68687,770,2025-08-10
68688,671,2025-07-09
68689,630,2025-06-14
68690,417,2025-06-23
68691,902,2025-02-27
68692,274,2025-05-07
68693,943,2025-05-09
68694,381,2025-08-29
68695,342,2025-08-07
68696,477,2025-05-31
68697,749,2025-07-08
68698,714,2025-07-28
68699,767,2025-01-18
68700,90,2025-11-20
68701,162,2025-11-22
68702,849,2025-05-13
68703,981,2025-10-05
68704,128,2025-05-26
68705,905,2025-01-25
68706,263,2025-11-13
68707,980,2025-04-08
68708,994,2025-05-11
68709,637,2025-07-30
68710,191,2025-06-10
68711,789,2025-04-08
68712,102,2025-10-20
68713,335,2025-05-10
68714,639,2025-08-05
68715,68,2025-08-31
68716,394,2025-12-07
68717,798,2025-06-24
68718,92,2025-06-21
68719,367,2025-11-30
68720,4,2025-06-24
68721,659,2025-04-19
68722,80,2025-01-16
68723,281,2025-04-29
68724,523,2025-03-14
68725,215,2025-04-22
68726,231,2025-07-17
68727,835,2025-07-11
68728,778,2025-03-10
68729,81,2025-06-19
68730,858,2025-06-15
68731,469,2025-01-16
68732,145,2025-04-14
68733,907,2025-09-21
68734,338,2025-01-08
68735,326,2025-04-20
68736,147,2025-06-23
68737,887,2025-03-02
68738,287,2025-08-24
68739,593,2025-09-19
68740,240,2025-05-04
68741,896,2025-03-26
68742,787,2025-10-11
68743,504,2025-03-20
68744,346,2025-02-23
68745,656,2025-01-13
68746,496,2025-02-03
68747,941,2025-11-15
68748,674,2025-12-08
68749,28,2025-07-19
68750,823,2025-12-03
68751,193,2025-09-16
68752,302,2025-05-29
68753,437,2025-09-18
68754,210,2025-06-03
68755,943,2025-12-18
68756,979,2025-11-07
68757,156,2025-11-05
68758,321,2025-07-13
68759,371,2025-07-09
68760,672,2025-02-12
68761,598,2025-08-27
68762,678,2025-02-11
68763,32,2025-07-17
68764,515,2025-02-17
68765,211,2025-06-23
68766,229,2025-10-12
68767,775,2025-04-23
68768,142,2025-08-08
68769,32,2025-04-05
68770,488,2025-04-20
68771,736,2025-03-08
68772,511,2025-03-01
68773,162,2025-05-16
68774,774,2025-02-15
68775,382,2025-11-22
68776,710,2025-09-28
68777,203,2025-03-22
68778,913,2025-11-20
68779,284,2025-05-14
68780,971,2025-07-13
68781,378,2025-09-13
68782,728,2025-10-10
68783,503,2025-01-03
68784,77,2025-04-14
68785,99,2025-05-03
68786,406,2025-08-02
68787,194,2025-11-15
68788,609,2025-06-09
68789,138,2025-06-19
68790,591,2025-02-02
68791,205,2025-07-12
68792,182,2025-06-27
68793,368,2025-08-21
68794,583,2025-11-06
68795,400,2025-07-27
68796,350,2025-01-19
68797,341,2025-10-26
68798,339,2025-06-24
68799,404,2025-06-27
68800,835,2025-11-15
68801,578,2025-08-04
68802,422,2025-10-16
68803,750,2025-11-18
68804,528,2025-06-30
68805,950,2025-12-25
68806,563,2025-03-04
68807,217,2025-11-15
68808,563,2025-11-06
68809,774,2025-02-06
68810,214,2025-02-25
68811,203,2025-01-14
68812,600,2025-04-12
68813,885,2025-12-28
68814,335,2025-02-15
68815,507,2025-01-13
68816,656,2025-06-17
68817,664,2025-05-10
68818,146,2025-08-18
68819,396,2025-08-10
68820,995,2025-10-29
68821,889,2025-06-01
68822,773,2025-06-18
68823,25,2025-01-09
68824,418,2025-12-21
68825,52,2025-03-19
68826,302,2025-08-06
68827,865,2025-11-18
68828,388,2025-08-09
68829,169,2025-08-17
68830,722,2025-03-05
68831,760,2025-09-16
68832,656,2025-03-11
68833,810,2025-09-10
68834,703,2025-07-30
68835,635,2025-06-28
68836,889,2025-09-21
68837,325,2025-09-20
68838,457,2025-03-16
68839,564,2025-05-18
68840,670,2025-06-26
68841,477,2025-02-25
68842,442,2025-05-11
68843,166,2025-01-16
68844,639,2025-06-10
68845,124,2025-03-17
68846,475,2025-03-23
68847,409,2025-10-26
68848,777,2025-02-21
68849,477,2025-02-14
68850,6,2025-04-27
68851,507,2025-01-09
68852,216,2025-11-14
68853,381,2025-12-27
68854,297,2025-10-21
68855,167,2025-10-19
68856,946,2025-02-07
68857,254,2025-07-22
68858,508,2025-02-02
68859,829,2025-04-20
68860,365,2025-06-29
68861,938,2025-09-06
68862,405,2025-04-12
68863,947,2025-04-04
68864,452,2025-10-28
68865,15,2025-03-23
68866,868,2025-06-27
68867,865,2025-04-15
68868,963,2025-11-08
68869,124,2025-07-15
68870,845,2025-02-09
68871,342,2025-02-24
68872,842,2025-12-21
68873,964,2025-12-10
68874,200,2025-10-07
68875,372,2025-01-29
68876,269,2025-09-25
68877,305,2025-08-30
68878,597,2025-12-10
68879,413,2025-06-27
68880,657,2025-06-21
68881,675,2025-08-19
68882,203,2025-02-24
68883,44,2025-09-30
68884,747,2025-07-01
68885,182,2025-03-10
68886,200,2025-10-25
68887,602,2025-04-07
68888,264,2025-11-10
68889,190,2025-04-10
68890,307,2025-06-28
68891,523,2025-06-09
68892,846,2025-09-25
68893,989,2025-03-09
68894,733,2025-04-01
68895,899,2025-03-12
68896,531,2025-03-26
68897,409,2025-06-15
68898,820,2025-08-02
68899,303,2025-11-12
68900,813,2025-06-03
68901,999,2025-05-30
68902,390,2025-02-28
68903,634,2025-02-06
68904,782,2025-10-05
68905,784,2025-08-19
68906,207,2025-07-14
68907,963,2025-06-12
68908,504,2025-07-09
68909,42,2025-11-05
68910,119,2025-03-11
68911,728,2025-07-02
68912,427,2025-03-30
68913,108,2025-02-08
68914,521,2025-09-10
68915,600,2025-09-15
68916,80,2025-11-07
68917,351,2025-01-08
68918,463,2025-03-06
68919,781,2025-07-29
68920,652,2025-10-24
68921,88,2025-12-10
68922,615,2025-10-15
68923,903,2025-11-27
68924,55,2025-10-25
68925,987,2025-04-26
68926,96,2025-08-01
68927,623,2025-08-20
68928,352,2025-05-09
68929,731,2025-11-20
68930,843,2025-10-09
68931,852,2025-07-08
68932,870,2025-06-25
68933,817,2025-10-17
68934,310,2025-03-22
68935,466,2025-03-21
68936,719,2025-05-27
68937,169,2025-02-16
68938,578,2025-06-17
68939,531,2025-06-07
68940,984,2025-07-04
68941,50,2025-06-18
68942,95,2025-11-24
68943,31,2025-04-11
68944,548,2025-05-31
68945,551,2025-09-27
68946,593,2025-04-14
68947,243,2025-08-28
68948,308,2025-12-18
68949,417,2025-05-18
68950,47,2025-03-30
68951,753,2025-03-11
68952,53,2025-01-05
68953,667,2025-04-14
68954,454,2025-11-07
68955,999,2025-04-03
68956,693,2025-12-15
68957,476,2025-12-14
68958,701,2025-09-06
68959,118,2025-12-25
68960,181,2025-05-29
68961,499,2025-12-16
68962,858,2025-07-18
68963,821,2025-01-30
68964,378,2025-10-31
68965,284,2025-12-13
68966,965,2025-11-20
68967,566,2025-06-02
68968,119,2025-02-07
68969,225,2025-08-02
68970,837,2025-11-13
68971,899,2025-11-03
68972,909,2025-08-14
68973,7,2025-10-15
68974,823,2025-01-12
68975,112,2025-08-16
68976,809,2025-02-09
68977,882,2025-10-01
68978,362,2025-01-17
68979,194,2025-08-06
68980,714,2025-12-13
68981,69,2025-02-10
68982,580,2025-06-05
68983,332,2025-01-15
68984,425,2025-09-19
68985,826,2025-12-04
68986,994,2025-01-01
68987,403,2025-07-19
68988,291,2025-10-17
68989,835,2025-01-10
68990,414,2025-06-25
68991,200,2025-02-17
68992,903,2025-12-04
68993,992,2025-07-05
68994,290,2025-07-10
68995,158,2025-12-30
68996,153,2025-10-15
68997,599,2025-04-25
68998,310,2025-08-18
68999,624,2025-04-19
69000,760,2025-07-09
69001,6,2025-10-24
69002,860,2025-12-13
69003,30,2025-12-14
69004,115,2025-06-30
69005,725,2025-11-23
69006,622,2025-11-22
69007,979,2025-07-19
69008,568,2025-01-14
69009,418,2025-02-13
69010,669,2025-08-28
69011,763,2025-10-31
69012,672,2025-11-29
69013,371,2025-03-30
69014,960,2025-11-25
69015,302,2025-10-29
69016,347,2025-06-27
69017,278,2025-05-17
69018,300,2025-06-22
69019,213,2025-09-04
69020,582,2025-10-23
69021,729,2025-03-04
69022,430,2025-05-03
69023,923,2025-02-13
69024,474,2025-12-09
69025,468,2025-05-29
69026,70,2025-04-02
69027,904,2025-03-16
69028,149,2025-01-28
69029,165,2025-06-22
69030,936,2025-10-09
69031,520,2025-04-28
69032,69,2025-05-28
69033,442,2025-08-21
69034,591,2025-05-10
69035,11,2025-09-27
69036,755,2025-04-28
69037,669,2025-06-12
69038,12,2025-12-24
69039,619,2025-11-02
69040,223,2025-07-28
69041,735,2025-05-24
69042,378,2025-12-29
69043,203,2025-06-18
69044,507,2025-05-06
69045,444,2025-08-06
69046,342,2025-06-01
69047,879,2025-11-21
69048,649,2025-03-19
69049,488,2025-01-19
69050,227,2025-06-07
69051,569,2025-12-13
69052,26,2025-01-23
69053,885,2025-10-22
69054,2,2025-01-01
69055,699,2025-07-23
69056,346,2025-06-15
69057,720,2025-02-28
69058,362,2025-09-30
69059,27,2025-03-05
69060,949,2025-06-09
69061,766,2025-07-23
69062,45,2025-07-09
69063,33,2025-01-12
69064,531,2025-06-12
69065,957,2025-08-27
69066,578,2025-07-12
69067,11,2025-09-24
69068,700,2025-10-11
69069,428,2025-03-07
69070,639,2025-10-21
69071,351,2025-11-23
69072,9,2025-11-02
69073,19,2025-11-07
69074,632,2025-03-19
69075,636,2025-08-26
69076,323,2025-06-17
69077,83,2025-12-26
69078,773,2025-10-31
69079,152,2025-02-28
69080,189,2025-12-10
69081,453,2025-09-12
69082,717,2025-07-18
69083,996,2025-06-12
69084,626,2025-06-29
69085,961,2025-10-09
69086,653,2025-10-07
69087,848,2025-07-21
69088,176,2025-12-28
69089,57,2025-03-26
69090,670,2025-06-05
69091,976,2025-08-07
69092,737,2025-03-02
69093,344,2025-07-02
69094,490,2025-11-01
69095,113,2025-09-04
69096,341,2025-09-17
69097,683,2025-03-01
69098,167,2025-02-22
69099,482,2025-06-11
69100,290,2025-04-29
69101,491,2025-01-04
69102,764,2025-07-21
69103,885,2025-10-03
69104,410,2025-09-24
69105,828,2025-02-07
69106,703,2025-10-12
69107,922,2025-05-19
69108,741,2025-02-26
69109,551,2025-06-22
69110,675,2025-03-21
69111,318,2025-09-03
69112,674,2025-09-29
69113,709,2025-09-22
69114,611,2025-02-12
69115,104,2025-05-08
69116,519,2025-07-01
69117,711,2025-12-26
69118,198,2025-07-19
69119,788,2025-08-27
69120,843,2025-05-04
69121,539,2025-04-18
69122,965,2025-10-18
69123,858,2025-11-01
69124,467,2025-01-21
69125,885,2025-07-16
69126,934,2025-10-11
69127,109,2025-02-27
69128,998,2025-08-24
69129,5,2025-06-22
69130,487,2025-07-05
69131,938,2025-08-05
69132,725,2025-11-15
69133,267,2025-02-01
69134,644,2025-03-15
69135,215,2025-05-06
69136,238,2025-10-20
69137,912,2025-08-05
69138,48,2025-03-10
69139,963,2025-01-09
69140,454,2025-12-28
69141,65,2025-02-20
69142,788,2025-01-12
69143,49,2025-05-29
69144,326,2025-07-21
69145,241,2025-04-05
69146,785,2025-03-03
69147,397,2025-02-01
69148,655,2025-05-29
69149,73,2025-12-14
69150,696,2025-02-24
69151,711,2025-07-29
69152,286,2025-03-12
69153,882,2025-09-03
69154,471,2025-01-23
69155,668,2025-03-16
69156,182,2025-01-03
69157,933,2025-08-25
69158,247,2025-09-20
69159,627,2025-03-04
69160,90,2025-06-15
69161,45,2025-04-18
69162,127,2025-01-17
69163,943,2025-01-14
69164,211,2025-12-09
69165,880,2025-08-25
69166,581,2025-08-31
69167,89,2025-04-18
69168,442,2025-04-07
69169,480,2025-10-18
69170,267,2025-06-10
69171,605,2025-02-07
69172,862,2025-06-28
69173,884,2025-07-10
69174,526,2025-07-28
69175,894,2025-07-15
69176,924,2025-11-09
69177,89,2025-03-31
69178,635,2025-08-04
69179,774,2025-11-21
69180,16,2025-12-24
69181,604,2025-12-19
69182,914,2025-09-23
69183,269,2025-02-08
69184,858,2025-12-27
69185,934,2025-01-12
69186,636,2025-07-21
69187,630,2025-06-13
69188,535,2025-09-05
69189,410,2025-10-13
69190,453,2025-09-27
69191,523,2025-03-24
69192,483,2025-10-03
69193,827,2025-10-04
69194,770,2025-01-09
69195,348,2025-08-21
69196,514,2025-02-16
69197,216,2025-07-25
69198,177,2025-03-25
69199,369,2025-05-11
69200,59,2025-04-10
69201,855,2025-11-11
69202,127,2025-11-27
69203,327,2025-10-19
69204,252,2025-09-21
69205,207,2025-05-13
69206,368,2025-02-22
69207,720,2025-07-27
69208,893,2025-06-05
69209,189,2025-04-14
69210,240,2025-03-30
69211,470,2025-02-28
69212,320,2025-10-30
69213,800,2025-04-28
69214,224,2025-12-01
69215,403,2025-09-02
69216,546,2025-03-01
69217,382,2025-01-23
69218,618,2025-06-02
69219,800,2025-01-30
69220,533,2025-12-14
69221,457,2025-11-28
69222,952,2025-08-28
69223,982,2025-04-17
69224,996,2025-11-13
69225,17,2025-08-25
69226,838,2025-05-11
69227,899,2025-11-18
69228,806,2025-03-18
69229,750,2025-07-27
69230,367,2025-09-10
69231,726,2025-11-28
69232,580,2025-02-20
69233,832,2025-04-15
69234,352,2025-11-03
69235,743,2025-07-02
69236,785,2025-10-03
69237,834,2025-10-10
69238,172,2025-04-22
69239,864,2025-05-01
69240,217,2025-07-02
69241,938,2025-01-11
69242,39,2025-10-19
69243,224,2025-02-12
69244,609,2025-12-08
69245,544,2025-10-12
69246,689,2025-05-09
69247,404,2025-01-27
69248,4,2025-10-16
69249,618,2025-06-13
69250,511,2025-03-12
69251,509,2025-06-06
69252,377,2025-11-26
69253,891,2025-09-09
69254,793,2025-09-08
69255,182,2025-07-07
69256,39,2025-02-25
69257,182,2025-12-13
69258,49,2025-09-28
69259,710,2025-07-08
69260,621,2025-09-22
69261,463,2025-05-13
69262,592,2025-09-28
69263,809,2025-12-20
69264,832,2025-05-06
69265,435,2025-01-04
69266,593,2025-09-28
69267,577,2025-11-08
69268,950,2025-10-29
69269,762,2025-12-22
69270,315,2025-05-07
69271,887,2025-12-02
69272,398,2025-03-17
69273,758,2025-08-03
69274,978,2025-11-21
69275,809,2025-12-01
69276,108,2025-08-15
69277,206,2025-07-19
69278,796,2025-06-18
69279,124,2025-11-13
69280,12,2025-11-18
69281,259,2025-03-29
69282,487,2025-02-19
69283,129,2025-10-25
69284,154,2025-10-23
69285,339,2025-02-06
69286,599,2025-06-29
69287,545,2025-07-04
69288,799,2025-01-16
69289,981,2025-08-31
69290,34,2025-12-22
69291,689,2025-03-19
69292,164,2025-10-11
69293,361,2025-01-30
69294,343,2025-03-20
69295,701,2025-07-26
69296,256,2025-12-04
69297,895,2025-11-20
69298,384,2025-12-08
69299,816,2025-12-27
69300,952,2025-10-20
69301,511,2025-05-13
69302,102,2025-02-16
69303,702,2025-10-28
69304,424,2025-03-10
69305,339,2025-07-10
69306,458,2025-10-03
69307,300,2025-01-13
69308,281,2025-11-30
69309,990,2025-04-21
69310,279,2025-03-20
69311,459,2025-05-16
69312,715,2025-06-18
69313,221,2025-06-15
69314,618,2025-02-26
69315,896,2025-03-11
69316,813,2025-06-24
69317,29,2025-03-24
69318,406,2025-08-23
69319,1,2025-11-25
69320,607,2025-01-07
69321,326,2025-01-14
69322,894,2025-08-23
69323,176,2025-01-11
69324,852,2025-08-22
69325,343,2025-06-28
69326,921,2025-06-16
69327,200,2025-08-10
69328,269,2025-11-23
69329,352,2025-02-16
69330,986,2025-02-19
69331,734,2025-09-12
69332,817,2025-01-19
69333,553,2025-06-06
69334,795,2025-06-30
69335,627,2025-05-23
69336,668,2025-07-14
69337,838,2025-02-11
69338,984,2025-04-08
69339,576,2025-01-02
69340,442,2025-12-17
69341,654,2025-10-31
69342,742,2025-04-03
69343,987,2025-01-14
69344,699,2025-04-09
69345,955,2025-12-15
69346,733,2025-10-24
69347,952,2025-08-29
69348,752,2025-12-03
69349,885,2025-03-06
69350,191,2025-07-15
69351,993,2025-10-17
69352,350,2025-01-07
69353,798,2025-06-08
69354,393,2025-05-10
69355,459,2025-03-06
69356,748,2025-03-23
69357,541,2025-12-20
69358,717,2025-07-06
69359,80,2025-01-30
69360,834,2025-09-07
69361,409,2025-08-04
69362,789,2025-05-24
69363,286,2025-05-25
69364,597,2025-07-16
69365,589,2025-12-06
69366,140,2025-10-05
69367,475,2025-05-27
69368,636,2025-03-31
69369,837,2025-02-09
69370,888,2025-03-13
69371,385,2025-02-20
69372,644,2025-10-22
69373,175,2025-07-30
69374,896,2025-01-14
69375,869,2025-12-05
69376,1000,2025-02-24
69377,487,2025-08-24
69378,360,2025-01-05
69379,758,2025-08-03
69380,724,2025-07-22
69381,213,2025-11-28
69382,540,2025-08-08
69383,644,2025-06-28
69384,455,2025-07-13
69385,372,2025-08-20
69386,240,2025-06-01
69387,412,2025-09-18
69388,246,2025-07-13
69389,301,2025-12-20
69390,185,2025-03-12
69391,377,2025-09-24
69392,632,2025-10-29
69393,378,2025-09-20
69394,143,2025-12-24
69395,802,2025-06-08
69396,432,2025-07-17
69397,584,2025-02-26
69398,524,2025-05-17
69399,507,2025-02-28
69400,439,2025-10-17
69401,756,2025-10-13
69402,855,2025-03-12
69403,904,2025-10-21
69404,444,2025-04-28
69405,341,2025-09-24
69406,83,2025-12-10
69407,443,2025-10-30
69408,993,2025-03-09
69409,261,2025-03-07
69410,845,2025-02-10
69411,757,2025-11-04
69412,661,2025-07-19
69413,566,2025-02-26
69414,757,2025-08-03
69415,99,2025-07-13
69416,129,2025-08-06
69417,196,2025-08-20
69418,766,2025-03-02
69419,433,2025-05-22
69420,208,2025-09-21
69421,45,2025-11-28
69422,489,2025-03-30
69423,399,2025-07-28
69424,178,2025-12-13
69425,24,2025-08-08
69426,754,2025-03-25
69427,780,2025-08-02
69428,246,2025-01-07
69429,494,2025-06-28
69430,254,2025-07-27
69431,409,2025-01-21
69432,110,2025-03-16
69433,947,2025-12-27
69434,721,2025-08-18
69435,902,2025-06-17
69436,296,2025-03-25
69437,873,2025-02-15
69438,519,2025-06-06
69439,199,2025-07-19
69440,333,2025-03-07
69441,812,2025-10-20
69442,775,2025-06-06
69443,721,2025-01-21
69444,227,2025-02-19
69445,648,2025-11-11
69446,941,2025-05-04
69447,49,2025-05-17
69448,322,2025-03-14
69449,81,2025-10-22
69450,104,2025-10-25
69451,998,2025-03-30
69452,241,2025-09-24
69453,180,2025-06-15
69454,74,2025-03-02
69455,982,2025-10-18
69456,469,2025-01-31
69457,792,2025-11-16
69458,251,2025-01-10
69459,641,2025-04-28
69460,887,2025-03-24
69461,672,2025-03-27
69462,518,2025-06-25
69463,211,2025-10-02
69464,234,2025-05-26
69465,597,2025-07-08
69466,452,2025-12-21
69467,47,2025-07-01
69468,196,2025-10-17
69469,433,2025-05-21
69470,179,2025-01-29
69471,554,2025-04-04
69472,301,2025-02-28
69473,292,2025-11-28
69474,109,2025-01-10
69475,504,2025-10-28
69476,189,2025-02-20
69477,631,2025-02-24
69478,939,2025-07-13
69479,913,2025-01-30
69480,667,2025-01-29
69481,808,2025-10-11
69482,922,2025-01-22
69483,682,2025-08-06
69484,257,2025-02-13
69485,501,2025-02-01
69486,858,2025-09-02
69487,668,2025-05-24
69488,363,2025-01-08
69489,169,2025-09-06
69490,145,2025-12-20
69491,378,2025-07-24
69492,805,2025-05-19
69493,553,2025-11-04
69494,60,2025-05-03
69495,919,2025-08-12
69496,405,2025-06-23
69497,391,2025-09-23
69498,820,2025-07-09
69499,377,2025-06-25
69500,618,2025-06-03
69501,922,2025-04-18
69502,519,2025-06-27
69503,615,2025-01-23
69504,354,2025-05-05
69505,891,2025-01-28
69506,76,2025-04-28
69507,277,2025-05-09
69508,991,2025-01-10
69509,485,2025-04-19
69510,175,2025-09-03
69511,414,2025-12-21
69512,256,2025-08-14
69513,526,2025-09-17
69514,236,2025-09-02
69515,400,2025-12-11
69516,908,2025-12-10
69517,83,2025-02-11
69518,764,2025-06-22
69519,79,2025-11-28
69520,458,2025-11-18
69521,669,2025-07-15
69522,956,2025-06-12
69523,251,2025-01-22
69524,53,2025-06-24
69525,751,2025-07-04
69526,894,2025-08-20
69527,566,2025-07-10
69528,61,2025-03-20
69529,501,2025-12-20
69530,392,2025-03-21
69531,452,2025-05-20
69532,55,2025-07-06
69533,318,2025-04-18
69534,999,2025-01-26
69535,46,2025-08-12
69536,915,2025-03-28
69537,518,2025-11-17
69538,585,2025-10-17
69539,934,2025-06-06
69540,218,2025-06-19
69541,985,2025-12-13
69542,277,2025-01-10
69543,350,2025-05-19
69544,450,2025-01-23
69545,602,2025-02-20
69546,323,2025-12-02
69547,794,2025-02-07
69548,22,2025-12-16
69549,667,2025-10-14
69550,657,2025-08-23
69551,535,2025-09-28
69552,614,2025-03-09
69553,748,2025-02-12
69554,905,2025-05-15
69555,219,2025-10-07
69556,477,2025-04-22
69557,563,2025-03-06
69558,345,2025-10-14
69559,974,2025-08-20
69560,512,2025-07-16
69561,593,2025-05-31
69562,195,2025-10-12
69563,416,2025-09-26
69564,626,2025-05-12
69565,429,2025-02-17
69566,771,2025-11-14
69567,137,2025-02-19
69568,154,2025-06-06
69569,339,2025-11-24
69570,319,2025-06-02
69571,816,2025-10-31
69572,868,2025-06-28
69573,472,2025-09-29
69574,506,2025-08-05
69575,295,2025-04-13
69576,532,2025-11-23
69577,707,2025-06-20
69578,723,2025-06-17
69579,969,2025-08-29
69580,578,2025-12-06
69581,341,2025-11-15
69582,70,2025-05-24
69583,688,2025-03-26
69584,804,2025-04-29
69585,553,2025-04-06
69586,923,2025-04-18
69587,317,2025-06-07
69588,54,2025-01-08
69589,634,2025-07-14
69590,122,2025-11-06
69591,85,2025-06-07
69592,702,2025-01-29
69593,435,2025-05-23
69594,605,2025-05-03
69595,748,2025-08-05
69596,383,2025-04-02
69597,612,2025-04-20
69598,540,2025-09-29
69599,581,2025-03-06
69600,704,2025-12-07
69601,381,2025-04-19
69602,505,2025-10-26
69603,592,2025-01-30
69604,141,2025-04-27
69605,212,2025-05-18
69606,90,2025-06-16
69607,199,2025-02-03
69608,439,2025-04-01
69609,938,2025-11-17
69610,923,2025-12-04
69611,763,2025-06-10
69612,558,2025-02-13
69613,203,2025-04-11
69614,359,2025-12-14
69615,767,2025-12-02
69616,909,2025-10-24
69617,963,2025-11-11
69618,389,2025-09-17
69619,487,2025-08-16
69620,510,2025-10-10
69621,57,2025-08-24
69622,117,2025-05-04
69623,46,2025-08-23
69624,738,2025-04-18
69625,225,2025-08-17
69626,701,2025-05-20
69627,376,2025-06-27
69628,795,2025-03-08
69629,116,2025-12-16
69630,326,2025-09-30
69631,205,2025-02-09
69632,437,2025-06-23
69633,562,2025-06-15
69634,169,2025-11-20
69635,667,2025-10-03
69636,965,2025-11-17
69637,44,2025-06-20
69638,87,2025-02-26
69639,953,2025-09-21
69640,650,2025-03-21
69641,920,2025-08-21
69642,706,2025-05-30
69643,718,2025-05-08
69644,158,2025-02-13
69645,512,2025-10-20
69646,366,2025-09-09
69647,834,2025-05-05
69648,44,2025-09-27
69649,19,2025-12-27
69650,557,2025-09-21
69651,971,2025-12-13
69652,995,2025-06-21
69653,594,2025-05-18
69654,430,2025-11-04
69655,273,2025-08-30
69656,991,2025-08-10
69657,184,2025-08-23
69658,127,2025-12-29
69659,509,2025-09-08
69660,393,2025-10-25
69661,496,2025-01-14
69662,902,2025-09-21
69663,270,2025-04-26
69664,877,2025-02-15
69665,212,2025-04-11
69666,324,2025-10-31
69667,5,2025-10-26
69668,679,2025-04-22
69669,859,2025-03-12
69670,887,2025-06-02
69671,168,2025-05-02
69672,767,2025-06-18
69673,142,2025-10-14
69674,629,2025-05-01
69675,703,2025-03-05
69676,153,2025-02-09
69677,111,2025-09-08
69678,74,2025-03-14
69679,709,2025-03-22
69680,615,2025-10-21
69681,120,2025-02-03
69682,501,2025-08-27
69683,796,2025-01-05
69684,239,2025-12-11
69685,606,2025-09-18
69686,293,2025-10-27
69687,262,2025-09-01
69688,393,2025-05-27
69689,353,2025-12-30
69690,496,2025-10-14
69691,206,2025-02-02
69692,391,2025-07-30
69693,623,2025-07-18
69694,388,2025-04-15
69695,657,2025-06-16
69696,116,2025-12-22
69697,138,2025-02-01
69698,866,2025-12-05
69699,462,2025-09-13
69700,610,2025-02-10
69701,740,2025-04-22
69702,147,2025-11-03
69703,973,2025-09-14
69704,424,2025-01-29
69705,890,2025-02-23
69706,417,2025-12-06
69707,406,2025-02-27
69708,601,2025-08-16
69709,191,2025-12-30
69710,609,2025-03-02
69711,984,2025-01-17
69712,646,2025-10-26
69713,71,2025-12-13
69714,698,2025-07-08
69715,34,2025-03-27
69716,104,2025-01-22
69717,285,2025-11-29
69718,305,2025-10-19
69719,4,2025-11-24
69720,18,2025-10-15
69721,790,2025-06-08
69722,455,2025-06-25
69723,200,2025-05-20
69724,430,2025-09-24
69725,693,2025-02-06
69726,735,2025-01-15
69727,289,2025-12-17
69728,168,2025-04-27
69729,960,2025-01-13
69730,632,2025-09-03
69731,983,2025-05-26
69732,307,2025-03-26
69733,112,2025-06-08
69734,382,2025-06-14
69735,328,2025-08-12
69736,720,2025-12-07
69737,717,2025-11-18
69738,72,2025-10-29
69739,588,2025-06-29
69740,343,2025-07-23
69741,615,2025-02-18
69742,392,2025-07-30
69743,538,2025-09-03
69744,716,2025-11-20
69745,294,2025-01-17
69746,200,2025-11-12
69747,706,2025-07-09
69748,948,2025-02-02
69749,445,2025-12-30
69750,998,2025-06-19
69751,185,2025-05-31
69752,819,2025-03-11
69753,989,2025-01-27
69754,300,2025-01-31
69755,148,2025-04-08
69756,664,2025-04-17
69757,870,2025-06-19
69758,84,2025-08-11
69759,641,2025-12-29
69760,872,2025-10-17
69761,33,2025-06-27
69762,516,2025-11-30
69763,77,2025-07-23
69764,177,2025-06-04
69765,487,2025-03-21
69766,328,2025-06-04
69767,86,2025-01-15
69768,801,2025-02-25
69769,203,2025-12-11
69770,871,2025-03-13
69771,177,2025-07-26
69772,520,2025-02-07
69773,728,2025-08-08
69774,481,2025-12-23
69775,418,2025-06-17
69776,751,2025-02-16
69777,12,2025-01-09
69778,827,2025-10-04
69779,690,2025-02-07
69780,765,2025-04-26
69781,421,2025-11-04
69782,385,2025-07-16
69783,572,2025-11-15
69784,642,2025-11-15
69785,926,2025-08-30
69786,858,2025-12-08
69787,54,2025-01-14
69788,152,2025-03-29
69789,947,2025-04-12
69790,389,2025-11-29
69791,581,2025-08-15
69792,57,2025-04-02
69793,105,2025-03-18
69794,409,2025-10-21
69795,718,2025-11-10
69796,773,2025-01-06
69797,895,2025-05-14
69798,198,2025-07-15
69799,202,2025-03-27
69800,542,2025-09-22
69801,547,2025-10-04
69802,37,2025-11-03
69803,448,2025-10-14
69804,898,2025-11-04
69805,164,2025-05-14
69806,821,2025-04-20
69807,448,2025-04-26
69808,525,2025-11-08
69809,642,2025-08-25
69810,706,2025-04-29
69811,638,2025-09-21
69812,104,2025-03-27
69813,296,2025-04-08
69814,846,2025-01-01
69815,41,2025-12-19
69816,716,2025-03-28
69817,521,2025-10-02
69818,120,2025-02-13
69819,123,2025-01-14
69820,981,2025-09-04
69821,32,2025-02-05
69822,23,2025-02-22
69823,17,2025-05-01
69824,629,2025-08-02
69825,927,2025-01-07
69826,172,2025-02-16
69827,796,2025-05-04
69828,720,2025-09-15
69829,230,2025-02-05
69830,71,2025-04-15
69831,488,2025-03-12
69832,82,2025-04-23
69833,114,2025-04-05
69834,467,2025-08-22
69835,816,2025-01-25
69836,995,2025-12-09
69837,628,2025-03-31
69838,277,2025-12-28
69839,329,2025-09-24
69840,613,2025-05-11
69841,174,2025-04-21
69842,519,2025-12-12
69843,769,2025-12-30
69844,843,2025-08-12
69845,60,2025-01-18
69846,289,2025-11-27
69847,255,2025-06-24
69848,555,2025-01-11
69849,186,2025-10-20
69850,951,2025-01-13
69851,918,2025-05-16
69852,333,2025-01-28
69853,408,2025-06-09
69854,440,2025-10-21
69855,43,2025-02-17
69856,889,2025-02-20
69857,780,2025-12-16
69858,333,2025-03-06
69859,548,2025-02-11
69860,381,2025-08-02
69861,229,2025-04-11
69862,305,2025-12-16
69863,108,2025-03-01
69864,810,2025-07-26
69865,655,2025-12-03
69866,931,2025-09-25
69867,7,2025-01-11
69868,632,2025-03-10
69869,561,2025-02-15
69870,624,2025-11-30
69871,990,2025-03-15
69872,391,2025-01-21
69873,142,2025-05-20
69874,13,2025-04-14
69875,493,2025-03-01
69876,174,2025-06-15
69877,142,2025-11-25
69878,148,2025-03-24
69879,277,2025-12-25
69880,116,2025-08-31
69881,486,2025-05-20
69882,655,2025-09-05
69883,290,2025-05-08
69884,137,2025-03-19
69885,573,2025-03-27
69886,86,2025-01-04
69887,738,2025-08-25
69888,383,2025-01-28
69889,410,2025-03-14
69890,250,2025-01-01
69891,283,2025-01-24
69892,146,2025-11-27
69893,559,2025-01-09
69894,147,2025-08-15
69895,681,2025-04-30
69896,257,2025-02-20
69897,566,2025-04-20
69898,537,2025-02-03
69899,634,2025-04-25
69900,759,2025-10-26
69901,561,2025-08-15
69902,853,2025-10-24
69903,260,2025-09-12
69904,752,2025-12-05
69905,343,2025-02-09
69906,629,2025-02-28
69907,492,2025-05-31
69908,908,2025-07-10
69909,272,2025-10-14
69910,520,2025-02-14
69911,165,2025-02-10
69912,634,2025-10-18
69913,37,2025-07-20
69914,412,2025-05-31
69915,10,2025-03-23
69916,328,2025-09-11
69917,485,2025-10-20
69918,332,2025-01-12
69919,386,2025-01-20
69920,149,2025-10-11
69921,715,2025-11-19
69922,797,2025-03-25
69923,455,2025-09-15
69924,56,2025-11-04
69925,63,2025-02-11
69926,675,2025-03-09
69927,929,2025-02-17
69928,865,2025-10-16
69929,406,2025-10-09
69930,498,2025-02-18
69931,164,2025-03-05
69932,71,2025-08-31
69933,766,2025-11-24
69934,429,2025-10-12
69935,497,2025-03-03
69936,344,2025-05-21
69937,314,2025-01-25
69938,986,2025-03-31
69939,817,2025-07-25
69940,692,2025-05-06
69941,390,2025-08-10
69942,722,2025-04-19
69943,340,2025-07-25
69944,516,2025-08-20
69945,146,2025-03-13
69946,710,2025-01-17
69947,61,2025-05-04
69948,723,2025-01-16
69949,604,2025-02-28
69950,67,2025-04-16
69951,507,2025-05-04
69952,223,2025-04-12
69953,477,2025-01-20
69954,13,2025-03-06
69955,722,2025-11-19
69956,510,2025-09-19
69957,363,2025-06-12
69958,876,2025-01-09
69959,645,2025-05-11
69960,610,2025-12-04
69961,148,2025-10-23
69962,501,2025-10-04
69963,701,2025-04-01
69964,926,2025-05-28
69965,605,2025-01-11
69966,173,2025-11-10
69967,678,2025-02-11
69968,75,2025-08-14
69969,313,2025-04-13
69970,918,2025-07-28
69971,802,2025-10-29
69972,903,2025-04-25
69973,353,2025-01-07
69974,683,2025-08-31
69975,701,2025-07-14
69976,246,2025-02-20
69977,943,2025-01-18
69978,970,2025-07-11
69979,111,2025-08-12
69980,766,2025-02-12
69981,448,2025-08-07
69982,674,2025-06-12
69983,555,2025-02-20
69984,223,2025-08-13
69985,96,2025-08-24
69986,514,2025-02-26
69987,838,2025-09-03
69988,823,2025-03-23
69989,275,2025-08-06
69990,861,2025-10-24
69991,356,2025-12-09
69992,562,2025-04-04
69993,325,2025-05-04
69994,523,2025-02-04
69995,530,2025-12-20
69996,698,2025-05-01
69997,472,2025-10-20
69998,529,2025-12-08
69999,652,2025-06-23
70000,418,2025-09-11
